"incr_cost","incr_qaly","icer"
198272.907887289,0.255077925880965,777303.277821914
173407.713340993,0.148243219624619,1169751.3976025
186960.687780995,0.189786420148476,985110.987576081
184729.843187037,0.106376885637738,1736559.98744057
177555.618672601,0.240136784238808,739393.671966672
188698.620895746,0.0602592649410512,3131445.7798372
210731.737611249,0.262256599084013,803532.640731539
203261.2884512,0.0846310328601712,2401734.70158436
183684.932962387,0.20122321223405,912841.669323601
165988.554776425,0.134560874166762,1233557.34573123
194928.158308786,0.305032205246815,639041.238780217
179796.174098435,0.0702785624405994,2558335.96838868
197006.991806365,0.237299795233956,830202.957453604
195118.300274826,0.173554916990982,1124245.30320259
207580.152669544,0.111523041170703,1861320.76825102
187974.504971074,0.0668832239152659,2810488.10101047
176465.86026853,0.190414508268173,926745.876002276
210503.316979243,0.148349558440828,1418968.27460532
221706.996526416,0.31608475849863,701416.283339639
176145.603969803,0.121429905796875,1450594.91575704
194417.774187756,0.270582801074102,718514.899749718
171839.516959665,0.490024262181001,350675.528176587
184204.453968075,0.159223136213383,1156895.02385642
196433.959511856,0.186001963083972,1056085.41036298
196901.650697498,0.206596456901399,953073.705380494
174836.680006863,0.156657285967261,1116045.63380092
198999.080159324,0.209542862356084,949681.978769373
196991.784016763,0.245785265839362,801479.22351664
182293.625904359,0.210765759022589,864911.011872767
191951.526663672,0.105734100651369,1815417.40537031
181698.049557377,0.245419273374437,740357.703203531
194632.497008218,0.284533932722733,684039.668470333
203466.203721181,0.326218672168598,623711.090381806
195322.739417358,0.252855260823281,772468.560794025
189980.973991331,0.174923028329167,1086083.2664858
195753.104081928,0.143066365416822,1368267.82110249
158569.210778524,0.231097313352256,686157.742287642
189380.68161111,0.250924342796162,754732.20135104
182461.66079999,0.283325146432337,644000.940606819
173546.930709767,0.199173534729146,871335.295353229
178050.776900682,0.162540051365954,1095427.09876353
202176.88289085,0.47174490499651,428572.477941962
166461.777187787,0.0918696608480194,1811934.16467669
164321.017017112,0.227666054409719,721763.362760228
202395.583518932,0.145873501197333,1387473.26867226
186058.755299654,0.45484997092538,409055.22082616
186621.904381254,0.0746315228743765,2500577.46637952
178166.721715052,0.144511030533604,1232893.57952244
202227.931260893,0.19112155739709,1058111.5705369
177060.345991778,0.257664099109949,687175.072520382
182118.011730218,0.0921821914369161,1975631.18094071
175446.689498763,0.0377403887967157,4648778.00925121
187389.717305752,0.252728989244177,741465.068436227
171728.652840885,0.185629358881726,925115.799975918
171009.372920186,0.218950832279831,781040.067943777
162074.933213389,0.101345553054462,1599230.83281505
156769.723323365,0.29967246817354,523136.891015894
177775.530617833,0.135903341511068,1308102.71948578
178161.691907145,0.313705308674466,567926.926898213
175953.792745067,0.208530091621812,843781.304542728
183873.360889213,0.232763738376316,789957.070512157
188811.110112586,0.141430831784133,1335006.71480721
212665.875190975,0.215625043404465,986276.324091265
208691.947991074,0.059042961971715,3534577.89077468
178959.407686315,0.159806919112678,1119847.68043825
192670.981638119,0.0810381229146449,2377535.0996352
189315.251100731,0.208346207970233,908657.051861384
198771.267375641,0.315681048896018,629658.536902273
201536.734537237,0.204558761100996,985226.608982702
196701.98985003,0.199737338125773,984803.300653619
173833.372328349,0.0788778254402731,2203830.68825822
166480.397890558,0.0886077681031009,1878846.53292302
170422.576077547,0.103687084042416,1643623.96388572
187810.426524211,0.159328939690345,1178759.03077758
224167.840531422,0.379064492292753,591371.24444327
213707.824044791,0.331022969786923,645598.171578103
177188.867280043,0.152732745883922,1160123.62807061
183731.091098409,0.315539005384523,582276.95455435
179345.237979722,0.299837124275635,598142.202747559
179471.832448247,0.204488338144204,877662.92237988
223718.437329176,0.22325663116388,1002068.49921048
181980.443406887,0.268986709147717,676540.651333631
190491.479535596,0.171722785094725,1109296.47123134
196954.124934517,0.216348829859594,910354.472738939
186108.943261248,0.290259074474951,641182.170093734
199140.739196382,0.208593803763157,954681.949337726
187669.714175899,0.276667041992891,678323.347891654
180351.139656781,0.226153590478839,797471.927263769
187340.803917883,0.115014089475331,1628850.90663666
199044.275611451,0.146337710181262,1360170.76777341
185872.707349103,0.194139450650752,957418.529443972
202455.260417402,0.195785676265792,1034065.74106349
192822.937427427,0.0748900290192982,2574747.79957342
178845.160325838,0.216116976226654,827538.694314664
178346.279023927,0.332922991171395,535698.295862394
161568.721673874,0.318312277104673,507579.296480432
196966.08599386,0.245250208990333,803123.009781508
193312.880487535,0.269740029342433,716663.674126491
178348.075066594,0.132655469453945,1344445.69681698
200153.218854182,0.255447888057381,783538.358356763
207133.730861567,0.26545291575561,780303.091687511
200849.139067083,0.125500827762915,1600380.99068565
204173.461244022,0.166788236327038,1224147.85203243
169644.108892555,0.0688262796633189,2464815.90640104
190462.789753741,0.210429532298808,905114.35193082
175525.363913589,0.0620315402782963,2829614.79154181
189295.21619428,0.310485876905132,609674.160000903
190163.424114413,0.234847471052636,809731.623943234
195560.933454862,0.160118027269347,1221354.87671163
205750.58862076,0.0736030088289629,2795410.02323531
167760.439098412,0.153514109965448,1092801.43132231
206185.289046799,0.279920732096965,736584.559143606
199802.630317197,0.170667034235596,1170716.01561542
191268.172562887,0.264895886672031,722050.368413975
203482.812322427,0.313270736494587,649542.994661244
203496.55286149,0.222494304279459,914614.661802274
183632.34410559,0.177742018258842,1033139.74885876
194758.963787926,0.117563328668672,1656630.22639325
178211.897743257,0.266926471678495,667644.151674504
192117.277749844,-0.063604682073643,-3020489.55338549
162318.124938151,0.0397942759160425,4078931.48453331
202676.738686008,0.181208442257765,1118472.93735744
198862.653144962,0.0359596488899656,5530161.1468307
175417.146818627,0.208159126639755,842706.969664647
176442.507270872,0.0776569070640731,2272077.44863303
188814.121609898,0.282513620818483,668336.348041825
198588.740816954,0.258678237283233,767705.63655695
215615.480809878,0.248890020408022,866308.261200691
203357.281628752,0.245094186524711,829710.75125133
193795.465317116,0.192469806651806,1006887.6188342
195638.032874058,0.121567182648257,1609299.71898845
187302.253326702,0.209055616277619,895944.613504052
161228.250304415,0.185467473475425,869307.416999879
160105.019447079,0.110718228972705,1446058.3494932
212967.361981306,0.194677301902405,1093950.65526473
199382.102004188,0.300270003445672,664009.390602556
195325.66568764,0.140364051090058,1391564.75016754
200327.924187608,0.255313582692242,784634.808987369
178225.361606933,0.0733431812128286,2430019.51455794
178555.409191665,-0.0336047813123351,-5313392.98215053
201419.535689449,0.126041055362379,1598047.04197653
186465.831348195,0.322106196907352,578895.510668579
175096.427913947,0.211518125731938,827808.147921334
186195.164268978,0.158450234646722,1175101.85254137
174878.235660163,0.219315989555657,797380.236682575
200123.481303846,0.0410235989681988,4878252.67254051
185269.323645156,0.28596154721563,647881.94583887
191097.268439694,0.231483235432551,825533.944532132
208046.292817869,0.0820376787119165,2535984.63638208
180823.447616188,0.103841173769017,1741346.33742111
176718.168361129,0.322857518786923,547356.521307337
187640.606426061,0.231753695232542,809655.294763616
194021.334422259,0.175708305087861,1104224.03952528
198514.630231868,0.07870417142924,2522288.5474418
181452.155637005,0.158871938170403,1142128.41944676
150115.979013053,0.162902072235151,921510.555104288
173387.309614668,0.17198543758207,1008151.1089096
187996.883693245,0.00399064729714205,47109370.9102984
177274.961277299,0.38159941565684,464557.737784161
187574.857449973,0.161909181467055,1158518.96569646
182424.214891681,0.250701887539663,727653.934647063
185845.052778483,0.180261560840993,1030974.39027733
180312.114429684,0.0928549481145257,1941868.66818653
202227.356082457,0.250293036970711,807962.372944964
166178.519777003,0.116464145033802,1426864.20553529
195049.337157937,0.164406096278585,1186387.49762312
179441.925650137,0.105240169043483,1705070.67102861
175072.460584432,0.0266354622140629,6572908.67255904
198090.570969412,0.1142169640632,1734335.81074526
184586.048062663,0.0515605202505222,3579988.0832427
199407.518062917,0.140000033164709,1424339.07732233
172240.54988995,0.0608306348283183,2831477.10649516
189505.930190319,0.379448600344554,499424.507082752
194346.836298404,0.144986459677542,1340448.18206226
198221.955127312,0.143188498877733,1384342.71384165
174252.64136465,0.22363573761314,779180.658800086
203138.187492788,0.255086648403885,796349.74532714
191699.516781244,0.290639651079168,659577.989683956
172928.984323407,0.0273596594800068,6320582.47836658
183069.282196292,0.132639717497982,1380199.57859965
185314.128419133,0.0738286661604259,2510056.56822317
184282.360859052,0.186006192952903,990732.394085997
175591.94275729,0.334614331041518,524759.182342081
195035.879180374,0.090748807366604,2149183.93794945
183801.299766571,0.160548291272316,1144834.97961878
203466.360975479,0.0969631245339775,2098389.07268485
194173.213748199,0.331419139221913,585884.129094258
189823.803180537,-0.0310526810999763,-6112960.18431987
197223.673341799,0.191781313071759,1028377.94873166
215467.204424277,0.203725316397796,1057635.8806755
185625.022890322,0.219533667711914,845542.393679272
200570.891520545,0.213142383550571,941018.337973858
186631.370685135,0.217081252263132,859730.486808289
190697.82681066,0.226625212105539,841467.835987515
174649.396751784,0.288967467837833,604391.207282186
165922.304924718,0.077700195594163,2135416.82431985
184706.269307484,0.210331203205426,878168.652546933
198657.39029381,0.233481462818379,850848.662226951
213562.256135625,0.318299014308025,670948.531210203
173713.572917148,0.267277407776579,649937.360445959
215194.117175681,0.364477246512174,590418.521965247
181451.83012487,0.16128967236972,1125005.8820191
197997.083307934,0.0964094333670921,2053710.68362194
199043.045477141,0.173499937034796,1147222.58047403
187547.744091671,0.161043916584405,1164575.15483595
200872.186726988,0.221062274015981,908667.874792904
195186.124112754,0.164934635752427,1183415.01299785
191537.104624305,0.215000651715564,890867.553637465
208555.849291639,0.262293779052807,795123.125088115
190242.263022612,0.240208607739204,791987.701078386
186559.799123051,0.312591678292969,596816.268884171
175144.007392337,0.142983041017918,1224928.53799625
188305.133314219,0.393652208013472,478354.06351328
174149.344650531,0.295994974032506,588352.370575745
193850.303724455,0.109141346365172,1776139.93395187
195759.29915458,0.0602657137610951,3248269.81939693
178160.1667585,0.471084996001904,378191.129563762
169913.353566448,0.199608311925413,851233.858587708
206314.232298577,0.361794301211403,570252.85254016
180088.684344755,0.159988363489307,1125636.14263603
192408.497626924,0.217230136546753,885735.748665391
164894.229216888,0.0566144684231551,2912581.07352372
197100.71363662,0.119813862647512,1645057.66929894
183291.899941083,0.142063886029063,1290207.56129102
148299.325393895,-0.0763181524152244,-1943172.37381537
173957.868994589,0.100001411084837,1739554.14336114
192575.574908266,0.177753420495107,1083386.04327204
164148.085727294,0.106564761537146,1540359.90283783
225684.078254901,0.171480800587423,1316089.48338123
175474.823771405,0.129890367069726,1350945.62999586
195916.433071677,0.145175123213079,1349517.93899374
203338.590293277,0.186510090518981,1090228.36098288
182270.25716835,0.272112668431263,669833.779585284
198064.907865092,0.1305658905136,1516972.82564363
210761.265453424,0.108639879971521,1939999.0639595
185876.974378956,0.211914808586151,877130.652732986
194017.352070399,0.169924859292904,1141783.21452052
158719.419429185,0.236906948709278,669965.234426108
203916.804560672,0.348340927865657,585394.331381339
185355.251102956,0.223553604502847,829131.122779973
175708.30762651,0.141409705434513,1242547.72391051
174164.649328669,0.166331688528537,1047092.41437652
192855.859544566,0.0289296193124694,6666380.82795098
194770.644542431,0.385137863758369,505716.687115002
193977.427627337,0.101808103242261,1905324.05034353
207918.483106405,0.421374965800842,493428.65614061
185278.110845141,0.192122506109079,964374.83872893
200346.600626972,0.20792448288201,963554.64181032
209871.766458413,0.232728731621555,901787.093480533
192186.814839879,0.163303023941387,1176872.35791089
226105.652748426,0.242164363551727,933686.730087889
195289.019870328,0.200595816700761,973544.828014289
168511.944736912,0.16773792841407,1004614.43830958
169306.226759096,0.201636761103931,839659.523552001
197284.967923296,0.171998648936796,1147014.63728237
178019.888678444,0.284455857206036,625826.061122382
191617.993455306,0.232722113765051,823376.817764545
195123.311421309,0.261642379827629,745763.402510928
195546.857174507,0.0127595248386403,15325559.5053448
202373.256552336,0.364238715305419,555606.112278986
197284.645486229,0.248514587586583,793855.392563202
176233.673732213,0.304919006113277,577968.805482536
208309.661215001,0.183031147890901,1138110.44521869
207602.208456346,0.301237073869479,689165.532614013
159795.77638459,0.134622233530323,1186993.9473898
176685.95098993,0.376128333682789,469749.112649779
179678.74993758,0.195677955195585,918237.058221434
192893.519314608,0.233307714583373,826777.287065137
181550.810402114,0.183346749460566,990204.685582175
181038.516732888,0.196233167552475,922568.386327845
188556.186242661,0.142546648578161,1322768.28759866
196501.570532654,0.23650253047215,830864.558363757
188904.714569086,0.271600960724938,695522.998390266
212174.847982831,0.186951047986678,1134921.95025273
207694.639858054,0.275666533500844,753427.110721143
199130.032946986,0.303773888236065,655520.57190722
174635.599955773,0.195760940532419,892086.028401832
183917.205872077,0.316937089721508,580295.62281172
210147.085109803,0.21112655557769,995360.742445653
172661.805321659,0.136959203259853,1260680.56189015
165709.191567412,0.216147120614379,766650.007163629
221692.381546003,0.260234673419679,851894.094790669
183799.273264051,0.0212880582923614,8633914.41059716
194054.769024057,0.0722779610247575,2684840.1127086
197316.382540281,0.154713811901022,1275363.71908744
180238.914809094,0.219561237008739,820904.988806927
195395.296522925,0.0932565607663175,2095244.50523697
198321.810373666,0.128254458945531,1546315.13012653
218829.51405628,0.197196059580997,1109705.30811442
186989.252100946,-0.218983586883831,-853896.197253095
203470.916172933,0.330509691351332,615627.685049158
196309.450567976,0.16501544676718,1189642.87534214
192462.733642881,0.153120028874141,1256940.29094704
196209.679167276,0.0287361885179723,6827964.64272087
177966.27528862,0.140250377771253,1268918.33103566
191916.966334506,0.199952328554761,959813.610182317
184878.248296108,0.159838100505823,1156659.44296787
189734.504553061,0.0629827592470976,3012483.20685163
183642.900375896,0.178326787973681,1029811.07024145
202427.477926019,0.206339010497261,981043.174716135
182252.657298242,0.155223475817296,1174130.75785495
176893.530886558,0.149426557577362,1183815.8741961
205399.36255929,0.232054647870033,885133.585750576
184879.658183513,0.0698642252693776,2646270.7840911
188384.382216744,0.239112154195501,787849.462736717
192157.699973363,0.137164164589576,1400932.23728179
193998.614850379,0.174866489454883,1109409.9015491
198198.58139775,0.146473856496928,1353132.81248867
179287.808003137,0.189309234688475,947063.191598501
154929.06783233,0.136233020546977,1137235.79797533
166753.472853435,0.170454853019622,978285.275540025
190233.784361185,0.096346233809789,1974480.75382742
167862.823017299,0.059910539375019,2801891.36616742
205445.35457262,0.199560468632298,1029489.2369248
187658.262343645,0.232071181455371,808623.721251375
194569.537287857,0.119879988050156,1623036.00836574
188059.808665368,0.126797733248,1483148.0330768
210400.845786081,0.123784836634689,1699730.36687048
186495.053438044,0.29098865196085,640901.465336646
181284.943005982,0.347754350941245,521301.724954152
192069.038983643,0.245975428467478,780846.445436875
179724.535823804,0.0613579478918298,2929115.81952915
168274.513372424,0.29488286104959,570648.673081496
182167.598546082,0.369396497504474,493149.230641734
163697.454463339,0.388501009525698,421356.574242083
179805.400265159,0.170703972493298,1053317.02384499
166266.955089924,0.0507969604322972,3273167.40361909
185271.627044958,0.0992475073031295,1866763.52967825
157169.019268896,0.178705968671681,879483.883146891
163562.871524995,0.319822474917116,511417.690602834
182403.113601847,0.105874540306506,1722823.19312832
193193.336551374,0.18061928095151,1069616.35288117
183513.047522823,0.183843266352173,998203.802424196
178044.843860825,0.210496911171415,845831.14721259
186703.532372381,0.125555047904536,1487025.2967793
193597.783667049,0.41707621324722,464178.434343592
210887.952736305,0.338023711416563,623885.087387901
166279.252455206,0.236520499788268,703022.581992084
192658.277901394,0.223413431332909,862339.72931696
199884.563053465,0.364164983629735,548884.632072966
187673.948812235,0.306959981638389,611395.491394454
193928.36133819,0.179967723872292,1077573.00678984
192195.462349632,0.345576738237854,556158.563593327
208702.32696904,0.212236843445641,983346.357685977
201951.506507324,0.216214954374293,934031.168619924
197558.117585237,0.190449656149596,1037324.6220516
185054.013445656,0.185485966149664,997671.237813975
206060.081068247,0.22918692085133,899091.799404711
207445.390564434,0.164731623302269,1259293.0635048
199930.542649352,0.272734369665627,733059.580625894
146245.080809434,0.135004512678874,1083260.68445798
220067.256685866,0.167903602938433,1310676.2025027
183385.86560947,0.111568923754211,1643700.22976535
189395.335202654,0.37136537508769,509997.290829637
188689.634939165,0.355923227020889,530141.391778545
177104.716937198,0.199855518513538,886163.755969549
196127.205420418,0.203748225252888,962595.895875846
177340.567009321,0.283799163542802,624880.51337253
183325.582975667,0.203665695672836,900129.903418574
170413.501580559,0.0714956672948425,2383550.05314919
177620.415991895,0.333820837112225,532083.070453094
183043.787871225,0.185955961605125,984339.44408793
172818.307431264,0.218341690600144,791503.93567187
186042.430665015,0.321078669145822,579429.43129779
171658.679687873,0.145087078519417,1183142.43721504
191844.223782356,0.0378566987870232,5067642.71395259
210924.095779179,0.248144024553446,850006.749744439
199274.024457988,0.34584486384969,576194.835568227
173184.740725736,0.101951787770191,1698692.53412319
195077.599273382,0.159615955455925,1222168.54020743
182068.600917472,0.117004579777155,1556080.97789195
212732.900249675,0.176686435387673,1204013.76474041
173082.541378032,0.246740800691264,701475.154871538
180556.841211814,0.377389383449998,478436.461463777
191057.032227627,0.28225063544813,676905.587561512
170917.559158057,-0.0448633613660526,-3809735.91709933
186016.678037591,0.104554193990961,1779141.23706671
203617.844834548,0.196894500527441,1034146.93802568
177008.548583936,0.140341832084681,1261267.19278633
205174.67673627,0.260013886065712,789091.22832162
170939.184978902,0.217046484838938,787569.469764736
180531.156890962,0.170837627318185,1056741.18591406
150522.867714682,0.188717708776267,797608.601178668
177731.747760806,0.283992516698782,625832.503711068
167528.152905512,0.336899792450245,497264.043076705
194428.227534289,0.146214927467876,1329742.66650719
176370.560948411,0.243831817193982,723328.739366685
210347.576070127,0.327879356060607,641539.554662431
187642.160838394,0.128736469567287,1457568.0183642
166107.989375602,0.175670702428364,945564.553903569
192122.573762547,0.236823912061594,811246.516832217
178066.715631136,0.166019912261796,1072562.40052906
199444.892656763,0.193311399639889,1031728.56349031
193363.444529463,0.158404846109543,1220691.47048535
199023.399124729,0.170264610581247,1168906.43596051
182996.458781232,0.164327299229736,1113609.60497133
185300.965904112,0.241180090373928,768309.546682812
162525.502458648,0.047513679981589,3420604.39270596
190600.839385098,0.274359893580574,694711.01223154
178732.911545529,0.0707965948073361,2524597.57467047
171219.132606901,0.188266776044115,909449.538599317
187686.119283152,0.147618917036489,1271423.22305995
178711.594874978,0.180620952161326,989428.926912963
184611.75255198,0.175310315159492,1053056.98859776
193539.035387196,0.0437769524055209,4421025.78531226
170144.68584878,0.267402684836547,636286.378174487
193746.2006153,0.243225762958065,796569.402266422
204084.537105487,0.232939607931929,876126.38708109
205485.524598639,0.307108121172868,669098.309135803
204489.234762339,0.355711637219505,574873.614933634
192162.688873354,0.264329455433169,726981.745407253
182939.470957193,0.232433784694338,787060.586729109
181572.584629494,0.348673315464002,520752.740678947
199905.886137559,0.165078291046601,1210976.22752301
183598.532177194,0.158447459071375,1158734.46790011
190298.093604011,0.130130614019001,1462362.21997864
205281.789206266,0.191053659536768,1074471.90335948
202841.694597467,0.242393081069839,836829.556776928
175760.044386948,0.209484743764543,839011.191118046
193022.370808275,0.205234887140123,940494.92997012
189267.881421484,0.133616703543108,1416498.6592445
173832.146989986,0.174482666579092,996271.723708377
193933.980743324,0.187958472639145,1031791.6400377
160153.238167019,0.0833908545336154,1920513.21530061
191626.328551105,0.054611434904743,3508904.84539278
210639.955697067,0.245178950994522,859127.404055875
180162.508992101,0.114097125480363,1579027.58928934
190150.546996485,0.304159005974422,625168.22866154
166148.909303494,0.263687139078199,630098.646010266
178427.972350411,0.0988811127584944,1804469.70480804
212996.371037887,0.217810135545034,977899.263066428
198007.514286488,0.1458885678371,1357251.75195073
178954.153182348,0.0722116467323837,2478189.61732796
177973.236349504,0.178594782962367,996519.794125265
189409.413098489,0.169228676731447,1119251.28031975
180359.885889949,0.272239056296865,662505.550611646
180522.984786465,0.211142693328684,854980.970170002
194777.210943633,0.202734123512553,960751.981802277
186187.433810897,0.158832544410058,1172224.71315587
210265.812754899,0.144877814489338,1451332.03103622
194159.545839441,0.17502399936334,1109330.98629735
172154.486993693,0.114283498977493,1506380.96080342
213850.068605209,0.215264874035321,993427.60663368
192928.992620488,0.19241816474793,1002654.77988124
154904.292373592,-0.0789484667718736,-1962093.73921342
203919.307409436,0.21917513474214,930394.351755949
181029.787420515,0.188723821710561,959231.250086452
174830.516604789,0.100779184927389,1734787.9597434
194265.946016196,0.330654894546655,587518.73696757
186331.095678944,0.219670116524857,848231.423675962
186212.359511615,0.239875719077413,776286.821474916
187189.129792934,0.319480084888191,585917.991910029
180784.826091723,0.20630132903601,876314.403481943
193150.283470354,0.20454789729482,944278.997852332
174858.069300965,0.146438444827539,1194072.15439154
181882.721556853,0.245022536117436,742310.174561571
188933.69658925,0.14069807491889,1342830.71533258
164039.957046923,0.24559058760063,667940.732784428
190189.83356341,0.290409993014374,654901.133357337
182564.243044112,0.193411898178933,943914.230525852
168999.74132671,0.201802090708112,837452.876398351
192523.855815815,-0.0113735660652544,-16927307.9974419
197554.770257618,0.208653637731566,946807.217958854
151712.267552694,0.14995897815324,1011691.79345609
193761.493376666,0.140807024145086,1376078.32104325
185455.215115769,0.158913820830433,1167017.5328152
188869.947005226,0.157783956982218,1197016.16449201
165463.395677998,0.0681079262187344,2429429.36107904
181899.252285538,0.37129147300734,489909.587236716
171730.117512933,0.235662821578026,728711.115156002
186753.511692254,0.125271432266046,1490790.9035129
198536.553141358,0.144133148837055,1377452.40940936
177546.222808273,0.198944125458179,892442.651419712
178359.465386538,0.205983763537225,865890.895105937
165635.522262583,0.266134880438315,622374.34638326
196780.730442331,0.177085673445249,1111217.67568155
208579.448443711,0.0824502807918449,2529760.3166482
190509.906900815,0.172774784416758,1102648.78954372
192728.918222722,0.236873405894232,813636.792594517
206652.858015934,0.354624530878366,582737.064195975
195730.499550296,0.263807341096207,741944.855427338
204670.463089447,0.0832303016030783,2459085.92360401
186594.883753562,0.147529293724777,1264798.86836348
181428.243830282,0.186280604784988,973951.335619147
192126.148885984,0.170831800315572,1124650.96387837
168255.720341677,0.211437225481347,795771.510710259
189458.463939078,0.130621005145104,1450444.08231749
211584.387294666,0.175795577024698,1203581.97217294
189759.63868206,0.147339711247598,1287905.59636143
213025.843655356,0.127898308611615,1665587.65293954
205651.572460935,0.0805528050217539,2553003.24309498
203984.43942091,0.183154934355747,1113726.14741957
175681.69886981,0.0801427457568402,2192109.80620558
185413.415261626,0.192459364386694,963389.938715005
194459.492821855,0.125600679899493,1548235.98867031
210913.668037392,0.164462570458118,1282441.75832764
204246.304936435,0.229213512690563,891074.450798922
210841.838189912,0.311946250562686,675891.560836514
173005.788028325,0.201886407319356,856946.192294432
191401.250948668,0.157545434936864,1214895.56981052
220969.306154833,0.329755265227931,670100.918637633
189301.231832757,0.0594417440610147,3184651.37292148
202500.093389411,0.509341210299279,397572.568829501
172125.759611645,0.177021442393454,972344.125572501
201134.537709201,0.261344346811847,769615.031520107
182032.807632936,0.397264428277942,458215.724025456
173850.489569271,0.151222701126905,1149632.21972458
194763.271607327,0.199851218314936,974541.327541013
195088.499010731,0.207488633528183,940237.04187262
202731.501091708,0.1596142055643,1270134.44934285
197484.483482273,0.254853471585835,774894.22550699
186802.715273877,0.0869901827368126,2147399.96395968
177625.122143324,0.219567318589321,808977.963043551
184818.256610082,0.316130902543908,584625.720303986
218232.463159644,0.175753616975177,1241695.43088531
193630.898059945,0.193113227230931,1002680.65961321
167778.204478628,0.13975941006652,1200478.76846913
180096.809314092,0.149350537220519,1205866.4981444
168366.597674753,0.233385327411301,721410.379745239
214802.709150858,0.254560125719892,843819.150950682
180173.353060443,0.166990504360301,1078943.70252154
197183.968934813,0.205875238321643,957783.80412485
206884.579587328,0.259691294238197,796655.814721177
173792.985311817,0.146517639099883,1186157.42363512
188327.895215552,0.100241992285651,1878732.56428194
187466.786867407,0.246410623513351,760790.197250767
194392.745273433,0.29107371889843,667847.121372256
181486.84993243,0.17912996172761,1013157.42035609
197683.515300948,0.280600753349967,704501.014130909
175214.767645496,0.238086565673012,735928.829710349
204837.047383578,0.24584513254377,833195.456278187
196052.20206003,0.36878965371541,531609.821709699
200860.496087112,0.126385374944206,1589270.08900978
190095.256916026,0.0878012752760566,2165062.59525668
195427.151852671,0.177038903071594,1103865.5824344
192452.382304905,0.10115024212292,1902638.869327
172205.794899882,0.110112591119405,1563906.48107757
188411.49356043,0.112303634666683,1677697.20116036
204253.399893352,0.0871523726648579,2343635.56203803
174631.57575801,0.231763580019274,753490.154680418
198575.409716969,-0.0258187333920187,-7691136.76886854
178039.942759492,0.366422316253079,485887.280502109
198865.57308237,0.17546246605217,1133379.56291599
184966.201816156,0.144968557964506,1275905.64749525
163344.430562392,0.243042377742966,672082.095638233
223246.712253551,0.206261296783784,1082349.01910644
209711.961196287,0.120493137422356,1740447.3456542
185646.578690769,0.178941622225388,1037470.07757053
186394.09044019,0.161410005385381,1154786.4706104
175453.939939892,0.208134809324321,842982.202301851
178337.812387706,0.212883168756974,837726.220579209
186018.073155355,0.150920720996369,1232554.89323981
176048.676901977,0.154909763855244,1136459.5266344
177259.674272179,0.271175149377698,653672.2656149
201841.364083353,0.13468820272312,1498582.35541445
178109.340278043,0.18883663589944,943192.720150397
204250.73410277,0.104297256624006,1958351.93287105
164947.555612911,0.151718384102308,1087195.57348886
183200.320247591,0.11437448045845,1601758.7097512
216363.370142704,0.284989785199997,759196.930482497
196008.311976262,0.364230931680592,538142.960763555
183168.329840393,0.161267772294018,1135802.44356849
187467.310556567,0.0811844714479667,2309152.31956298
191178.408376344,0.322336474409606,593102.002267995
199380.756378872,0.175580034872757,1135554.82844826
193623.331262034,0.118506940810562,1633856.4639142
185875.466619933,0.0238753843720196,7785234.5211986
188498.425985431,0.14237800043216,1323929.43722542
177760.432778664,0.110524209556121,1608339.32667397
183558.085412767,0.206224185029291,890090.002715713
173288.349481142,0.0769006791841321,2253404.66845836
203575.752971882,0.275297190016628,739476.319971106
193403.027380582,0.131742972815705,1468032.96788462
181847.748218263,0.201641930058177,901834.99119353
185434.527381092,0.265488892657139,698464.352030606
176385.657411137,0.293209374561507,601568.956227683
209071.904753545,0.0867058881334942,2411276.89542438
212912.931535029,0.169349958229723,1257236.3982884
183733.673649962,0.157054925207785,1169868.90673362
188895.419837013,0.189660745877092,995964.763100876
199842.076022352,0.145702304907057,1371578.00042924
175561.415724431,0.153091111380574,1146777.32848902
191312.608501128,0.232650453886249,822317.79609881
176678.679549354,0.118102749064821,1495974.31853499
195353.981669938,0.101016020286282,1933891.09090123
185211.027406753,0.140553702519778,1317724.28677708
186850.97284522,0.0790502497097351,2363698.70470136
182335.40220066,0.33128467230026,550388.887401951
172854.541095391,0.271379268501129,636948.2166051
178856.947659583,0.211558771492616,845424.400972313
173056.852624981,0.219717734437484,787632.609939459
212346.640161175,0.147051371840055,1444030.3242607
184561.625890195,0.165222178227864,1117051.16026045
197783.277646611,0.10094974373989,1959225.15817599
202689.462778253,0.0518417347167072,3909773.92801117
191189.222433034,0.226828844226292,842878.792973512
209175.158835273,0.0375181796329228,5575301.38407137
189662.677173755,0.155888247228036,1216657.96200988
175232.107355158,0.195817666661874,894873.840253331
193332.82626062,0.145062327498326,1332756.95761087
178902.124665085,0.281092475896129,636452.911429737
192923.21046656,0.112078026231036,1721329.47870504
217926.046663586,0.132857663201647,1640297.1526966
180069.607002423,0.170272314633023,1057538.9627522
195622.092228389,0.335336654972375,583360.30173768
174751.59664824,0.0654034447519426,2671902.02765351
179192.937163096,0.220336281906208,813270.223191721
160396.793333818,0.174716027114977,918042.814860163
176123.066110518,0.279044184156023,631165.514677209
198044.543481339,0.243041373493308,814859.382313323
201835.117051781,0.205513718053823,982100.460072068
188681.624371838,0.152059371755597,1240841.79878833
188806.177685789,0.177169685182305,1065679.92990172
174791.953310185,-0.0289426067547193,-6039260.89973508
179069.477902549,0.17347049889355,1032276.26048643
160067.75603393,0.218706446533438,731884.032551633
171579.54362972,0.184045300658657,932267.996062247
189952.063255163,0.397271145836705,478142.108345421
214262.717924989,0.128234665088329,1670864.25326103
193619.956062033,0.229724285421172,842836.253498641
162735.20647586,0.081789188017314,1989690.94107415
187857.84636543,0.228451212620931,822310.567802248
176851.508666703,0.101928943537144,1735047.00951066
207147.145697386,0.128267013043512,1614968.18848596
187667.403109731,0.161981276858342,1158574.66214353
179694.87862873,0.267656964643906,671362.610974082
158628.932914414,0.202045224699079,785115.971687385
210354.333766287,0.269357274438101,780949.147206443
196029.812930051,0.112048898891979,1749502.358957
177767.146141521,0.192118913635994,925297.477365165
188002.283885372,0.265259792664366,708747.76006197
191153.852065813,0.252644478017286,756612.032710779
209138.418755852,0.199925349204959,1046082.54824879
170148.914245086,0.25201697943888,675148.613493924
172387.577534045,0.147759074942549,1166680.1352206
188333.29675328,0.145231259826562,1296782.09070273
213745.813985977,0.191191249171962,1117968.60427293
194354.529086317,0.273515348113666,710579.974493964
202960.186608933,0.164700353247612,1232299.64360672
192452.80702376,0.157161572373867,1224553.84046387
215346.247137129,0.465959254178827,462156.819949074
199400.539004404,0.186451260604664,1069451.27835417
171652.953217494,0.103593468913879,1656986.24649973
205165.061218142,0.137646827557821,1490517.90628417
207789.934399896,0.0758091710210446,2740960.38251379
203461.88727679,0.117973134702312,1724645.93562083
195848.978598848,0.404831530088322,483778.964934179
171623.782325575,0.287888125185425,596147.486858079
159825.900419093,0.235242291194215,679409.725214508
184175.080862809,0.0876376658377647,2101551.64565605
191160.182906516,0.210641687244841,907513.538306969
210572.552677145,0.177361385994997,1187251.39350843
204679.748869481,0.198580075491331,1030716.44203507
212497.315389471,0.191157886970748,1111632.47699002
195091.68374604,0.190810151316977,1022438.7035989
208057.186222066,0.269207290754027,772851.231626435
161178.432035009,0.0512635539760278,3144113.49845897
189132.765721362,0.139409113717618,1356674.32836896
170977.926065516,0.191322089333729,893665.37163032
181722.049505833,-0.0215166075974624,-8445664.52600384
190397.028351324,0.0950156651896642,2003848.81767933
189799.538906801,0.209139149581543,907527.544635057
166218.982999054,0.309140748960762,537680.598749379
184053.338163535,0.178089710983831,1033486.64640287
170612.678499998,0.131251671532409,1299889.56718063
183341.850751764,0.185526858046117,988222.690141124
188498.997591212,0.0188554722508207,9997044.6289409
200341.816993276,0.202178896377133,990913.594758026
169432.199286147,0.294346035615957,575622.494563543
179948.983094214,0.432304909736148,416254.775371493
212271.134232749,0.163486968532382,1298397.88539907
186794.994750966,0.0904028237310094,2066251.77225402
187871.438524738,0.183401660169651,1024371.52614078
172959.807555786,0.235529313723366,734345.14295291
160053.474501037,0.192334149961396,832163.57850731
175267.687345431,0.134299310714804,1305052.76916593
195851.515561064,0.0818786031169556,2391974.31447761
210660.914162471,0.243932357515749,863603.813400897
185134.550937597,0.282524149500509,655287.525915597
193460.59523962,0.0737919063892581,2621704.80078262
207661.934515099,0.220834642481352,940350.355278312
220127.76094727,0.37041638005268,594271.13054764
185883.829650413,0.169602779285217,1095995.18612732
195897.707369014,0.325960210809382,600986.564840493
207516.844906034,0.221539601331946,936703.161233457
169496.660995176,0.175503451122446,965773.948666808
165135.80026183,0.191179120315781,863775.290884622
199997.901761651,0.106107308337391,1884864.52908329
183124.407389587,0.230367034584799,794924.533015936
189949.882234532,0.142269058270193,1335145.42476119
175199.918910737,0.154439239371435,1134426.1965016
182403.725001193,0.253906067706358,718390.571162492
205347.495608148,0.226754266122422,905594.849965398
177562.767321099,0.171222946195151,1037026.70271029
185680.762316923,0.0599740399061521,3096018.92097778
202837.518485576,0.243424916092484,833265.229137485
201366.693642682,0.14582450939039,1380883.73816227
192581.535402988,0.135785392159826,1418278.74368334
166571.436441403,0.0804999751294324,2069211.02986156
184213.014964269,0.0978477449005467,1882649.57104024
183016.832164029,0.0951236813806969,1923988.11218809
167268.204239022,0.147542521182859,1133694.9029881
177496.97413117,0.131396417984087,1350850.93531748
176159.236821571,0.240655256388253,731998.292766856
194540.917207703,0.257230524526899,756290.170326809
197707.786335258,0.161723696309173,1222503.50967302
187413.608501844,0.386998876401876,484274.296205518
206731.00856731,0.223689593261748,924186.97514196
182378.99701558,0.168998921037695,1079172.55267506
177064.28170183,0.1661513859948,1065680.43740166
176124.562700548,0.0525826059406886,3349483.34244237
187338.869545598,0.0941906898559963,1988931.91919511
158502.987092649,0.0924829032750096,1713862.57870085
186120.115432625,0.0172182973323906,10809437.8810907
174541.171313222,0.139060108403317,1255149.1101028
190443.88090115,0.405087221546136,470130.55651142
192161.931819495,0.201497241719242,953670.284416331
183186.857035763,0.157992994524872,1159461.89631164
187159.002955072,0.235969692655588,793148.479572934
168769.09929876,0.228674178139522,738033.041910782
201904.185886843,0.123136938575815,1639671.96376684
180502.079538793,0.225906330452667,799012.932382667
193758.770030749,0.119610660997869,1619912.20861326
205169.83520918,0.209418582328719,979711.699543117
185311.450699777,0.110902548946402,1670939.50914812
188408.941054588,0.0854132180463912,2205852.27162681
218333.145815154,0.0595106132411093,3668810.21592854
196240.43150028,0.272230207500358,720862.072222537
180722.512309139,0.254305950011803,710649.956482542
181846.147979033,0.157571720644469,1154053.19707928
190636.757223972,0.16764171682939,1137167.7696309
176392.414694317,0.167614366480158,1052370.50020529
194958.985377763,0.196182598020406,993762.888987146
168543.495348868,0.167420503690337,1006707.61127687
193537.563333525,0.203983686237027,948789.419898197
189879.845070479,0.16702359199175,1136844.45895438
182706.482656202,0.205031750382872,891113.119382827
169719.439096733,0.112293586310404,1511390.31776571
193945.305425628,0.27645376417275,701546.987453697
170923.205967069,0.2258452940902,756815.44154205
191326.118354996,0.323265451571989,591854.519017133
177767.984471166,0.0115349757817615,15411214.3652909
202950.467411735,0.315164952213354,643949.988685117
208454.830653672,0.103942566049599,2005480.89753915
211658.877183098,0.258768195271425,817947.804447475
188981.275646664,0.154767252646282,1221067.58642655
176462.79830504,0.148567831352787,1187759.13128875
221048.909042069,0.248191102193614,890639.94272296
185436.275952432,0.236635815393912,783635.71314743
177089.004003153,0.200454837741106,883435.920024386
193334.392658717,0.230642421533197,838242.988317262
185309.635554165,0.324166632142256,571649.322231427
187638.062328238,0.233939325955507,802080.033195979
184901.139100635,0.218162805635015,847537.409332614
179836.09782225,0.387811453427228,463720.440004992
199165.126074454,0.274103368450365,726605.904919838
174782.698547496,0.176699069118808,989154.608562066
158585.989943264,0.141323461772455,1122149.06112761
192288.762374139,0.104285828482573,1843862.82558298
178804.46521459,0.10258267383547,1743027.92595726
181323.463431964,0.095647742322313,1895742.22066781
194387.482716208,0.350333709819066,554863.769223353
187850.830453309,0.16873337254553,1113299.80323021
178867.782048945,0.162707195528573,1099323.12131539
170710.154643112,0.12169308371127,1402792.57815621
176516.945756176,0.224891152705018,784899.466399673
186714.75292615,0.227537172534766,820590.107744357
155883.117296072,0.284687008525896,547559.644899959
190124.811635302,0.285625474769786,665643.748298509
179929.722177886,0.336285625695714,535050.291863186
188266.384735651,0.19785400702608,951541.935215064
193671.956865332,-0.0141750890300395,-13662838.8333158
194293.112606583,0.194220415645259,1000374.30133739
195398.004736374,0.243494372550121,802474.417334444
182063.446504183,0.114326988801225,1592480.0295469
186139.621688693,0.413578663298268,450070.659361968
182233.230096949,0.0184518387389692,9876155.57858109
160845.441108024,0.309188234375361,520218.505186567
180515.076111028,0.222169601165789,812510.240662146
168462.610252255,0.153360245003035,1098476.40272693
196464.310902708,0.461302357305453,425890.541835273
201127.595499347,0.232999173474809,863211.626461381
198839.578137829,0.22952304343622,866316.406235188
166498.093845819,0.0929536116312039,1791195.53209406
189778.485084883,0.144745560962304,1311117.82512146
171543.137838381,0.0949759690891316,1806174.12471352
170928.774159961,0.223844268350927,763605.766719886
175904.691985399,0.0687836607310122,2557361.59017906
172883.623895169,0.208385722948483,829632.76681824
180594.299111823,0.0660777026570774,2733059.59271997
190389.253389864,0.134631628001677,1414149.52946638
194415.046990801,0.241092915963155,806390.541232293
168686.833897715,0.114667870342476,1471090.66728022
168048.345658061,0.0641501510077719,2619609.51015846
206494.160015821,0.215956966869575,956181.979257615
192759.099718699,0.314933138705596,612063.565336302
198505.982625965,0.354419573765772,560087.527099034
167906.488661952,0.0587000414653773,2860415.16275566
176823.797860651,0.183241755652684,964975.462229266
189666.272519077,0.233516942044448,812216.32511347
195024.561647822,0.165104981876489,1181215.48745098
182820.699169742,0.283500367022218,644869.356219969
186076.037269495,0.153380453704248,1213166.55920377
213750.923310071,0.256554634939701,833159.468587693
167201.749127449,0.268292549372544,623206.829703187
189967.985653251,0.236759454684746,802367.051851007
221965.617532034,0.289611825337998,766424.56596164
180959.250191441,0.125931535513767,1436965.32765344
193790.449528152,0.12982639351693,1492689.15417327
201096.941068005,0.129649208337223,1551084.99039149
181174.679815845,0.170259319640662,1064110.20670246
181463.438209762,0.187845636762184,966024.238505463
186346.300637563,0.243259838841206,766038.08308533
184380.480982232,0.225798682110415,816570.226446538
193561.808945607,0.234729531046189,824616.349220747
169665.792311971,0.306067005899817,554341.987347395
208163.498150408,0.263516436778356,789945.024664608
181103.438239762,0.187931438612247,963667.599083447
175578.4857872,0.273056836191053,643010.767415289
177086.021769869,0.25802826303991,686304.74694347
174414.199066722,0.116723060879359,1494256.55695399
184477.387742614,0.201809999934664,914114.205452348
191883.223916631,0.177640263291348,1080178.67324326
200452.278635952,0.173747295196916,1153700.13909436
190746.816128032,0.169218079851289,1127224.7994757
154965.41523607,0.311631870098056,497270.754712312
180705.061910179,0.214747125516548,841478.373577832
196133.954238342,0.21738062478322,902260.513943843
190176.247687549,0.252970270477341,751773.112819529
184405.417504911,0.179350405876875,1028185.11395791
184164.533658758,0.242017342535101,760955.936998801
179714.040675332,0.169276756056358,1061658.10866259
152421.836209027,0.198304862419207,768623.796459484
205866.742179157,0.129498483129788,1589723.19369046
199002.525049551,0.154824726843854,1285340.71466667
188274.061313065,0.33802837342367,556977.094573924
169145.11142369,0.113516481823919,1490048.9224645
201649.824849664,0.233083485828292,865139.905270747
185374.951709498,0.214141856940804,865664.258065819
188520.759017867,0.10096442397623,1867199.86697741
197056.300859534,0.187793795781927,1049322.74274047
165552.094936311,0.316241768707149,523498.510690465
189892.381547312,0.178887251715181,1061519.92233439
200283.724740771,0.244310075862387,819793.142111688
184508.612761721,0.0519020164143168,3554941.12769818
191354.505803976,0.199023776418699,961465.55576059
198004.508150184,0.181912616933746,1088459.45645594
171035.327397369,0.146686090993957,1165995.53671667
156358.702072559,0.231286593239201,676038.761619226
172965.051576469,0.103322487423289,1674031.04483799
209271.632125922,0.167693010930965,1247944.86642066
196700.147997421,0.0423620634513325,4643308.94134557
184783.994873086,0.225131862716868,820781.175277154
183486.757752883,0.356484611597311,514711.580201818
170676.980102316,0.158050186455859,1079891.03923002
169131.455521569,0.350907620847055,481982.850966027
159415.68829332,0.146151599331343,1090755.68808458
181222.542060021,0.142047266002921,1275790.42638029
182097.096691576,0.192442591235941,946241.138835628
164482.81916254,0.11323439519483,1452587.0772704
181793.259052039,0.15426182015106,1178472.15126866
183676.146385082,0.268433192144248,684252.736846268
171341.368427074,0.191561763288776,894444.514841824
194598.953765268,0.148208294374378,1313009.87294076
174329.270689313,0.138969917432026,1254438.9023947
184087.249580244,0.21698002394924,848406.439586847
167995.397573546,0.0640727739643946,2621946.68935204
217194.815537476,0.125746375168794,1727245.14122913
193774.810177169,0.0988047598158471,1961189.02103833
170862.103528503,0.181178232184288,943060.882472397
177035.173333997,0.308241492205143,574339.204198296
200337.829395456,0.0451164762707201,4440458.25284169
195199.095105472,0.177667537454558,1098676.20107809
188615.726576478,0.0994615213357578,1896368.80718682
196967.531460991,0.284444660684599,692463.45136847
211197.812281776,0.189972296024222,1111729.53478884
213322.789098433,0.110153121122091,1936602.31253903
189030.892410613,0.128443880331933,1471700.26257465
190795.840205479,0.132529345822938,1439649.75470705
170069.74147346,0.257963319138135,659278.776694569
168404.014205393,0.171730909233854,980627.278785728
202161.636165957,0.232957890145945,867803.344369683
194612.883433991,0.197163097695486,987065.458540149
171972.800082495,0.0705491298905546,2437631.76596625
186199.69021127,0.181292461300555,1027068.02519813
183325.499859993,0.267880935146295,684354.412007244
176922.112770892,0.234087036580533,755796.285669264
185366.191108565,0.236997616360897,782143.693910792
173493.202351552,0.233527334043002,742924.604789967
189610.788200249,0.110388322783678,1717670.70482463
198110.310196049,0.315462637849856,627999.282407381
183079.634920278,0.172482048415936,1061441.67814373
191023.987091872,0.255171664442088,748609.715383289
178866.15781491,0.179751712135688,995073.458214909
189967.146688027,0.30538557586043,622056.710284336
179202.043390462,0.231968387588975,772527.865771048
205177.529523777,0.197230501126087,1040293.10047034
204025.092541019,0.129290874542895,1578031.6535281
193352.853245046,0.304937840699609,634073.00583438
165429.21652543,0.0994054625023493,1664186.37729813
187459.335562966,0.219676527560935,853342.583499132
216957.813947215,0.169337009484569,1281219.11806282
189045.960672382,0.0632021234758698,2991133.0549607
191236.067664439,0.154953783664568,1234149.06781761
189149.609496641,0.16263947967211,1162999.35217438
178699.435429437,0.276592731956682,646074.226771164
173393.301545685,0.122114230599596,1419927.06905904
190255.974918546,0.232237901800543,819228.788425528
193026.435329911,0.0378268478480904,5102895.06820895
182427.984090735,0.14390353789588,1267710.20892293
199350.366215148,0.0529738376815746,3763185.28050472
189414.630931386,0.14532832690605,1303356.57861001
191559.192072874,0.361404682951038,530040.702596058
195734.006320759,0.0183194470510512,10684493.1386468
169816.917887825,0.213310530815994,796101.895383274
165413.473530661,0.272227482517475,607629.589786337
159889.418267851,0.199502290222492,801441.517736645
162725.040485491,0.372119096729963,437292.904114448
217641.774834208,0.283173738585045,768580.363142835
200307.390354271,0.238152721332084,841087.97595875
178962.993951219,0.163899680435927,1091905.69179408
185573.37935773,0.170825999971179,1086329.82911875
194340.495084877,0.202024446317841,961965.240479488
181760.200869384,0.175952347218028,1033008.10556485
160096.333775239,0.265863706135768,602174.460373628
183722.038798604,0.194733804317362,943452.213870312
195092.307679789,0.271467715952648,718657.491168557
192171.572640817,0.0733643335879219,2619414.13821353
173788.468945045,0.233744104880079,743498.831913667
189222.284408145,0.340169565245066,556258.712538922
186282.617679042,0.231065423632372,806189.929893709
179321.531982676,0.288605596784947,621337.680143108
180244.737419035,0.21582473421849,835144.025876868
184577.260598302,0.149854394618477,1231710.69536017
195818.726962998,0.210686732103203,929430.74776573
204894.968995976,0.155133657936969,1320764.11863649
168081.903921281,0.374863970187516,448381.058967076
174188.737779429,0.135283774367686,1287580.41083333
184184.573520999,0.108240412295678,1701624.83322649
205173.060250675,0.0374613499764447,5476926.49569987
205434.517463742,0.217137249790945,946104.446204092
181824.782109583,0.394473653846504,460930.103535722
186570.845486522,0.266524871943296,700012.888576554
158767.641109008,0.141507487480927,1121973.43006608
203962.38745422,0.208955187634152,976105.880708386
185488.537548307,0.169730592003916,1092840.92725033
195361.484741163,0.185091628165382,1055485.25709982
179067.14675876,0.308851146090591,579784.627725605
181224.887217621,0.152485894804264,1188469.84142532
190923.600864048,0.132492734994281,1441011.8477235
192686.03760073,0.0713788903381448,2699482.11141858
172796.794335358,0.125633722848841,1375401.36849453
196808.262602257,0.202764853076608,970623.160848785
183630.931436554,0.30041462892849,611258.286893429
175170.491423171,0.120836292553547,1449651.32346763
199653.158818035,0.329183669979782,606509.912324318
199354.256263152,0.362729529737747,549594.780461588
182415.230225084,0.285797187922281,638268.107363915
195422.085447362,0.172394269873038,1133576.45582584
172973.531189541,0.166860318185748,1036636.70949607
201416.810174482,0.12072271577352,1668425.10859636
215558.802151045,0.261829659625146,823278.777735318
197170.025826526,0.107940635452447,1826652.44650508
192774.607620258,0.277565424399581,694519.528277923
206719.193328903,0.156439816330343,1321397.57114256
184845.230174103,0.169481459124098,1090651.63310139
180389.893413989,0.178475034221058,1010729.00308599
178573.49980542,0.203744860958381,876456.461112397
172598.506523083,0.131918011613627,1308377.10796161
188877.046337522,0.241258674321996,782881.887535522
168491.025618558,0.182636675843187,922547.592594302
189391.266244809,0.170962399507745,1107794.85307955
201371.07743,0.297952720280374,675849.098610376
181328.226731126,0.244066603907357,742945.670682393
205652.794630458,0.242072707895403,849549.692810965
205492.233164995,0.148590829589264,1382940.21059724
176647.381489816,0.138997743468298,1270865.10242596
193954.053585522,0.324648963982816,597426.990698139
161050.321261432,0.112437811632087,1432350.19362003
160519.457867229,0.354707966169036,452539.759963365
152961.387537747,0.100674742379591,1519362.09542023
200080.780223428,0.0608166247957415,3289902.73457988
187333.055382139,0.180130838435885,1039983.25333292
168417.430813768,0.205346623843763,820161.674252346
181647.108126701,0.366144597633254,496107.574168405
200607.109385391,0.210540505599833,952819.548019316
191011.7116053,0.154437877316003,1236819.06877327
182822.976590611,0.0399539979097746,4575836.86627475
178179.767285417,0.221089815808549,805915.76158221
206111.182883639,0.183841524290529,1121135.0845738
179730.725490813,0.201541552067235,891780.000934269
188372.806790213,0.242423544264009,777040.065815834
179630.654561143,0.143433267807556,1252363.95507737
179811.288000827,0.106519181283425,1688064.87089295
180096.500507455,0.192911460128671,933570.770691028
168738.420464984,0.148458961422803,1136599.76365068
189268.287763885,0.33010125332726,573364.341565364
188261.333304609,0.141371450317149,1331678.58773655
184520.296640678,0.0928955809549539,1986319.42169729
157104.052639991,0.113562150714391,1383419.13790544
163328.32722164,0.206840966280069,789632.393229533
182676.018242575,0.2420663636038,754652.631298946
202143.740809019,0.0576466464660933,3506600.17886585
181155.581820872,0.225332416158706,803948.162049088
161210.946789698,0.279014004492039,577788.011333667
201352.753476097,0.188906616064125,1065885.13240715
165328.388997953,0.191287905063621,864290.865347526
183640.297895089,0.294459860532965,623651.378366833
199209.721408435,0.167551985078396,1188942.77089721
194678.079681233,0.283256697582649,687285.000999594
184165.613256431,0.188003788958522,979584.58325041
186912.629611869,0.2247959596606,831476.819663807
191781.809612113,0.00803184787638467,23877669.56792
184535.137835711,0.191163056192995,965328.45577342
208604.922232382,0.197699327139562,1055162.53014418
194698.275965014,0.1496414829907,1301098.27885837
193765.836673241,0.212926150795234,910014.274665497
180672.358147944,0.243861006333156,740882.525109876
175488.207078606,0.312868214375038,560901.360431095
206891.307571315,0.334513223206295,618484.691242609
193526.177619432,0.121108655178339,1597954.97138049
203583.729716441,0.132214128533137,1539803.13583065
184210.770109697,0.134116172736191,1373516.45481297
168495.803241239,0.257436011948237,654515.279218659
212827.230025628,0.0888655067293104,2394936.32410055
184920.078916514,0.202434197588309,913482.411171386
178721.878174718,0.125110452361202,1428512.76453494
194914.55587399,0.101876773704129,1913238.40348599
160759.854848785,0.203531028778904,789854.283218007
165267.175233183,0.142068124274056,1163295.25766368
186135.54253319,0.236066389481578,788488.115321966
212773.931579414,0.264005250886115,805945.832006191
209387.749506991,0.138579797382028,1510954.36320898
186229.123543368,0.153994473751115,1209323.41925692
175470.891156073,0.242470886851391,723678.184357113
170950.869259706,0.177782657719981,961572.244740337
181013.718829966,-0.0138096131812681,-13107805.1538403
183541.248391719,0.119495150272208,1535972.36351111
177504.394795275,0.270096889892041,657187.851612156
179509.062849846,0.255997554563319,701213.975094615
181151.058182612,0.247897111433109,730750.984290886
161721.016913028,0.37126045027673,435599.905113741
174538.220980928,0.218708984675589,798038.641347181
174506.774644409,0.265488232731117,657305.119888863
162726.235471237,0.13127611048623,1239572.34007406
186714.214340389,0.215694893174898,865640.403405334
212229.235866698,0.122863890505155,1727352.3977966
189818.126700187,0.108022454241574,1757209.90633753
192842.822436772,0.10342843874934,1864504.81868075
203722.22792565,0.176252490052771,1155854.46687678
174288.559990333,0.195264122608291,892578.511926454
195139.224454329,0.26194317109525,744967.786861569
179847.350502858,0.163731702199181,1098427.1713249
162080.540508366,0.25247901418048,641956.485114066
180761.458660623,0.169687778353383,1065259.15074555
167735.077186603,0.217854937190972,769939.296989934
188765.799289132,0.210194931259862,898051.147845057
188738.99675654,0.0766049736713239,2463795.59591432
181913.59345581,0.178035220763963,1021784.30018063
202900.971533705,0.217083881206426,934666.223978028
194370.518206372,0.286690212405792,677981.004566885
195391.344991153,0.088198800369658,2215351.50333373
176400.803501353,0.0604989509453664,2915766.31900034
180710.921038595,0.139964870379042,1291116.26759777
150029.155769711,0.479928849249438,312607.079162551
199289.397999868,0.181417670607543,1098511.50294497
190888.690042046,0.134623652820352,1417943.17746508
184386.444373347,0.211653324846755,871171.971935003
189125.822082854,0.18460743191427,1024475.66775471
195264.547989182,0.112934327707336,1729009.69929355
165717.762088561,0.123726377493199,1339389.10559044
194547.904195847,0.0922336620695885,2109293.93705591
194621.547106539,0.333460310789377,583642.313071159
195876.901632284,0.26559576233147,737500.101330024
184911.615215606,0.153667870030479,1203319.95998207
209368.519080243,0.237868078824376,880187.539727956
189815.753080971,0.225435307591794,841996.558164168
174862.375086992,0.153467862360509,1139407.12014497
230819.231120055,0.359490351820978,642073.507538808
186403.003765088,0.154820992449975,1203990.49776999
196288.055698001,0.253015040606642,775795.997057608
190990.765101116,0.284489426122663,671345.74280721
177808.81400023,0.242051869324506,734589.716230827
205268.647300752,0.208792011347467,983125.005482841
198250.623982625,0.232149491748665,853978.281362168
210383.40993776,0.166272392337459,1265293.69656735
201454.47779072,0.281068384968824,716745.420560429
188319.452819319,0.146944298325004,1281570.3294782
173005.862417185,0.327510810645907,528244.738169063
175650.018899435,0.232763073794273,754630.088167176
183312.997143242,0.222744367421124,822974.781654825
160652.199431067,0.294792096150089,544967.797743374
186016.934620979,0.217446022318861,855462.577044547
187880.760193434,0.22427125299393,837738.933034451
198645.220607592,0.183309092147705,1083662.67204864
172950.336905298,0.1277946250822,1353345.93918995
178803.109599546,0.1175150951103,1521533.1224616
197895.783419238,0.187219245023544,1057026.92794403
172181.992082558,0.303417456547999,567475.563342611
165439.329149769,0.12387017721676,1335586.44111946
187999.410912548,0.227856310151896,825078.799824422
177170.009113567,0.105474902949105,1679736.16623337
183061.64650361,0.267707862515296,683811.244031544
187461.82391367,0.297679441979431,629743.937529363
205407.093409651,0.261755610162196,784728.523229629
188909.563020944,0.26094168748332,723953.174530685
224831.997921,0.173588689856753,1295199.57842031
208605.526765627,0.120237853514643,1734940.54216647
177401.511936093,0.143092220948306,1239770.48340162
173490.148883831,0.0949765698524548,1826662.60903448
177707.975293809,0.210538149493932,844065.437646162
177860.813088136,0.183495875749378,969290.52144508
177363.178191173,0.118478754787063,1497004.0705605
211619.684259229,0.290256789160908,729077.465753659
194814.718074982,0.199647541512487,975793.22339312
200624.681047241,0.0927288652876834,2163562.34301822
174736.620384311,0.209796207578794,832887.412031432
182390.974381106,0.157081643207472,1161122.14423556
188646.706247036,0.0882066786303234,2138689.60011135
187760.353410199,0.0955902687155377,1964220.37444989
191375.954051472,0.185044134043784,1034217.89099345
198080.085574779,0.168922425334477,1172609.76559251
190166.626909175,0.172710591632469,1101071.01777436
188440.995926227,0.333351392480914,565292.361684123
188505.142062429,0.130730013113517,1441942.34799582
171940.151504767,0.275902627493789,623191.424694341
196902.463918466,0.22816571292188,862980.074424598
183829.561032178,0.18430555446751,997417.367931706
191591.350325865,0.183933157667204,1041635.73743739
186180.841733807,0.156984460521763,1185982.61964913
202559.629973224,0.221963335595788,912581.48301619
185856.73997889,0.308715882617104,602031.675219654
197831.754042807,0.142279633137699,1390443.23969647
204331.270277284,0.296025616551699,690248.60975705
170974.81198392,0.233911715929589,730937.359441142
205900.703742779,0.307334646917252,669956.042405515
176663.913642562,0.151756127037448,1164130.352371
195812.423890697,0.136222511999272,1437445.40470479
208081.88723587,0.219785381577666,946750.351375576
219434.012033465,0.29925299841427,733272.559326847
176494.791591562,0.278293055332277,634204.800334778
205557.912475263,0.185235451834414,1109711.50737935
185248.006640401,0.173569681665373,1067283.20789078
174168.930737146,0.210875604848406,825932.098036433
225187.495728897,0.109065773955382,2064694.42761227
192567.393643633,0.16067932558974,1198457.8161307
183404.013142878,0.14157533486695,1295451.7346912
180389.894040792,0.284751663946831,633498.998883722
189274.27494463,0.167921899107568,1127156.58857207
190299.280420396,0.241118864932194,789234.307626287
180999.003915964,0.0939559087600375,1926424.91892909
206848.371758072,0.224662709394284,920706.299304227
217003.151577487,0.267280895981096,811891.739516
190929.607770136,0.195118492688684,978531.584265408
209653.714941123,0.219300332328462,956011.843279424
188462.724530694,0.356479971746472,528676.894826306
185693.22876555,0.182898798082791,1015278.56230905
208346.006043585,0.256234827867062,813105.727187395
197261.477921953,0.354508251774386,556436.914894417
190040.231898501,0.247030629848598,769298.252670019
189381.684745899,0.231110124940063,819443.478709616
192554.681861763,0.234398174912001,821485.414440847
191297.554101949,0.36195724661989,528508.700650053
175576.813754875,0.191840904478672,915220.944313232
153697.238301891,0.0867311625943555,1772110.89652675
205282.382013082,0.218611161087792,939029.741169725
169979.392224491,0.104648827339901,1624283.77407799
203436.19237804,0.177399022326479,1146771.77872854
201162.691496518,0.240485564249159,836485.516810896
183256.992289327,0.256764364574077,713716.611700833
182202.564141519,0.243435786771772,748462.527049646
201822.818481597,0.117271759407312,1720983.97347838
194526.524448589,0.163833533608975,1187342.54315035
175761.844341953,0.0235037960262779,7478019.47163963
179635.578174386,0.166598550493314,1078254.14832523
183433.356889373,0.328265713183737,558795.358523178
185529.057776763,0.148847484981649,1246437.30325465
186400.607108691,0.0578774105388146,3220610.69030869
182424.535412227,0.332564488099138,548538.830633794
212939.016907077,0.141868255114847,1500963.10647294
195473.329687608,0.2841621393435,687893.644590408
172324.534529807,0.324714888114299,530694.898316915
166357.138386912,0.240518590931631,691660.206982505
220559.235723754,0.264174696666855,834899.172807211
170595.303908743,0.0188687660259588,9041147.87761137
163604.671717712,0.168108547806156,973208.524211168
179984.753170319,0.0807412261691105,2229155.55918541
205250.962430089,0.22508513426941,911881.466967159
180103.59656396,0.0943247584252442,1909398.96980175
206913.85074886,0.357751384654935,578373.305105267
183363.646093861,0.179964509798213,1018887.8146
193414.897109534,0.174079304328491,1111073.47226386
192131.725363858,0.182936279814357,1050265.83878732
190113.933115698,0.264465554592012,718860.849039432
206911.839151175,-0.0191514563682923,-10803974.1298079
183243.850518059,0.177405625105763,1032908.90809587
180898.576806964,0.150784831195516,1199713.36223072
166161.240429305,0.079285614793191,2095729.98661511
193364.239660043,0.361403108667258,535037.566149086
217093.945164226,0.251971896431908,861579.994588374
195663.834064142,0.18436237297885,1061300.25830481
190248.861206733,0.217611222668908,874260.338568078
188501.580602398,0.20290192159071,929028.069939325
192343.302514021,0.292239726670475,658169.594891881
193016.784497419,0.229730878723036,840186.506795719
196718.665066408,0.168168397737403,1169771.89360862
172518.095406011,0.109774877685601,1571562.629294
186799.541708777,0.254971730172224,732628.44309289
163478.65980653,0.081855008083184,1997173.58332427
198895.226949842,0.223259224980486,890871.259484246
198598.896827353,0.309113727317447,642478.412559791
189342.804392212,0.182593948149736,1036961.00725607
187860.387247241,0.217999552726564,861746.663686387
181416.135138486,0.236785124040122,766163.566541224
185107.633667457,0.116598624027241,1587562.76252634
187003.273150001,0.178537195952941,1047419.12267566
235896.267017379,0.270548852403021,871917.455654102
203118.793189326,0.115674127161129,1755956.99897861
183209.653366148,0.0637123161155062,2875576.72576211
194966.565611126,0.146669746323966,1329289.58082795
181614.245141068,0.129643050052662,1400879.14521678
180232.050150603,0.144291044999788,1249086.87265289
160015.131113711,0.0559189032807346,2861557.0357375
181404.298141895,0.307312236502085,590293.117536387
179363.895640845,0.221402048413211,810127.534620148
183784.994857371,0.364942377745406,503600.036786039
175007.000761508,0.135668059544079,1289964.64864044
184936.938260539,0.186445547364843,991908.580678776
195121.965640713,0.310734692932434,627937.498060894
192457.416195041,0.317999094448532,605213.724047854
194123.554378602,0.266683507927505,727917.357496934
199933.286579285,0.223886552644817,893011.590992995
174521.510196121,0.11914765616157,1464749.83913625
196952.029441278,0.203994584988834,965476.752493496
173019.702413081,0.143565982438281,1205158.0706973
200494.249111696,0.172717091836962,1160824.60038729
176683.968516917,0.141463057904948,1248976.0304463
190821.486567834,-0.0122643744991358,-15559006.8275623
202909.827371597,0.152967595025268,1326488.96871314
196185.414926406,0.161889471877208,1211847.89011611
180627.229905895,0.119565403606531,1510698.11548755
213160.117390209,0.237274266403392,898370.146165844
194901.09027846,0.374243255407837,520787.181765143
194679.421519434,0.277292898354669,702071.429432827
177809.286086912,0.0958603160222059,1854878.98919217
215104.229902793,0.323259388601805,665422.993074335
202625.665120748,0.181330989242002,1117435.39241561
211047.166782658,0.119945061123945,1759531.94575116
185150.953999147,0.139533057226967,1326932.53970618
185161.586824778,0.223051090645503,830130.829169793
207795.187456275,0.235886757435516,880910.779881652
177988.536191522,0.160234583708346,1110799.75416225
193570.659755077,0.235926604740998,820469.823518121
178753.566405319,0.118270667547687,1511393.90781949
178462.340949639,0.0928316669653285,1922429.56292375
191428.382116388,0.182178647613609,1050772.87939033
180030.611589818,0.0826457944081601,2178339.65876965
179143.495833348,0.202537125315897,884497.079505491
160374.538444885,0.0479512516005088,3344532.89730571
212706.079468657,0.112540812827128,1890035.03818114
174312.729086364,0.115523035585568,1508900.17910974
205807.411537978,0.0576182087637528,3571916.16944972
197212.452590387,0.31462985574874,626807.815555426
200832.465861794,0.0828523478599028,2423980.38256426
169715.334588004,0.182701693587186,928920.423537372
193054.335121177,0.0656965037874538,2938578.52383988
178998.580827344,0.142056552202061,1260051.56434275
194794.431069533,0.15510628573697,1255877.0919179
187957.411899231,0.156775932754219,1198892.00208999
174567.362131038,0.149186113706294,1170131.44048187
193080.679590653,0.352209288046467,548198.716341576
188982.100316095,0.155837027019187,1212690.61615778
157872.715986083,0.196958871182911,801551.689639153
176138.909244364,0.339251055446806,519199.296262713
181178.559220981,0.289808376290624,625166.744798614
190012.619685596,0.270881785534006,701459.565880419
215736.997350072,0.263042536244407,820160.117182035
191437.118485144,0.0557749221161565,3432315.2990955
169416.486980247,0.280784469248142,603368.439265515
182699.921004033,0.180755725314678,1010755.92867651
156153.114079217,0.215040262180342,726157.569266077
190654.227099791,0.28889289045812,659947.798637259
191983.676595337,0.261045716734544,735440.822385007
205132.095228613,0.270564513365526,758163.340332382
198708.552296866,0.0404306742539549,4914796.89526644
177112.794253507,0.179831574390109,984881.519578402
180966.359183553,0.334103081890502,541648.278607804
190463.859868203,0.221335852850711,860519.691749484
165764.210257793,0.255255945956865,649403.913536277
178518.86196245,0.127501021463975,1400136.71979005
198892.464101754,0.21781976901972,913105.660688434
196486.459849271,0.169285096563149,1160683.74498623
200468.391183664,0.195056207498068,1027746.7902971
197746.763216455,0.259861750195241,760969.104025055
187900.941955658,0.268112053635137,700829.893352592
162852.186276457,0.186323317913853,874030.089737624
213331.897467373,0.250340602107242,852166.590923133
183703.94181121,0.106106769614316,1731312.17243677
186396.479506921,0.174958464167886,1065375.60439522
186636.094883524,0.028288907570795,6597500.96098455
189747.087774199,0.0999477140079151,1898463.50822163
184059.507154895,0.0996545529692969,1846975.39320258
176778.300790811,0.271375131450197,651416.730214474
171465.649568184,0.107253671708284,1598692.58401287
191760.624214407,0.144913189794652,1323279.2990489
174351.027181722,0.186190735799051,936410.860795417
190387.028204403,0.221942076938718,857823.044780158
178797.279747403,0.0538195187083997,3322164.22662839
189510.084012608,0.172829006499651,1096517.81174239
184262.196842948,0.223174611707411,825641.390986361
179387.102091189,0.14823937930944,1210117.73610256
192329.174162624,0.143421977231893,1341002.11051794
166724.268190101,0.130751795057611,1275120.30038777
162486.856493838,0.207952314847986,781365.942536472
207753.057950084,0.260496676525263,797526.712130377
185927.804203385,0.176578312030911,1052948.13425806
196826.441115871,0.230181232885973,855093.348176541
191155.512836733,0.146790249390452,1302235.76586666
184988.414458068,0.306230545346054,604082.176874365
167952.181320443,0.178669019525008,940018.486511786
180662.882297749,0.339647696442244,531912.57938789
183967.633469596,-0.0386833468784397,-4755732.07374492
197922.695588042,0.113697472894371,1740783.59482905
204037.150295127,0.133483108175646,1528561.5766951
202847.902562125,0.323416467841622,627203.382424733
182150.56584537,0.143055150480461,1273289.11425841
186976.736043032,0.150686625776607,1240831.66027106
180235.91989642,0.136840793465735,1317121.27160057
180553.488918093,0.149413386037147,1208415.74979904
182605.527809162,0.0602632700576674,3030129.75622502
191841.704185408,0.182860635707428,1049114.2800813
204115.42367246,0.287978733435187,708786.448352092
198217.533105695,0.347948690494704,569674.605827297
208757.337190393,0.136248783930395,1532177.61779834
212202.629131967,0.204568203708747,1037319.70699655
198891.851835029,0.364836414747371,545153.509341305
171830.136702774,0.260697553133456,659116.798901487
190067.681226329,0.197995419804549,959959.990054081
187861.290923289,0.0804728222036872,2334468.77813962
229971.065110255,0.320383824527959,717798.613738023
180201.80020311,0.189940149497128,948729.379650374
187208.572994284,0.0912746182082373,2051047.45075109
191345.736548582,0.181254164556961,1055676.35930621
205261.949295084,0.185476315376099,1106674.71951265
176595.031197408,0.056253287560813,3139283.74419893
188209.079212933,0.16301878598522,1154523.86714496
175836.616603256,0.445693110215754,394523.973049832
196046.189738263,0.147237003128412,1331500.81550683
172087.563957194,0.154650752549009,1112749.60593974
171218.829630021,0.0889256325506788,1925415.93148009
196338.585382976,0.115099706601399,1705813.08311163
199527.706234073,0.311282391549952,640986.164493839
176354.849976041,0.290796366196789,606454.792687117
231555.587475206,0.158359080131721,1462218.56860119
177605.383319784,0.0927783777275887,1914297.1419619
185606.515919103,0.13322370570964,1393194.36379912
195953.005372721,0.196005983465331,999729.711860458
159428.248908269,0.129566334279473,1230475.87781857
184619.398330837,0.194029688828143,951500.770041224
160009.80170498,0.226132360582034,707593.558450178
181985.039462754,0.145203384712673,1253311.27661289
199018.832609965,0.235870321101576,843763.775283362
199557.339611268,0.218840759369538,911883.78337827
195792.868371671,0.0992961587003413,1971807.07626909
171712.077278832,0.244091834312161,703473.25531273
192216.15384159,0.169073450060771,1136879.58560318
195337.622256508,0.211230855567209,924758.940790049
163235.241626923,0.243368917072374,670731.67596986
178262.361388918,0.343037228403072,519658.936782973
191595.967996305,0.154430595031798,1240660.68616037
180700.271799387,0.117483310097387,1538093.1270118
178293.334493469,0.283072091559003,629851.334024238
198018.738276693,0.250061711048961,791879.482252769
197398.616052198,0.177622639518724,1111337.02655843
195339.477102596,0.109205612550138,1788731.115014
158075.187830986,0.12369290582891,1277964.86606624
176065.393452445,0.279138628327382,630745.355837856
211286.059461229,0.149714422862228,1411260.55474068
162965.98889151,0.0928448677518969,1755250.37449558
176852.435484633,0.137808079042332,1283324.14698493
150862.203983203,0.0830454106773806,1816623.01086427
175642.274394601,0.163855918117255,1071931.22111654
186645.056709823,0.0913955154744224,2042168.65281598
200240.666187401,0.207758102599466,963816.398407536
179286.560894722,0.014318158694128,12521621.3009463
181921.319966054,0.367762551362669,494670.594632275
191238.639106781,0.181905276175803,1051308.9181754
182187.057112448,0.0120492259169908,15120229.1638954
183197.401106135,0.260120446247409,704279.12818468
190774.355059266,0.253722655239866,751901.14528366
206000.59358719,0.226158007803762,910870.216746589
190751.541939772,0.163110409566867,1169462.71207524
218457.120899068,0.301057201375789,725633.26803262
217507.348871371,0.263274351471443,826162.319480496
192263.433179471,0.271085026329671,709236.639819628
170827.416806047,0.235220277070546,726244.433233163
174929.686236656,0.124506786362763,1404981.13674688
197343.965897611,0.207423047642335,951408.091534247
191824.676731613,0.15809981433239,1213313.73816998
192782.441615148,0.223385462523459,863003.525105858
189980.611384378,0.132943881105927,1429028.62323544
158439.833606892,0.158634710213605,998771.538672394
192178.726507342,0.291919862377144,658326.997493094
181082.849610523,0.289883401266224,624674.778961279
178147.862492555,0.127918100346803,1392671.26395383
181022.827080145,0.218639285162746,827951.970961664
175821.065416415,0.150421628968803,1168854.94873134
196637.393694286,0.320125465903219,614251.019173008
176601.204952328,0.229698415627177,768839.456163115
194641.321608539,0.197659027934571,984732.767546389
198480.440898718,0.30460866449005,651591.579743789
194028.999808813,0.202926566982192,956153.758939999
188620.455917166,0.1613116645248,1169292.10589211
212367.898105764,0.176061254742676,1206215.9753215
187362.148643117,0.0384867301960129,4868227.24842774
213256.080609675,0.439720891705223,484980.551600983
200593.382224579,0.170901499317938,1173736.81930902
187159.680946522,0.164318487910538,1139005.61845737
176429.011989308,0.0873291972933486,2020275.2052863
189607.139233234,0.349211728796159,542957.534349916
200297.406311406,0.196270230018144,1020518.52842323
176703.637290407,0.293905468712485,601226.095126758
181076.986293857,0.164610794039265,1100031.06023937
179109.7659047,0.24834729252611,721206.839353281
187070.809917055,0.159062830947126,1176081.23031106
181238.892763308,0.122634921251661,1477873.43860552
214140.019080221,0.0949107682245142,2256224.69490149
181332.764033556,0.327468077279329,553741.80451452
204368.1791029,0.298829882578202,683894.720767821
177880.991774262,0.0901274637579634,1973660.24025662
185908.495236691,0.228595478148386,813264.09753396
202659.226265951,0.234640745461848,863700.06141539
196642.683568279,0.0972223846105869,2022607.08123863
166086.296430226,0.178254598766785,931736.390417175
193195.639263775,0.240774070499181,802393.874320584
198461.164271717,0.260923975839178,760609.15304326
176853.819919752,-0.0260812410432856,-6780882.07636429
174114.116855703,0.139612982955758,1247119.81056144
188082.370497136,0.0209325329192158,8985170.17615572
178550.715955121,0.0995765651112678,1793099.76956532
176475.88568015,0.243969442763045,723352.415292236
184891.85724404,0.196599541824286,940449.074948965
185081.177095605,0.180188149687555,1027155.10102376
177145.807298466,0.095571729712067,1853537.73372273
180157.417636895,0.0993018894167209,1814239.574847
173425.620228254,0.484206022459671,358164.938443528
209924.795092207,0.274724615077957,764128.088895996
179669.23632706,0.234878872718782,764944.221024836
194225.571842151,0.193428917295183,1004118.59073663
176838.465515473,0.122309119978337,1445832.21224054
175765.733557151,0.11164740668836,1574293.02453718
217184.207507346,0.314130082596565,691383.027413756
174207.087425713,0.320263674638819,543948.943389153
190397.073182882,0.125870333243906,1512644.54678084
189108.047236939,0.243510581863261,776590.675402884
178007.411564637,0.287047871441924,620131.445916861
159686.055280615,0.146496371589416,1090034.20049314
203970.868002116,0.193095689000559,1056320.15431233
193980.936840335,0.347741929448478,557830.162005458
210333.754209303,0.0725089574359017,2900796.83458749
197617.937085536,0.173869603054205,1136587.03772347
191116.244741079,0.0715171317019981,2672314.1741399
187721.092438657,0.172873923937467,1085884.37262846
184281.321984117,0.22102732527991,833749.047773807
179895.314946182,0.186501914920702,964576.235169868
183082.463543767,0.144411629329863,1267781.99507446
180669.447932179,0.294360899946552,613768.499705577
175634.185541707,0.123966251142646,1416790.32739005
208420.651429284,0.224094126768558,930058.517975079
188501.356723399,0.224854138202837,838327.273983078
189297.163849275,0.249075137445441,760000.238445075
176133.677868803,0.0425498707766344,4139464.46026632
184864.698888411,0.0757521684625522,2440388.21119422
194693.814196678,0.276434900689702,704302.581587632
187540.610719951,0.263252725664237,712397.60289946
176759.21904905,0.104491700162109,1691610.13530093
179674.551213941,0.308394305254287,582613.064355356
192985.394576093,0.240000171348846,804105.236639953
191263.171304856,0.276186405318864,692514.792985695
184281.533673216,0.180789995989378,1019312.67084072
196211.978544847,0.231622642699427,847119.160105031
206733.625032954,0.0330171233162417,6261406.33309679
168308.587569912,0.0672291998973293,2503504.24855492
199616.755805431,0.226747547922088,880348.024200113
201994.758444142,0.204314529616959,988646.078293274
197536.456763542,0.185273202384764,1066190.11395566
174664.848802446,0.433865415046916,402578.409674711
178622.737423025,0.202020923050795,884179.39451803
188785.789211708,0.274039310873669,688900.393924642
192790.846762266,0.2283919987208,844122.59554655
201223.931118267,0.259305823561209,776010.073182055
192974.03739357,0.289970911491352,665494.467707412
190455.874481198,0.0712812545095649,2671892.85305917
181912.102289193,0.225368117228083,807177.627992026
199590.129200924,0.16473158454643,1211608.1427279
211719.084273044,0.199115682488494,1063296.88162698
198858.338442294,0.163094254070911,1219284.76006171
199229.78303728,0.201490994525426,988777.605205275
179378.263117329,0.237642316053632,754824.587203764
182479.973082891,0.239252909504153,762707.435663278
185026.628507718,0.202155183805337,915270.264283142
196642.168956138,0.0623757395991713,3152542.48237804
169311.156937615,0.254524454159798,665205.854174295
204770.996230437,0.222571304315714,920024.245084051
182859.564257035,0.0159774322370574,11444865.5793963
197988.199149836,0.205339020913771,964201.534948283
201590.01652774,0.235451340828254,856185.468380008
179579.111766815,0.172707873792336,1039785.31970547
206686.537497272,0.304380582077938,679039.826017382
179185.210073105,0.197768661295345,906034.398470808
169214.546833177,0.126052070595733,1342417.82807259
194174.373783335,0.326488292454004,594736.100102858
186132.735145621,0.11823794593775,1574221.65675659
172375.258770147,0.116990731982864,1473409.52440059
193610.481047665,0.131068091553814,1477174.79328805
198803.522381574,0.153243362836584,1297305.92373893
167618.829194755,0.083447260724868,2008679.82650032
180454.745904589,0.270721149928504,666570.550369803
198672.026583212,0.189377550206774,1049079.08232148
182960.415665745,0.209247993479963,874371.183316819
185130.086554919,0.16612130284991,1114427.12872402
175891.030005332,0.379747706370266,463178.650074144
223264.251638585,0.228381749891913,977592.350283028
192320.325863208,0.283186041671036,679130.6687588
204506.46072636,0.0886665566084186,2306466.70569975
182553.495199987,0.27453465786899,664956.099229931
182885.895372917,0.18980654638748,963538.396613388
178837.792280096,0.102915432771996,1737715.98158949
184140.415928664,0.39879954435895,461736.776115581
214288.900551689,0.169255491950793,1266067.63586725
173950.203451172,0.211064039088623,824158.412784532
207260.760972979,0.196864236113462,1052810.63267136
204498.328692075,0.155736480495156,1313104.85534207
209157.940050646,0.169630086895993,1233023.8336722
187204.454834211,0.158322208349793,1182427.00620121
188077.0356341,0.0999996138069957,1880777.6197726
196500.107350714,0.127166991241769,1545213.15187153
189319.585136953,0.0203455364675352,9305214.70589111
173004.046703389,0.120155241265469,1439837.70396796
195036.464169925,0.229587575263361,849507.922831617
189043.968105251,0.25695574754292,735706.322637032
187865.015771399,0.0274080444452756,6854375.0411125
164544.527238028,0.294665971039966,558410.347341095
194161.261276116,0.124822280148751,1555501.63836723
198651.158510728,0.113317981168704,1753041.80732785
186364.593698942,0.226258399587613,823680.332039019
192237.760533032,0.231136055509101,831708.233964662
195744.751003869,0.224934643365803,870229.450096474
170678.701945845,0.156271813656229,1092191.21447779
181235.684293016,0.121411299774948,1492741.48805721
191419.126194589,0.385776561561629,496191.695575599
197094.082595331,0.235333449370672,837509.853029391
199568.914908549,0.0646336071285243,3087695.76347031
181754.994695821,0.182868000814008,993913.60919771
187472.481919746,0.110501939681379,1696553.76602713
174173.38705094,0.164869368096336,1056432.67189067
227485.57978741,0.321350919427259,707903.933160844
147350.634249585,0.127622725579195,1154579.90401677
184514.563116765,0.363710989356997,507310.937849217
200327.98486507,0.0263762711948791,7595007.77744368
175563.368964997,0.170469102492374,1029883.81119007
194217.327884618,0.319501133226283,607876.804452728
188404.819086021,0.165155490934589,1140772.35954959
185068.644780242,0.260392515400568,710729.509623372
210508.071285451,0.196811967027519,1069589.79408004
176666.273694124,0.147493263909205,1197792.15003932
195186.480912553,0.243258442988971,802383.171224204
225465.803625775,0.216968799727302,1039162.33075517
162236.76056298,0.123793242508747,1310546.17582633
166705.300000172,0.0986010607412102,1690704.93508898
193685.782244816,0.21231789898177,912244.248712383
183127.751581994,0.203062500514861,901829.491499797
211001.375442381,0.23866628406401,884085.392580171
181076.994393734,0.16965099659522,1067350.01873155
204184.140362325,0.166063185453071,1229556.92922094
198793.485190641,0.228571253306749,869722.164597201
171755.467738736,0.319462089190081,537639.59339958
177734.154277015,0.234763874144417,757076.253425945
204528.141611112,0.160337248507074,1275612.14574596
199940.62593969,0.137645129997661,1452580.45775457
194318.693871908,0.231236475482271,840346.201725459
190133.710999711,0.0350857409904594,5419116.30287111
186581.674895993,0.231148718540295,807193.20476556
182947.602636034,0.156111625492277,1171902.49002362
192437.140432012,0.358392116983515,536945.795715879
171051.726546111,0.326881995244029,523282.802463363
202976.947248392,0.152239572197084,1333273.23716875
207382.948275872,0.227693669237044,910798.042698207
203228.396763583,0.109179276634145,1861419.15415497
205665.956241864,0.0977807196690309,2103338.54095168
185113.261808248,0.232229660804168,797112.914720865
190322.557733771,0.155669514081168,1222606.48693575
168474.161239199,0.0980755992517615,1717798.94820447
173771.167534133,0.0723595180312864,2401497.02847659
176783.720695884,0.0762297205187732,2319091.81212788
190270.265039273,0.443841919632408,428689.262151839
196982.851714187,0.0751195296704162,2622258.8530365
202994.771754436,0.260945188342191,777921.114560802
205748.005580059,0.148768665755357,1383006.3241839
196608.210533565,0.0876155469302691,2243987.71019532
186293.539392748,0.126957433416231,1467370.08129318
191197.645127134,0.238581477805004,801393.498297476
203082.917639954,0.171848206749756,1181757.56082041
197080.112492766,0.240640764466113,818980.578498449
176430.363885542,0.0651108796647363,2709690.98857215
212387.037507047,0.149075894946025,1424690.67573899
188110.392456284,0.293524199069597,640868.429426089
157204.201233614,0.125194132312337,1255683.45999968
202973.93654162,0.136216635045353,1490081.85728593
197782.771027305,0.0719587785543148,2748556.53473909
166724.753749061,-0.102800944643456,-1621821.22282351
199689.578016458,0.158481681022828,1260016.78381802
215833.116997282,0.19318575295288,1117231.02608879
169046.003043136,0.121583727573036,1390367.0040186
174792.698233078,0.212674637200832,821878.436157944
182090.260544166,0.0253715281736658,7176952.81489451
178303.226362912,0.149247437823604,1194681.99228753
187563.058679454,0.249238074573298,752545.769744719
198690.707293369,0.263577509673482,753822.689726094
167851.183191947,0.288820694953169,581160.512819774
180608.285839029,0.21122307769605,855059.436729372
212060.840447476,0.15137559469922,1400891.87341484
176173.893496352,0.0866542172280697,2033067.73901922
178704.393213582,0.213317897628586,837737.457570152
217661.532889671,0.326266836081181,667127.359629995
188041.159855391,0.162013086185901,1160654.14394751
193499.872975511,0.258865053762561,747493.221518402
183439.966205629,0.1414956810119,1296435.09182588
193227.00394994,0.206868024826564,934059.307193269
198325.173697914,0.23482108516287,844579.921604389
226704.660100264,0.208795237815827,1085775.0515375
196389.445640694,0.1227421261984,1600016.65054465
193140.371592645,0.151982096548698,1270810.02288161
208948.794415411,0.097552839155466,2141903.77465506
165606.094630242,0.103235347725157,1604160.76740627
166069.183361435,0.0260691674811701,6370329.37401582
192634.130553504,0.248780211895591,774314.520780089
198959.071252682,0.164864085082465,1206806.63197908
193565.303445698,0.248276085163378,779637.327205005
196205.605553014,0.333373085758634,588546.628191423
175285.955454307,0.189773011943881,923661.134208811
170459.818973655,0.161944256158253,1052583.2963602
167635.008233987,0.370804400543868,452084.73251157
177139.63314498,0.284849307062655,621871.385160213
193763.790337623,0.25812188465592,750667.811820422
182061.097011285,0.240191919560979,757981.772842546
184893.556005833,0.222489856687188,831020.158666318
184226.465505,0.13797198175921,1335245.48358313
225300.53522559,0.273580152835065,823526.607799722
194755.119078199,0.205005183491699,950000.950030052
181358.293102819,0.263624369375897,687942.065189823
204630.505059392,0.191935456033386,1066142.28182936
215664.072298093,0.177574434231841,1214499.5603169
184771.928529936,0.19280060152244,958357.635146848
181860.694955798,0.197750171442055,919648.734712158
165879.104533096,0.166356806086961,997128.451999642
184389.270310452,0.136753334934578,1348334.72542855
178717.652431241,0.069871750076824,2557795.56451271
163144.478902727,0.235948548064396,691440.910491222
157059.715269164,0.206443768333923,760786.90355584
193939.371635615,0.136936564804112,1416271.62849488
177265.775728616,0.179299139504411,988659.377945617
197071.61718813,0.233595271772882,843645.574212381
172352.933210384,0.0767499747483363,2245641.56243087
200416.594673637,0.328047749793859,610937.263857401
183908.244950153,0.182563529199956,1007365.7414276
190113.834074091,0.153553069377242,1238098.5599645
176338.011597321,0.032147941303907,5485203.85583418
200989.718495408,0.287465127882536,699179.479528163
189447.218912244,0.0776127524722117,2440929.00815589
192569.698325068,0.126949812901212,1516896.27518332
181527.716927505,0.32890069885649,551922.56373621
210404.539615403,0.0757164727188889,2778847.61479273
176160.609878611,0.282101302243368,624458.690823901
155452.218405406,0.180771961485014,859935.45198265
172467.844478796,0.12558126911876,1373356.43833713
210185.589271535,0.217987134014999,964210.985300961
175811.365689774,0.208598125938276,842823.323071446
185732.26084333,0.203823056802746,911242.642303591
189978.804994844,0.144882215374148,1311263.80490689
190154.803180655,0.232859296548314,816608.166387725
191493.588461015,0.245244644682957,780826.78913772
192241.956213776,0.159770664567512,1203236.8816526
187619.096811088,0.176632505745413,1062200.27859147
191975.074270264,0.0734945394415298,2612099.83393384
188177.347114105,0.0473403808510511,3974985.9154318
169411.8670773,0.161856921432637,1046676.69184483
175898.578164917,0.152726412516319,1151723.36773197
209427.44374166,0.199418112495288,1050192.68872384
182866.470348169,0.233900804873233,781812.061088363
194016.59205978,0.173182573872017,1120300.89241634
172983.349716606,0.128042768780657,1350981.01488991
204815.624235645,0.20475212122739,1000310.14578933
194430.937679241,0.319124064865147,609264.418092075
188692.442749635,0.0836462048292039,2255839.85710916
177886.332743822,0.265780168408811,669298.743426958
172559.592704153,0.199289358243081,865874.596744274
209281.966603438,0.423223187310807,494495.511772954
216683.408433991,0.016803500138877,12895135.3374686
189313.49810604,0.191042207234348,990951.166481303
183985.34217059,0.165194853079382,1113747.42457731
189913.326278241,0.142146047479401,1336043.66527154
183273.827385402,0.305368179502034,600173.297965322
178720.552783411,0.218804475241932,816804.832651618
192889.306028574,0.225647180639723,854827.01570532
218795.009331836,0.146722302490435,1491218.48293036
196963.091591665,0.322679922540523,610397.728005311
187322.244980127,0.0761639241318641,2459461.57731858
164113.186904848,0.200362836852498,819079.972528358
194390.176360785,0.207497706878414,936830.480130035
217512.294786305,0.450268537609489,483072.38151947
220453.693908632,0.166342793631161,1325297.53226012
168559.315902721,0.175321049408731,961432.277933464
192393.072483739,0.204630768275594,940196.208541946
183858.805923701,0.0130502735900607,14088502.0267874
178083.129223601,0.100158149720489,1778019.35958857
187479.531196476,0.21147699346947,886524.477772763
169896.927422009,0.195967267831939,866965.842314605
176859.955246211,0.302702489349474,584269.906819378
187697.28269118,0.188140618357546,997643.594082781
191863.9469258,0.0699413787955285,2743210.81782944
175502.942466906,0.221253111847545,793222.481715133
203431.751153799,0.129501877930359,1570878.77338116
179225.026382909,0.0917884695286222,1952587.58865155
160181.055378284,0.12933439839389,1238503.11570205
181166.762600753,0.123364180384189,1468552.395327
195153.552213732,0.295808687878298,659728.940395499
174701.099302493,0.191851213113579,910607.217266163
199397.447024427,0.204255890395919,976213.937516932
197082.752827055,0.2475572216642,796109.891289652
171084.039658858,0.289717963095476,590519.268570439
201313.001506778,0.151438596227,1329337.47751477
196174.352765727,0.216905304089247,904423.953989663
174625.797851691,0.256791670856478,680029.057287027
167918.424181301,0.296108718031165,567083.689051088
205383.093064907,0.162731425164936,1262098.53356069
169019.067399443,0.109958651069202,1537114.77683617
167617.994324873,0.129521453175843,1294133.05838462
215191.240500899,0.177700993060175,1210973.76438425
161666.791268249,0.167375122419389,965894.984459895
193622.139757313,0.164543832663412,1176720.73527899
194603.397096695,0.222789571449055,873485.216704568
182354.978878534,0.202831348207602,899047.314382044
172251.816915982,0.191634133692009,898857.701378099
179037.129560043,0.143036281197461,1251690.32682612
164536.334189222,0.15952770780611,1031396.59217821
217623.627318562,0.0872567138042035,2494061.69256948
185135.596790134,0.344557219097568,537314.519994745
194881.513184623,0.12550114616931,1552826.56081654
205040.30288847,0.222121739719985,923098.76172837
211351.572205629,0.277525172083047,761558.206123312
193855.492262582,0.184382760594615,1051375.36523164
196851.716756072,0.190950663047178,1030903.55181137
220766.18829507,0.273475545788668,807261.167203853
158215.064458414,0.0741040980788971,2135037.98791216
180825.886591203,0.0982572303399286,1840331.60680004
210905.328935501,0.301782830442369,698864.572998886
207406.593014274,0.421198575968405,492419.976818325
198504.843019584,0.235477590887485,842988.253240767
171678.798558836,0.109212664738887,1571967.85710978
177447.812693167,0.190781644316912,930109.462723803
201765.900052068,0.19740903007782,1022070.26685928
192895.435730599,0.119583394269393,1613062.05522192
173696.103426404,0.134994730359132,1286688.02822386
149167.459757613,0.128076481607985,1164674.87148955
171420.373091637,0.146530673593558,1169859.99509643
175912.852633498,0.192622969436443,913249.614769029
167882.665063696,0.123794054628728,1356144.81298957
173405.378287049,0.178348095460928,972286.123038741
177490.489116325,-0.0551449572093813,-3218616.86178134
177880.772893355,0.20462457699855,869303.069565371
155839.214338062,0.151926956687335,1025750.91172779
197245.894216416,0.236881133469229,832678.784197216
180183.483778224,0.124403302503609,1448381.83675226
183861.052122747,0.197334135274233,931724.518250416
212500.405344058,0.19867752959337,1069574.42937296
186034.008271752,0.359423596197177,517589.858429037
203529.356680462,0.165184453853621,1232133.84754004
172317.771755866,0.156815672110993,1098855.55082722
177981.802181838,0.110024815803538,1617651.4441946
158435.771847255,0.150509840095463,1052660.55526181
179881.351586385,0.0600291234711009,2996568.01873816
195940.876342284,0.454426117344819,431183.131566365
194345.37779235,0.0700648230057822,2773793.88764475
170163.921534576,0.113466609350382,1499682.79222228
170708.616883673,0.30348492146651,562494.558407612
217083.925239866,0.339720853552813,639006.769733427
204623.149829287,0.165698713915548,1234910.91146053
184228.582462171,0.133090215096888,1384238.37040203
179760.996377314,0.144187719941994,1246715.02156793
167731.435330594,0.151762287957547,1105224.74053313
181950.688610257,0.130119048930118,1398340.13625457
188009.226457215,0.189189059368377,993763.736047418
179329.598712956,0.144577881122308,1240366.76510184
187784.7231486,0.0810076173982279,2318111.915642
166836.125421739,0.145921743674645,1143326.01311101
186765.012793063,0.106102381493264,1760233.93786802
188366.061669294,0.0931932894761132,2021240.61429954
194145.93600618,0.164183779080999,1182491.57799199
188719.489332869,0.14029895223671,1345124.01072294
168717.100234919,0.0893946547385018,1887328.73043083
162196.699159377,0.037933567881307,4275809.21644086
166206.726220303,0.0660136932737327,2517761.36098172
196599.565495971,0.285599254304259,688375.626102044
192527.617927599,0.19025260389092,1011957.86018247
186732.945171457,0.125459241510565,1488395.29813141
183972.736383749,0.20850409552992,882345.912276573
178504.479933066,0.149931084312876,1190576.86237073
162623.417590084,0.269501714809859,603422.570816739
186537.204210229,0.236639701682198,788275.183260435
196557.731967162,0.184409044209627,1065879.02350237
193207.517672842,0.273624251012117,706105.24088483
196830.180213222,0.0874792241156417,2250022.01611923
187116.763163335,0.241531226825999,774710.44064267
223185.767071289,0.291927352196961,764525.027859354
184218.130438394,0.13827827802836,1332227.54191813
189875.100999977,0.0871010424199986,2179940.62670806
204372.579768492,0.287353434109862,711223.72489328
207501.265765072,0.316668709887648,655262.927109825
152670.442163293,0.149585631881708,1020622.37022888
183422.911511651,0.114330616861077,1604320.14229861
192664.790228931,0.170798005659216,1128027.16568801
195665.568320609,0.371015054156074,527379.054107865
192219.262207604,0.178224885998783,1078520.88741926
179028.524416833,0.0662500763340176,2702314.23605028
181827.565796773,0.305730709282713,594731.115573461
177618.860278403,0.0803624205818924,2210222.87522316
156162.446889071,0.119811556667296,1303400.5335789
203770.653279494,0.148477270129291,1372403.01564041
198683.782291482,0.292025603492407,680364.255446688
193973.845246254,0.271472741351709,714524.207036131
191912.80286593,0.0919283417986426,2087634.77194324
165720.408946745,0.0786558877239804,2106904.05692568
195752.937285293,0.2477259604907,790199.528937304
192353.673432576,0.21755188773184,884173.773153723
186223.635985443,0.143043501953857,1301867.14839738
189206.902072579,0.120040399324421,1576193.54098639
190462.224479934,0.361397017637516,527016.591683578
178734.823105129,0.120058479863266,1488731.3524933
197819.676994272,0.0917221895196658,2156726.50238967
192216.825940568,0.19473569364319,987065.197676406
175550.725167242,0.0939212851893494,1869126.09653205
177984.001509458,0.141564758965863,1257262.06726617
158311.439173829,0.142126817112709,1113874.5128464
161367.164508353,0.0345609378118922,4669062.08930556
174443.914106959,0.175278888217771,995236.311005265
194107.569476706,0.205099112662863,946408.626329726
185646.744596629,0.109865550236296,1689763.02578329
189428.280310001,0.123835869548933,1529672.14588137
187871.966260613,0.138615340321578,1355347.58147808
195418.831038946,0.224495271778383,870480.832361846
177405.042885849,0.14005328629446,1266696.75221228
163341.27608007,0.160391826113401,1018389.02915529
206357.365001703,0.0753160729995872,2739884.81851456
164853.216226236,0.21789571185745,756569.34604608
198689.121526703,0.205031366221895,969066.953939484
185372.712303294,0.293174731734264,632294.301786274
175698.935474933,0.124795489760237,1407894.91521283
185586.085466217,0.201636345091589,920399.967485615
169125.39159189,0.232692503147261,726819.254184816
173514.811886392,0.178242703058208,973474.980514224
199209.368315731,0.305856451744761,651316.54794051
184581.509238621,0.0746989001303425,2471007.05521158
204243.361677465,0.230918800334907,884481.304169459
175017.829098608,0.178854051913095,978551.099214952
185301.088905171,0.240537212335914,770363.500539763
181015.584117239,0.131460039910331,1376962.79600029
196628.462612562,0.260818281840643,753890.644570303
179061.305662341,0.309841177103946,577913.19841994
167070.369356842,0.0904433841736866,1847237.04097584
185695.917658297,0.179080649167072,1036940.16367482
186349.774877928,0.107973930706842,1725877.47484976
210563.837958929,0.214593675084113,981221.081545837
170662.79530149,0.113358644365033,1505511.96388629
166469.841936217,0.250649278316339,664154.483325975
181652.941374035,0.220850934313488,822513.800716765
158448.837385586,0.147330143229554,1075467.88398018
178188.686248146,0.246031271690432,724252.185601638
196759.542167538,0.199060549394242,988440.666753378
181678.108580464,0.0931899230475508,1949546.71748963
198185.215502061,0.21784301953241,909761.606901408
182802.435041535,0.215808398542233,847058.948012911
204170.002365648,0.177601109618067,1149598.68665639
192616.243159312,0.308986598234928,623380.574625642
179404.519293628,0.170553844098535,1051893.73034583
153467.91714228,0.0113527734664083,13518099.1320206
183676.54700894,0.285592050109608,643143.066967187
181422.914771436,0.168428614940854,1077150.19110705
197141.6959171,0.132703290951605,1485582.56922954
184027.035273375,0.120700772542751,1524654.99098769
183431.37278306,0.193773975887821,946625.42760258
171148.405222116,0.279768617682753,611749.833271836
200612.32402628,0.0435647423442255,4604923.91854743
215590.705722804,0.254442736715448,847305.403588341
186259.863395722,0.259936164708843,716560.0200509
178913.164752629,0.277737271963115,644181.328231631
199340.387382596,0.176750990956412,1127803.50652606
177917.115124685,0.0829457373798668,2144982.01770005
187107.247286965,0.287488082873616,650834.794321614
196464.280519733,0.237178988791147,828337.626031175
179369.619538324,0.064242194395671,2792084.25592652
185907.135916137,0.140548232643338,1322728.37886125
201301.946288492,0.0914997619779828,2200026.99391645
190285.329260384,0.0746574434516459,2548779.06961317
177994.384763066,0.431026152626604,412954.95337904
177935.480304335,0.372651271496129,477485.235968619
178503.333390536,0.170650284355799,1046018.3764966
171823.928647885,0.0535699822847592,3207466.59452918
186643.274109034,0.17873988523335,1044217.26502379
199283.209274676,0.105355589840287,1891529.52944193
157723.57247848,0.162665122232525,969621.331935059
197926.582472286,0.356722882908873,554846.89083668
203705.143522543,-0.00285667891739816,-71308379.2098258
209261.295292839,0.337075356874412,620814.577586595
187040.774252285,0.262697851957962,711999.633260098
195062.641974969,0.215915278401419,903422.135844961
185200.891954541,0.171403290810362,1080497.87771837
167029.946775646,0.125641994316727,1329411.7757681
177228.128918635,0.128595661204823,1378181.24855979
164432.486308673,0.362530549279842,453568.634795921
202607.274006284,0.237506045580063,853061.544229134
189064.693553566,0.220656112289723,856829.623216253
206378.681436974,0.33552155552951,615098.130167148
199809.887833438,0.274998046892717,726586.570672583
195122.8964637,0.30790876080815,633703.620356799
169935.606723391,0.211011955128569,805336.39252738
197890.400903427,0.288023890650844,687062.453243919
184440.412669208,0.166298414724328,1109093.02999042
186589.763962555,0.184254238762565,1012675.5575105
197801.777387505,0.0966939525241484,2045647.86342875
157884.951006798,0.155221896290793,1017156.43720147
223806.219346904,0.362805565944527,616876.476975339
182584.736890215,0.0797847678601532,2288466.10433522
209178.568679429,0.175302919647634,1193240.64368059
173244.496163112,0.14461714905622,1197952.64457719
186182.516756489,0.202269880633587,920465.845796193
198307.371334495,0.4227743208313,469062.006757089
202729.930609277,0.0782631002818482,2590364.16752195
184733.360966619,0.225553087960007,819023.861022797
157000.277683903,0.118777650505057,1321799.82527284
176035.057316229,0.395470554926703,445128.101506458
196221.976353254,0.238187012053986,823814.760767809
199156.45606301,0.107794491258488,1847556.89959553
195317.543593281,0.237100810305345,823774.255945163
218828.034434082,0.30871645969786,708831.769605834
178341.694610236,0.207907211427314,857794.654576402
216980.56685655,0.188032644193998,1153951.57998568
196195.216867366,0.0322491435630656,6083734.17680662
188709.198672148,0.167737324223025,1125028.07318685
176693.785127277,0.163209453719246,1082619.79377265
202122.531658417,0.242775106874633,832550.479579406
176700.763477614,0.0804029373276696,2197690.39976111
201739.638612865,0.124770801850645,1616881.79943216
189117.587899981,0.131334175651517,1439972.39836329
162041.78797638,0.129613124259691,1250195.83396289
187762.862783978,0.217988724598332,861342.086064092
174589.102615558,0.338064933099694,516436.594043526
162843.468885334,0.239839782735754,678967.713478745
169733.36023742,0.266287049887909,637407.490559032
196101.759826997,0.0956321609437669,2050583.79829258
191049.60256644,0.145859246258073,1309821.6771833
174678.651598839,0.412997809266359,422952.973792124
197637.389218266,0.300421209244878,657867.63096732
182846.96202072,0.200182764253109,913400.125644836
201677.827319238,0.276648625898617,729003.538926473
206114.715941762,0.194024944376617,1062310.39830465
198176.107550441,0.162298969912124,1221055.85548536
211718.722723112,0.225527536110723,938771.053744709
196033.563928131,0.190586894362646,1028578.40558082
191160.340752805,0.0940916575521955,2031639.63443584
173695.921431923,0.144081612884061,1205538.43030403
172277.883359581,0.129339845844532,1331978.41882896
191431.36284381,0.175501205571522,1090769.50337983
207637.495597434,0.313051793090434,663268.827013082
211183.154358765,0.158342126599968,1333714.27360132
178613.191745476,0.0647010724521997,2760590.89866606
203993.973016055,0.252113428888835,809135.689102869
137723.84042299,0.105331738570408,1307524.61026673
191049.389927297,0.251217919484312,760492.684277753
190120.592107338,0.110785870069022,1716108.66971473
158456.569397692,0.211788421125599,748183.345225097
169638.648481781,0.387126394609416,438199.644467369
203186.249318315,0.137117435484605,1481841.08461632
181046.174818489,0.194411690296034,931251.482577035
211498.544843911,0.320696067465775,659498.404564883
210559.876809748,0.132586467881936,1588094.77447763
165550.768641354,0.144512218141521,1145583.19545846
201020.945182915,0.268370981551137,749041.286137006
180122.07876634,0.19510748298898,923194.108226561
191627.621389692,0.108652980843241,1763666.49034841
192951.06705675,0.166554113978709,1158488.74847616
184656.688021049,0.0976942024012591,1890149.91148204
176051.233275368,0.165652308311246,1062775.61158148
196228.240596736,0.18320799731679,1071068.09457358
184629.782622003,0.292151035372918,631966.894747886
201357.813389135,0.294046926729113,684781.220565632
189800.657579779,0.0877647850407755,2162606.07818498
183409.85191938,0.20233158743279,906481.554593174
175316.443398581,0.230071343192719,762009.04017728
218191.567266649,0.244034449198743,894101.500763739
180577.031418353,0.156945526915145,1150571.37955888
190291.61499957,0.238727679797526,797107.46219694
136212.236414745,0.229763647505448,592836.325039255
204318.72892622,0.166814837403109,1224823.47557899
206891.23590545,0.218957777090873,944891.013483321
217259.617057842,0.153807921782366,1412538.53858879
191686.692758899,0.0403748500197785,4747675.66108599
175844.938082268,0.183932287953398,956030.830904584
177719.186715425,0.153528250076866,1157566.67992013
196269.830165608,0.0824059384898883,2381743.76461584
189728.889094845,0.338725019862876,560126.586372782
191498.983770027,0.300205388363058,637893.226414827
169985.533172094,0.157635880763849,1078342.90231642
179486.785440777,0.128447955296308,1397350.27332066
192212.737930521,0.0778652545498907,2468530.27119258
166758.219582363,0.230423768387119,723702.336567138
194595.600978002,0.278272411617887,699298.934618117
201226.845138151,0.23943479271471,840424.413079832
195254.093612637,0.255561756183066,764019.219967994
201538.307191723,0.163848512666879,1230028.29816021
176214.159950413,0.211355541407629,833733.332832562
197214.861184418,0.247788221430125,795900.87069587
178608.964543633,0.187357893244896,953303.655641413
171711.592337503,0.275044127061629,624305.612964526
194936.491129278,0.137398641110839,1418765.78657007
173727.780262248,0.135021360033793,1286668.86645763
207965.075769605,0.175107294443117,1187643.70399865
169480.637773884,0.0694591800666714,2440003.43239304
195348.300859874,0.179836475274461,1086255.16910148
180343.315538107,0.347906886134297,518366.616832332
207080.209213567,0.322016302612286,643073.681467907
172506.801268494,0.215646648811742,799951.226782527
180918.333783729,0.226048786980329,800350.827803703
180163.687146418,0.167938362576581,1072796.49737124
190827.461872445,0.272704136393859,699760.056432877
174192.23910404,0.160225716325016,1087167.79740085
202818.533492358,0.244285219973895,830252.986709685
182535.2031535,0.0150237401179051,12149784.3893051
193982.574168993,0.158008595288184,1227671.02520719
183482.144872147,0.28813678240667,636788.345242171
181850.889979464,0.336222735479144,540864.346131478
172550.069698082,0.0968862569062525,1780955.06223388
171769.573052551,0.243449601031192,705565.227155754
182480.119487132,0.30783519722944,592785.104268382
169940.062174507,0.0680514672846931,2497228.47949131
198309.548868371,0.275269063909831,720420.762332127
186768.838883026,0.328378453953855,568760.942242793
203150.368721257,0.148221861571964,1370583.03388414
178397.794634312,0.211471657096951,843601.44088966
184409.297747999,0.237322631829264,777040.505267393
189527.994335882,0.0886123641448848,2138843.67226673
180360.539080135,0.259945980580084,693838.537828708
196171.439862507,0.1592766229509,1231639.87425186
204867.081611224,0.164212670257863,1247571.70862346
214837.872912642,0.154328301477979,1392083.44065977
179474.670714107,0.3316952132415,541083.089382528
173854.700810995,0.258800872421772,671770.149706687
181762.162311385,0.261890013799677,694040.065423868
179580.294231542,0.241161504082629,744647.430006129
174075.626072354,0.338709838569394,513937.318170608
173654.379454365,0.21921622422452,792160.252137672
179485.423135806,0.243858849502442,736021.774489706
172587.87343306,0.37042215072109,465922.119120274
198161.472264251,0.172513702637934,1148670.91271089
197538.762431752,0.252631615010452,781924.156339576
179453.17804302,0.276122608492625,649903.964846158
190216.017992963,0.214816071624508,885483.178956254
190079.297339692,0.294003010967695,646521.600966114
177786.957276259,0.160570424011985,1107221.07368284
151381.75812185,0.0876872585673636,1726382.60786263
176757.175798389,0.192463162096812,918394.84435716
202433.188335121,0.215288573329097,940287.657653225
186977.562244235,0.207211344311306,902351.957928169
183136.786508874,0.326190389455229,561441.392601206
172300.318111748,0.191073796306157,901747.499880471
174820.228455728,0.194040330009853,900947.903185128
189540.622196049,0.0582401572063661,3254466.18429338
192356.333258712,0.161211800312791,1193190.15658589
194261.427160545,0.142973466513019,1358723.62822549
199061.057676674,0.0331684256996868,6001522.63719149
202187.77917567,0.252448298622931,800907.672099895
166144.966034309,0.173506578439865,957571.566036578
188414.223933907,0.287061121469933,656355.77179211
190493.892022874,0.204751300555146,930367.18939701
188646.407617677,0.309370087022559,609775.849479336
195446.449767741,0.275591444494728,709189.104640291
202007.843336679,0.404888961040414,498921.587828904
173415.517503368,0.167797830992131,1033478.89825525
177383.318242188,0.0344806180308422,5144435.58069412
188348.255994745,0.210806709721213,893464.236711592
178680.549158396,0.187786402499962,951509.517087806
177255.928589619,0.120954266684397,1465478.92396494
186845.057416385,0.220810567202708,846178.060150795
186097.479584519,0.160293574900184,1160979.03300493
201928.510690146,0.274453452778045,735747.751198631
185674.761733256,0.150269661054228,1235610.43813263
185039.564522011,0.13648335155276,1355766.56359058
182645.571533733,0.240601776529252,759119.796073191
194215.999537736,0.269968770332773,719401.726719495
193093.278207221,0.0957884134951538,2015831.25935153
164867.670390578,0.0709452128794629,2323873.08035415
183355.93889492,0.16204414824723,1131518.42185115
185245.518485818,0.206917838374011,895261.229971774
195151.765359894,0.42560813826572,458524.515426572
182599.62462413,0.136997303323064,1332870.21127363
178488.789959344,0.199529069669369,894550.304149219
199795.390811878,0.202396828376414,987146.846196134
169657.697788224,0.131195601354604,1293166.05157868
199783.16575146,0.307899862034676,648857.600751249
188517.627487376,0.217783611866311,865618.977809496
190913.756234473,0.407102040944465,468957.993410101
171929.401108333,0.185103235137592,928829.801275672
198252.542065296,0.349517672180971,567217.505278664
201576.49720729,0.182108498457545,1106903.29619232
178484.266267589,0.387913057784622,460114.096923974
188249.737559003,0.131598887279739,1430481.2255657
175248.938597332,0.323307460565695,542050.400849696
165466.390295222,0.0545874496559587,3031216.72358914
193203.970845962,0.198927130832573,971229.867124418
184605.938916731,0.281026491155748,656898.707867438
198983.088474979,0.299937479852755,663415.217640234
181226.81233614,0.248694527818135,728712.50495977
156620.826289543,0.238040520750033,657958.67777491
206049.943677647,0.235067412233986,876556.821379159
191946.214012037,0.306684334178151,625875.509834607
181390.403355729,0.0821674926537741,2207568.92412485
179235.061245175,0.109960162367943,1629999.96894719
198711.217084033,0.195695350037733,1015411.030695
201608.151255588,0.348333344482818,578779.363069367
220655.793440663,0.269523273717114,818689.200370348
183694.103709411,0.265781686768362,691146.579521509
189591.894029426,0.133929314839065,1415611.61764508
181640.30507341,0.0854271392206469,2126259.95357585
191319.05230068,0.169499617359825,1128728.52033958
167358.46731531,0.141866848267586,1179686.93432621
195629.501145123,0.0485703338337579,4027756.98052038
190960.101137697,0.217834664016399,876628.621068872
193642.367570962,0.159431382326778,1214581.24959404
179738.984967959,0.141944746446297,1266260.21369492
189746.646554783,0.137785225020504,1377118.96559698
167518.426990267,0.245324399258851,682844.541742919
199566.748802021,0.210894155140969,946288.666315211
178136.065263938,0.266654471768036,668040.794826422
184491.464590236,0.277461931715146,664925.323087718
178407.002542175,0.130851805759868,1363427.89850052
208575.748233369,0.172087927985967,1212030.09806926
171368.841250606,0.287737140782942,595574.28277874
205027.527353327,0.235127342705539,871985.048587449
198525.387107337,0.158337174944482,1253814.12910106
187223.550947132,0.0338072950199234,5537963.05906156
185211.499956019,0.179672716556633,1030827.0699388
186545.873799057,0.0663292038079878,2812424.43885015
193730.717370413,0.0859594889476362,2253744.40614029
192180.215060857,0.0500166256386304,3842326.67851999
187814.86261351,0.323241692687902,581035.388881131
203396.974252732,0.326403579002566,623145.661803951
188170.977827043,0.191307910754836,983602.701449114
178286.42755903,0.0923182304166298,1931215.8254597
157608.445484597,0.192623744432114,818219.19695961
167882.627594593,0.0810114354438928,2072332.46361701
179322.624622993,0.240957548645089,744208.370442549
201085.739874142,0.275187211770624,730723.417633784
202283.641315112,0.258761419375199,781738.026493836
190575.019183794,0.216661850502713,879596.563684882
206682.973212238,0.192973354781023,1071044.10060535
198106.575515525,0.139583159682265,1419272.75443884
205316.480343259,0.350577254223402,585652.599733192
185445.764106753,0.127498115996791,1454498.07361405
176607.836129226,0.137258056751027,1286684.6603371
181610.430960876,0.148104143173983,1226234.64184613
187227.628630981,0.187426943267973,998936.574253854
172044.667922216,0.105544748608787,1630063.74253558
179726.851268397,0.264244336734253,680154.032777422
155996.110273084,0.192584614990378,810013.355848172
195078.525979449,-0.014057894966678,-13876794.956987
201438.388964835,0.26199353211824,768867.793552722
200075.052033227,0.255223506817255,783920.942581848
194366.667720045,0.232404143257063,836330.475851522
186255.87604864,0.123056053203725,1513585.64816218
207098.740225606,0.218323023630768,948588.640728313
178595.523040836,0.21971224908423,812861.020654197
197649.069962328,0.0923671895349437,2139819.03051792
179232.561916653,0.331759161349076,540249.020367114
204350.673404143,0.277381428612783,736713.609220792
203207.806408231,0.179318663597133,1133221.73125698
191361.154018859,0.236708270091687,808426.143897453
200969.933298224,0.0779679172693944,2577597.81634071
191705.021912764,0.163816924457557,1170239.41541787
180973.141470114,0.127865871188201,1415335.77168334
195293.900943404,0.305668336212672,638907.854713242
169174.954485994,0.16759613041926,1009420.40882916
172880.352152964,0.214158459910862,807254.367746764
178370.032455089,0.126468915224207,1410386.35572125
165130.511055649,0.156267514006371,1056716.82374698
208959.748689217,0.232246603259592,899732.206010582
214055.97488589,0.178046762096286,1202245.81658009
165270.328629745,0.163556141265718,1010480.7276007
218240.779660278,0.283043530738053,771050.230652516
196770.934098181,0.135831493576286,1448639.99443302
162392.904983382,0.251159966220391,646571.615003657
185766.937677009,0.352413880611147,527127.187370874
201176.609426141,0.0644669494437417,3120616.24075607
167765.836264381,0.119310313798566,1406130.2072143
199022.173011731,0.359178349085549,554104.036388698
171770.113823273,0.368447295217146,466199.958726904
185272.636426616,0.228833439691076,809639.69547778
184926.315821097,0.156115045078042,1184551.53203621
192047.675053491,0.338621956326721,567144.780382147
179612.549641316,0.242678860140672,740124.416017124
195288.017776899,0.204991680583734,952663.138429798
177971.418498987,0.10608041697593,1677702.85574358
199674.24613419,0.288179943620774,692880.439996716
192622.702891671,0.372117445078691,517639.539449535
195211.893402704,0.0497399199894075,3924652.34049986
168495.55154819,0.250603892727749,672358.077578787
184534.068124376,0.289916968676999,636506.614174654
204586.100112551,0.113413090609035,1803901.99238828
183095.743236657,0.17922400313034,1021602.79894821
196471.105563938,0.442249841173978,444253.648666992
194862.630432396,0.259364564938883,751307.83759267
196938.093798306,0.189298037214919,1040359.93555872
183520.458231627,0.0687664352360685,2668750.49726831
190143.650240697,0.181457058365797,1047871.33635435
190158.378184569,0.224580937099782,846725.375004027
156917.967201791,0.128157677432253,1224413.31916881
190533.393040258,0.204286663674493,932676.610470528
187721.20713538,-0.0538167512320064,-3488155.69200947
193014.991255071,0.220668872670759,874681.548507534
193569.10841272,0.280941022828945,689002.647116357
167101.396957702,0.0934687410250614,1787778.40725273
196551.162869421,0.232678366855988,844733.292249182
195087.20937826,0.0973230026870258,2004533.39901181
181417.231811674,0.187450242654403,967815.401264367
181757.150390572,0.0490992363039223,3701832.53494011
215649.404882387,0.245106985673941,879817.457219515
218690.998905878,0.221013961032963,989489.523122304
171955.122008792,0.187041475842406,919342.200623324
199441.944539385,0.201745676743986,988581.008318089
190364.367677072,0.160508347024023,1186009.14660582
179305.584688296,0.146157641024682,1226795.8310713
175421.539726537,0.151380838352234,1158809.40835038
172884.3021848,0.223471487027506,773630.249140109
199511.792740235,0.193623872467909,1030409.06163728
171505.248448763,0.0875811257672531,1958244.39279918
188678.446448391,0.247885489938444,761151.636972557
193874.35081332,0.166207150286622,1166462.15568335
159834.14576229,0.191399549104722,835081.098727351
172697.725035617,0.135689752328997,1272739.62898016
172248.221975342,0.113799059319219,1513617.27421812
194445.535649287,0.0695158515803025,2797139.51895805
170381.503313883,0.253919873965716,671004.993240061
177953.131700589,0.271702346950603,654956.181637038
180636.484556441,0.0596022617028711,3030698.49021752
230359.7903509,0.328763801528152,700684.775149049
194513.316786123,0.154745033671474,1256992.30644829
203748.211021715,0.18716712680601,1088589.72458818
207573.923260863,0.189280630247964,1096646.407976
186348.192540467,0.163719675401338,1138215.01345918
183544.772377154,0.192958641838515,951213.01968305
189633.730861427,0.407043944744771,465880.240474608
195140.781069732,0.358693179725206,544032.594149766
171534.457556017,0.208307207068394,823468.66423924
176204.57028166,0.253595678805437,694824.813702158
192583.513618744,0.226835464115595,849000.901907486
192281.750682647,0.185736118963193,1035241.56613152
182485.116870659,0.0883086844621004,2066445.87655449
199189.824591146,0.06891348090436,2890433.3662609
179933.559100326,0.219091536767984,821271.153394089
174507.137806477,0.0731444282547687,2385788.52785139
167646.878511325,0.116038318140265,1444754.46730171
206863.975150876,0.131642068195695,1571412.37589308
186519.897469595,0.160697021029771,1160692.93801681
170194.597367523,0.21212147418235,802344.967776416
173749.760334501,0.0618473181464129,2809333.78425849
208517.721903765,0.221907305229234,939661.367562293
221312.552305788,0.321178614539605,689063.786588124
192166.552001644,0.205222551258266,936381.264258861
178359.907368331,0.264078489933194,675404.904857839
175401.981734053,0.163926813651701,1070001.77595554
163579.935397075,0.0772973088103509,2116243.60426853
186967.771692484,0.12613882330199,1482238.11510326
188867.460857559,0.114502712097774,1649458.4049353
199886.077158948,0.257342262416833,776732.415739704
194663.663001609,0.134436901843391,1447992.77826544
199043.116131947,0.251158854006223,792498.902415823
193954.694320509,0.113118016340699,1714622.4853903
190053.940262346,0.222716008233097,853346.563500878
180182.683662858,0.233706508985508,770978.456890265
187021.017979685,0.0816984811954174,2289161.50267644
195341.705702552,0.140007990161229,1395218.26916879
170494.852812795,0.240304602078118,709494.746827076
176859.788357215,0.135102496580679,1309078.60945116
188336.681974091,0.176568584208855,1066648.87651427
182709.508370645,0.33201709728339,550301.505150186
226602.576502374,0.339930932589924,666613.581694069
182983.873634729,0.206776259172802,884936.570410681
191248.794479208,0.204984639792185,932990.855671417
199315.559193494,0.149569169061612,1332597.89062136
160726.809644361,0.357395443938975,449717.007785372
156695.754111969,0.077665728317592,2017566.27416414
166461.276672972,0.0990988195824626,1679750.34792877
212219.839032141,0.138827760131786,1528655.64373209
177022.854059852,0.222410214536039,795929.514429595
173981.51055221,0.105548852154823,1648350.56943119
156579.458926279,0.096769068953817,1618073.42593124
181789.46510507,0.188809249989233,962820.757539351
216183.472436081,0.343009314903125,630255.39844927
193949.912676682,0.276258786988598,702058.800702283
189280.152782979,0.167829300558457,1127813.51142585
198321.691378414,0.198565382894809,998772.73917114
167080.521968889,0.147187676376887,1135152.92911524
197237.250179357,0.16773356381328,1175896.13965944
187870.851880119,0.211973490056185,886294.091918393
193760.346131934,0.184556063704944,1049872.55494193
196651.967687259,0.415548522251446,473234.669736753
176489.895877989,0.219194467761402,805174.955738857
191027.315677333,0.211236850334028,904327.608441719
191678.668031043,0.27855811670405,688110.152017896
188120.221483883,0.0498959951868297,3770246.90617932
179572.868695591,0.355375892480437,505304.024542058
182688.418756821,0.12284671864407,1487124.93726539
202644.33312097,0.199536997893899,1015572.72716273
205823.69641018,0.325130850408068,633048.805279023
185228.903312658,0.163702599046522,1131496.41112307
173472.824229694,0.0421943013779582,4111285.61356661
173304.504978881,0.0895207924277683,1935913.43730246
222082.158210569,0.122791624395024,1808609.9870796
194257.965942969,0.337970514912646,574777.850053512
191151.872365279,0.136188477475641,1403583.29800308
178344.712589001,0.170900044540916,1043561.53369113
183072.073625181,0.287623301158382,636499.452192753
223136.255687479,0.232226120559769,960857.698305516
191131.232085475,0.165283143176829,1156386.72166945
175717.560214789,0.116566007020447,1507451.14039949
167241.211628799,0.0820568629551668,2038113.63980822
156934.810335363,0.099312499332732,1580212.07189214
220552.855643369,0.23077789782161,955693.147936789
172043.337418297,0.238373399282594,721738.826295538
188879.366881821,0.14557372602074,1297482.53372942
185888.392776831,0.292625572422012,635243.158136402
197657.63435448,0.175594896998156,1125645.66358985
186013.474434287,0.0903195086982772,2059504.94101653
182886.099844976,0.410726924271297,445274.193235442
204848.40921986,0.128452369630667,1594742.1585826
198163.689003911,0.203218451943294,975126.456820006
192858.293079657,0.129589661886055,1488222.82790762
188696.45505383,0.183794764234793,1026669.37134714
209000.03483895,0.158096346526193,1321978.90356893
161468.930713694,0.0934244561128591,1728336.85559417
177214.721656102,0.193120972180458,917635.819948685
188634.034481683,0.352114548214446,535717.809554409
204860.614948324,0.158093006898056,1295823.38250056
172287.628619532,0.091269554896023,1887679.07125007
172339.885256617,0.196925389884482,875153.200700596
181128.38931121,0.0980434114474842,1847430.50692631
189884.014281422,0.104582604652255,1815636.69132931
173907.046681875,0.120343725129517,1445086.11890409
166539.657737813,0.180033080639669,925050.313787261
187086.746869315,0.127637789451752,1465762.98189522
181037.592941666,0.318255326785281,568843.873786308
192396.696102265,0.403664984258946,476624.685332738
202005.734167767,0.161139859635468,1253605.00266505
174829.605876032,0.119591348630524,1461891.74951247
185545.98167383,0.303328905889166,611698.977813962
194281.185069188,0.23335388579959,832560.316720168
185233.081838583,0.227380668949934,814638.652854736
179096.936312824,0.131443228306394,1362542.1303207
173253.099210682,0.12703532649938,1363818.26996388
182823.948981816,0.256910119005499,711626.111456911
206188.933330314,0.00426556466489036,48338016.0726302
211036.598546819,0.429567614735084,491276.789282558
203737.633590487,0.281948415771048,722606.059102418
187589.717530038,0.269886696568106,695068.411727732
183899.33343383,0.248598238704675,739745.118034787
174161.438999704,0.0582648104183169,2989135.94242044
216993.72479259,0.216914000299083,1000367.53963966
185665.015895179,0.24514212538726,757377.034248509
186126.468708429,0.181203900000878,1027165.90927418
173106.649144539,0.133630380879746,1295413.8722415
221908.390240093,0.325692333720354,681343.609489523
209962.65409784,0.22171408722914,946997.354664456
192970.175877542,0.368719053560173,523352.87263925
170601.321600691,0.0845909473005163,2016779.89247024
196181.17255854,-0.00343306202373428,-57144663.0449006
207333.92265711,0.159238759762913,1302031.7601431
152077.127431452,0.139990783461035,1086336.71211492
181200.799346072,0.156192768113491,1160110.04564827
179852.540351055,0.190672435875566,943254.013225214
163998.621325234,0.304986818976589,537723.636305156
189665.94152537,0.217730502082152,871104.13888545
202891.329940742,0.255787835138614,793201.638501662
168852.817299395,0.0477092733263572,3539203.29375698
198509.072118069,0.353596018830369,561400.755513879
186582.301314558,0.205773473905331,906736.41151822
188030.415851403,0.214957618407341,874732.50422364
200844.84014362,0.0680574154609559,2951108.83631546
152230.421773581,0.221849228093375,686188.647496705
170940.021330442,0.142065477900728,1203248.13498949
184529.331268279,0.156099600149156,1182125.5857924
178068.299907386,0.0659210761433793,2701234.72377916
187934.36353281,0.218063880276233,861831.69489025
200682.814321468,0.214013470908287,937711.133181279
213106.7105049,0.266557093472376,799478.669761924
184998.128369018,0.105310539547086,1756691.48752489
173563.301996808,0.247058082028792,702520.235612376
203565.448819517,0.208476351590435,976443.83771371
191354.903669902,0.0666314016881809,2871842.68710716
197441.846985726,0.185300748857636,1065521.04188968
196530.315316713,0.211473870427508,929336.162994581
170445.866427199,0.169156656160872,1007621.39838648
186366.820388979,0.198955011727597,936728.453184917
176572.193445949,0.217647712899734,811275.207506051
166517.3398845,0.120781263435246,1378668.63740646
183854.210372067,0.264541344885918,694992.347798615
198952.114547539,0.177343054701888,1121848.92090629
219158.685018335,0.25529298635969,858459.482743314
169523.399847302,0.162801635482994,1041288.06411782
192197.902250479,0.267239057165751,719198.399698256
174501.602931454,0.259112840315278,673457.952601376
178049.868538388,0.0199223940470435,8937172.31563396
212331.525105563,0.202308255706062,1049544.53966557
164013.795348818,0.124798448675519,1314229.4402654
209281.596183757,0.209195230774567,1000412.84597584
165094.394471312,0.157981600752168,1045022.92472845
181268.862933138,0.0948496519848903,1911117.84956274
185404.722244491,0.080202563181748,2311705.69728979
185087.264395261,0.12040295288311,1537231.93628771
192952.359512804,0.272926508639375,706975.516869842
171056.98249424,0.0267327219976369,6398786.5698585
167639.6131043,0.112609838615679,1488676.43507092
187944.627762655,0.25784125545051,728916.043455772
182196.157062225,0.150312260276531,1212117.73894582
186480.481389148,0.183384932811542,1016880.05950187
199614.540497848,0.160652216523192,1242525.90358149
168764.159862939,0.290384108194105,581175.605347282
201501.888970383,0.157005624345428,1283405.5455686
189823.501853988,0.273133730084059,694983.742196791
186233.426617463,0.146508490309297,1271144.26081588
210062.618047896,0.0141688483397185,14825666.3499631
202291.141259123,0.186770756427501,1083098.58100107
173353.053173598,0.287398072133486,603180.98826036
194513.557262386,0.155179460188711,1253474.89304217
165271.371054652,0.240452225684109,687335.584374147
216871.846418996,0.139235173644271,1557593.82304559
196407.334052943,0.214059376393125,917536.701089125
198824.804675756,0.0633959249976681,3136239.5088181
214437.789637611,0.0669004950539323,3205324.40701285
189296.377511674,0.0988511267289227,1914964.28797193
192557.218720296,0.204951940853493,939523.763075475
174806.312146379,0.129489901479312,1349960.9633598
178848.85272386,0.197222961956292,906835.851920205
183757.111636729,0.095665784951036,1920823.74833155
202533.885314282,0.264159595292925,766710.310445825
179980.355715451,0.192301024359719,935930.301540046
186594.412013292,0.307116088012743,607569.643194821
183989.524659255,0.270423144948282,680376.395646321
169785.611599383,0.179578825536861,945465.653268417
199030.973921375,0.221526792647115,898451.025011789
185912.148999943,0.268199007481932,693187.311710941
210193.70935319,0.155305981885424,1353416.69909572
194191.643942012,0.196524362009635,988130.132855957
176924.019197606,0.0994330883179746,1779327.4069073
202824.180931896,0.19180553996362,1057446.93803092
183366.142105881,0.325053546882624,564110.571517912
191898.535329088,0.167476220234181,1145825.56891215
178350.299479127,0.172399026902354,1034520.3374039
199145.769420876,0.265788811000125,749263.178805458
182851.232101722,0.15988172837164,1143665.59558757
207755.952574514,0.2474747456609,839503.651250096
187708.933584032,0.254552646255057,737407.119295675
188409.867969375,0.212226261894616,887778.290431052
195453.103680345,0.344472080594199,567398.969876448
190293.27874937,0.176314259854339,1079284.67559334
184329.248390827,0.325364090803232,566532.24372662
188069.629811723,0.10294356881326,1826919.66074036
193133.387522039,0.2736544893845,705756.327829415
220747.973049738,0.244854982445965,901545.767395003
164231.492443251,0.219564595681239,747987.133051632
178030.733949391,0.265443978503271,670690.421961095
184016.435621647,0.234068510632292,786164.850301996
191066.720371781,0.235364576077186,811790.472280426
176932.950364158,0.309749856885322,571212.371632067
183585.284545441,0.145344512759574,1263104.33782336
194779.516272935,0.283151946748967,687897.499944156
189588.093446708,0.410529439433678,461813.636820401
202970.650141419,0.15499644727974,1309518.08059894
208723.502112789,0.389343528402098,536090.84750788
176646.065430411,0.220311177255767,801802.55777643
189508.065511825,0.400890819113711,472717.399542323
225753.009792581,0.196689712397591,1147762.16326069
170274.78000346,0.150261971649184,1133186.11578583
154469.298095403,0.0599962128123669,2574650.8130187
183102.009432666,0.112659116233285,1625274.6830848
189138.883830107,0.161631374606871,1170186.69358063
196383.047289295,0.152059652947419,1291486.88348778
207758.33475523,0.081979451987938,2534273.28089237
180014.044590783,0.230952926855753,779440.412561715
211917.595377222,0.172997190687484,1224977.09087107
186261.780935921,0.0794247992407657,2345133.7959482
204322.325879091,0.173131639918643,1180155.89741485
203698.7287587,0.0917672112670107,2219733.23528387
181795.722378717,0.109751569505496,1656429.36313192
169031.069905298,0.213074557423711,793295.417102146
202978.944666284,0.246223465390278,824368.808003541
179092.738039296,0.0672904112591091,2661489.72324868
200764.353925616,0.257960686270052,778275.003174093
190382.078057554,0.176436613494592,1079039.51615683
182124.543215781,0.212080640946424,858751.380621247
188428.296721154,0.1448627642507,1300736.58124498
182971.168933202,0.153844299498133,1189326.9333351
190224.642904182,0.437342212792901,434956.053497312
192388.038546509,0.178566747664244,1077401.25786607
194962.937194401,0.0598172432491674,3259309.96823586
231044.780341885,0.277847204383759,831553.374288299
162789.299620868,0.149404733968019,1089585.9541888
199677.926009726,0.265243517043866,752809.826363083
189612.494946256,0.0825779899577751,2296162.6341742
173533.288993613,0.197770116259707,877449.496797247
182593.567773262,0.154234186884374,1183872.21057643
192923.496308565,0.196320255528101,982697.866756546
190206.860638231,0.0763801731849247,2490264.85155669
207739.421246603,0.208707839737702,995359.932370936
175000.609422014,0.14713010285435,1189427.62920009
187275.876466828,0.140447316892343,1333424.38012099
174567.018890634,0.0779795679369847,2238625.1105123
167766.266356034,0.160246395568056,1046926.92625829
186138.550320882,0.198087097259986,939680.337061927
192499.029347188,0.0802259232238293,2399461.69033316
190858.816319433,0.245784212816256,776530.006270646
180426.27680889,0.151727920788969,1189143.53976969
177600.890931271,0.245419303063929,723663.088901395
182228.414751925,0.131050468816824,1390520.89166224
195403.936995383,0.208642278189355,936550.054433566
184606.302628293,0.135527870284858,1362127.96851512
193215.953348547,0.083361675725755,2317803.13515042
192351.19870521,0.221025601457979,870266.600051667
183666.024311709,0.202541081704644,906808.745988334
182749.875649159,0.235587020769424,775721.323918018
191319.178277862,0.226879229408308,843264.404488746
189599.934095135,0.146601208393094,1293304.03325698
202714.444790993,0.256658606276744,789821.341788222
188920.403669385,0.11314533178251,1669714.52284511
185964.069567753,0.252212109202371,737332.042287226
204825.975551946,0.287216051316533,713142.509316837
213555.100535557,0.147534096417112,1447496.5836493
195179.45179849,0.253969003819707,768516.82237982
197680.204239235,0.177447777163647,1114019.05055665
188466.60822191,0.343418807693622,548795.243590878
175394.017607878,0.0661188755151986,2652707.20715087
165132.667130096,0.0497407306517708,3319868.14359788
182029.321801472,0.171087054538514,1063957.3069539
191087.751332249,0.286681380729358,666550.966254224
158969.281705383,0.17490874921221,908869.810237517
182737.213968098,0.110821868411196,1648927.38759886
196584.444669523,0.301368646110553,652305.563988262
187191.467982423,0.249730811070783,749572.978919956
163584.407247746,0.112944306928637,1448363.46068427
187804.712112171,0.373355156166204,503018.932537703
164617.040337813,0.31603621941004,520880.298609797
190491.391006839,0.17830566139944,1068341.79863813
184917.616760097,0.106003813451183,1744443.06048722
167934.259893912,0.269817818446105,622398.701690843
171749.990770291,0.201368299806696,852914.738492418
173686.564426085,0.172548892323546,1006593.3318216
189595.724963738,0.15347433098082,1235357.88527029
197795.748110543,0.278600771531319,709961.236012972
172229.13078903,0.237297962083022,725792.709204866
176802.636191316,0.244065966924579,724405.120546575
195575.118385726,0.379113634237448,515874.66322362
195347.306107264,0.111232676359339,1756204.31424477
213841.421385018,0.24268636935137,881143.106456924
210706.153296802,0.182430911591795,1154991.50587086
172773.838229541,0.360492411862807,479271.775338487
201691.477272649,0.155200556800146,1299553.82526346
186265.628300191,0.198761992562655,937129.004889984
172991.275080478,0.176094624962169,982376.805184385
199479.79269921,0.0708138944859606,2816958.36879524
199434.249231467,0.169426116339664,1177116.33566364
210390.486812781,0.150695505313396,1396129.80742351
183496.605112166,0.186368567273911,984589.879056565
180010.270919351,0.333816180674636,539249.686925161
183971.967813899,0.148650807846184,1237611.62471625
203187.551853517,0.19992207048785,1016333.77124246
194061.715316476,0.133149110404498,1457476.61946016
180901.024443836,0.239266729499708,756064.266946303
200725.059976691,0.38339163141989,523550.968583497
191708.296961135,0.207299221939414,924790.238803523
182446.233344395,0.161588114598285,1129082.01075286
201033.017844356,0.24595109165707,817369.894518121
179210.541849046,0.226633891502482,790749.082853231
175974.020924607,0.202696469219006,868165.200916617
182719.224364148,0.258610985689087,706540.84503518
171847.028980777,0.210552667004637,816171.228916288
187190.145151213,0.296103273746857,632178.573315083
186672.402545053,0.319347973577067,584542.311178952
211265.611461038,0.187182778992107,1128659.44505475
207746.325070823,0.147888045448942,1404754.01132099
190574.394546191,0.103832458964998,1835402.8831238
202356.137393573,0.346810518314126,583477.509209475
184079.40894358,0.226414318874666,813020.174070701
202156.17477443,0.0251703802114314,8031510.57220101
196745.59041785,0.168012780813178,1171015.61836907
191952.082045627,0.207207484432483,926376.200026561
182899.746809017,0.134593432667068,1358905.43234334
199326.29779029,0.293066960877842,680139.095834056
192461.6691409,0.204711986273673,940158.281125777
163257.102688471,0.173097815717716,943149.409549496
204200.076835853,0.222295349090185,918598.061865025
192046.252962134,0.115178598753573,1667377.92472212
164075.044516541,0.136703835731128,1200222.68313851
177171.080825855,0.162306672124785,1091582.24062188
169827.588580457,0.204468037037529,830582.574377071
183852.329638722,0.100257339258081,1833804.19826873
189397.198628354,0.35000491872412,541127.248493441
182566.548754754,0.0780880617682359,2337957.23213887
213064.070327342,0.503178459297577,423436.389993271
197386.246619167,0.228055348536608,865519.041258012
181213.141343362,0.218012979986319,831203.451073116
189800.61187631,0.0879588329672173,2157834.58549353
170371.968075117,0.170822238540553,997364.099257312
187986.10350861,0.115788255999541,1623533.42215773
175994.881756237,0.0851634823319978,2066553.37401711
208160.59718979,0.266987841178016,779663.209647802
188145.722053152,0.283554006665994,663526.938890248
163083.336233141,0.133263650836275,1223764.58403876
193062.896205267,0.169254614195557,1140665.48272771
197500.459607286,0.152475659953984,1295291.71847421
155909.754288655,0.095609209250141,1630698.08349477
195733.865501501,0.0807856453426067,2422879.27108097
193526.9822035,0.102539306103087,1887344.37123009
192637.475162571,0.23711793658324,812412.076194604
180333.105659741,0.310572881029485,580646.658722982
196240.333057162,0.216188247859072,907728.958444986
199770.273706405,0.244820466792396,815986.818111114
187980.711707057,0.178073261672677,1055636.93246991
182623.371557372,0.168726970761087,1082360.28142746
198801.244130326,0.281923109831778,705161.220195638
200462.259921527,0.163336199875499,1227298.41929914
180776.8137413,0.169462072623828,1066768.57506982
205697.3433006,0.10693622616316,1923551.54731899
189566.691552845,0.072989669482512,2597171.52984594
170764.4963449,0.272037597840763,627723.879714807
189280.416575703,0.240904659343892,785706.748434054
193497.419848646,0.324630819169747,596053.758369342
192693.944409186,0.293877057424578,655695.773252528
192097.281378507,0.14636928403156,1312415.25603887
205286.273378946,0.168443084007497,1218727.82482307
193145.349446113,0.140192342728944,1377716.82594356
197465.648996422,0.329194170940382,599845.521056277
179180.765550826,0.117107038059964,1530059.75148205
172993.85397572,0.286506739292826,603803.78626595
183023.191147918,0.144760353497266,1264318.48725331
168093.505151138,0.0328368029331029,5119058.19496461
180278.452474468,0.25856030014073,697239.492591652
186962.289270856,0.150340202535237,1243594.7678535
192639.568244069,0.00883798807388481,21796767.1639313
167545.252972947,0.197468441571162,848465.970764086
184977.371826344,0.305495066212057,605500.357566964
167635.972213423,0.248725415573287,673980.066842143
184451.876978624,0.0706251047190918,2611704.1201181
175445.708831124,0.250522099142991,700320.288834017
196744.610612116,0.20102233806781,978720.138782531
191497.158413106,0.228760856456313,837106.318710065
176918.138242201,0.28269446720408,625828.089215776
194667.825997318,0.271696472436268,716490.075309983
194506.693915425,0.0669419202624674,2905603.74056792
200531.003963797,0.23676566071846,846959.830894781
192315.193888859,0.275236420806725,698727.273538795
149411.496820409,0.0855138070983473,1747220.73417424
181320.178535996,0.164889756132973,1099644.89479731
145437.423548591,0.0912574237586994,1593705.12072698
189293.895493979,0.238289482183784,794386.280750669
164728.110984859,0.224664162466747,733219.349166293
197253.715342591,0.0843641768070666,2338121.73375073
179055.641968263,0.257092481246184,696463.938191972
172220.819666421,0.300391554381234,573321.110911964
158107.746695147,0.26809939816426,589735.552476984
160357.544951178,0.131494800616626,1219497.22878171
205738.764439405,0.288455618101346,713242.355248982
192784.047890959,0.141783526376709,1359706.96185639
191223.792470212,0.257905231111532,741449.840493992
211200.869455453,0.220213299693462,959074.087484478
196987.10035502,0.319659150214571,616241.08123541
230738.860280696,0.40831014963625,565106.84460392
160675.709735502,0.137955300771568,1164693.99027701
197098.904479087,0.141501988414825,1392905.54632543
210822.60371627,0.136533530933009,1544108.63233085
182384.534313962,0.153454467738099,1188525.41084199
185860.619025907,0.0417485355482787,4451907.51208445
182438.272055143,0.346098298920313,527128.485243289
201444.276532939,0.129797929758223,1551983.74048163
190921.099698903,0.162254066130862,1176679.9085634
187802.806462669,0.06546351254671,2868816.5232299
171771.10827262,0.291213549106296,589845.866717974
208349.973544855,0.0634750638893404,3282390.9229628
195747.35203392,0.0993666175679707,1969950.84289773
178046.5930035,0.0350848767781232,5074739.01446105
202078.649696854,0.167861100896227,1203844.4202852
184010.792048058,0.177260962891545,1038078.48635372
187400.899256517,0.34595772626155,541687.278620969
192431.324842971,0.199144510139628,966289.880188259
200019.029040697,0.298500878825024,670078.526495546
177434.699917108,0.210390364017193,843359.441607352
187887.496479515,-0.155001461836966,-1212165.96445484
181047.466943702,0.281596203400505,642932.911585475
194217.622898999,0.347207295837278,559370.800174721
202244.024328333,0.233197425565343,867265.253199216
164473.790482792,0.176193531686758,933483.703449441
166989.925809064,0.121479131306776,1374638.78785368
170121.519797419,0.20175017686922,843228.603004875
206894.79417479,0.0853709537744463,2423479.94285521
173935.343073003,0.0819562055846523,2122296.19260918
187280.264020022,0.207838482660278,901085.600813111
189478.638504485,0.233599120287647,811127.363284446
193618.969335601,-0.00724094323669344,-26739467.912749
183728.116024554,0.157645578232642,1165450.48763386
178894.630873686,0.152802549918127,1170756.84253659
177026.020168181,0.139127724349741,1272399.30787031
185193.817513447,0.0963804251862526,1921487.86598072
156915.118746949,0.257288265758941,609880.587768295
194608.402595028,0.203689802715407,955415.538729412
178865.564044674,0.255976899238746,698756.663498174
152166.270570871,0.235506058565784,646124.653852022
194948.955115946,-0.0271050025547759,-7192360.69880379
207805.808256418,0.0628285048292134,3307508.41232489
168378.71272546,0.264414771629298,636797.678465264
198395.470178605,0.188552055675828,1052205.28870659
196093.818508568,0.150859284680976,1299845.87241846
213601.279046388,0.358797473008648,595325.483357682
195375.063743591,-0.0107528760811341,-18169563.4051225
200112.274792018,0.167634313631311,1193742.91848229
225214.920549676,0.408625949271565,551151.783069954
182532.141831419,0.229934286824877,793844.816934322
194797.666498753,0.318840637699503,610956.206537083
186463.607047109,0.055119767741181,3382880.85542492
178396.374857815,0.337371422966743,528783.301469493
188095.439792526,0.272655398528666,689865.085406518
192078.628363759,0.134616120946506,1426862.00592637
185143.793827742,0.179439878799101,1031787.33215167
213134.121862681,0.222575626173944,957580.690781099
181455.319568154,0.228160052387907,795298.377910838
206104.800496154,0.463589059425304,444585.126214272
192842.929866794,0.0419186728242172,4600406.3791682
204239.061433557,0.23520126413794,868358.689236361
201974.467810701,0.177532448646376,1137676.34790534
167197.757385175,0.217951476448577,767132.942201582
182382.398171926,0.155674218954133,1171564.56218138
157692.552115098,0.291888588357154,540249.116975226
185626.299539959,0.298428654150563,622012.320057935
180468.682517139,0.244623275853503,737741.254945894
196411.168984109,-0.0466354292734261,-4211629.91408397
186437.883738172,0.188476830205573,989181.978149901
181665.880517429,0.185333722397392,980209.527804666
178707.756838831,0.185679475382983,962452.939239665
170574.690249056,0.290858179094566,586453.132519947
175835.3733115,0.327906347290616,536236.564995984
183479.211506212,0.146493049122955,1252477.25134189
193143.483896566,0.208459023647078,926529.734800821
187376.411855432,0.114090063755551,1642355.22084469
165508.772218711,0.195558199748473,846340.232378844
198730.878548575,0.235460596500359,844009.067768893
186346.601208463,0.254789151074744,731375.729392013
202214.556949955,0.127180494912222,1589980.89360731
174694.088894765,0.15832771094101,1103370.268265
193390.742274935,0.384803185900256,502570.533096011
185892.459383901,0.150949037071015,1231491.52184685
185127.651194811,0.253795850077724,729435.296669018
196027.884821842,0.137101604730298,1429800.07569906
180892.953738162,0.116033716238191,1558968.88941168
185465.151804954,0.228495198058385,811680.741568861
179509.683235648,0.209485914653812,856905.742480578
164370.646744965,0.0852907103058621,1927181.12154904
194620.241016546,0.206332620033225,943235.446655052
204759.603269779,0.124918192166202,1639149.588375
193908.827108669,0.304587944353181,636626.7303207
180730.551481759,0.154446174159448,1170184.70975639
185422.788993451,0.207804843798489,892292.911002874
170541.801328954,0.225748273021908,755451.189265149
204722.091125022,0.182706751981622,1120495.48746625
186817.207910573,0.195195114267358,957079.323484962
185183.968081887,0.359635860154016,514920.753460405
178691.523698213,0.0930931522582078,1919491.59915205
191479.463265755,0.183159457694734,1045424.93014413
206252.720551184,0.184960565452865,1115117.26862527
211070.606363532,0.311513821318714,677564.178276324
180323.836350843,0.225512819601213,799616.787505563
174801.64712881,0.202009202648327,865315.267013446
220375.930277095,0.107015709938953,2059285.78526282
206417.473138114,0.170066380349786,1213746.49541881
188290.31580641,0.168010637321483,1120704.7292257
167418.042759983,-0.092655313571317,-1806890.89817953
182219.819666479,0.175239436455147,1039833.40367063
189338.812945452,0.0531610412818394,3561608.43316914
172667.846468182,0.114941455007188,1502224.29720752
190479.010521472,0.195788546184916,972881.275401934
171609.523125419,0.167237985156976,1026139.62350921
193845.783603442,0.241301005566287,803335.995838574
191382.262665234,0.100598269734627,1902440.89853722
199399.966561485,0.144398417402612,1380901.32944822
199914.924080599,0.298021157561829,670807.823565759
178047.488840688,0.17266731503002,1031159.19078103
188712.502354283,0.200963673835926,939037.880589082
189505.319224243,0.192902160732451,982390.858167115
191079.612406053,0.149284974744393,1279965.46694147
171972.909406867,0.139826492295339,1229902.19223714
218267.367389954,0.236313373884669,923635.272104736
180859.240341753,0.267300523194971,676613.865846544
188884.22921178,0.176483973959485,1070262.78349297
173535.122760415,0.149664289162448,1159495.85389777
195389.740046715,0.193889644944982,1007736.85001156
173504.136254626,0.147677446654061,1174885.80812929
191293.197113612,0.139595638700258,1370337.91954174
174017.138106464,0.182586242160896,953068.183270455
152128.485152909,0.075754432902995,2008179.31470377
195458.465889074,0.131142253817716,1490430.88858879
198963.652347283,0.290061588161334,685935.885576887
192395.417568261,0.236830438357177,812376.225382393
165173.066916554,0.0474005747921193,3484621.6030278
216651.278454194,0.131445461730866,1648221.82220172
191632.450232146,0.0867625723638845,2208699.50038405
172114.877074499,0.103849234505958,1657353.35357359
192297.066692732,0.268547711488531,716062.950701943
177503.52479769,0.323595465058362,548535.266913199
182823.307552634,0.304276413727226,600846.136291488
173530.333943873,0.330207230024986,525519.48644717
205022.70244262,0.422651921935721,485086.407518575
180064.657967784,0.122523704001169,1469631.19859702
183439.067100109,0.231235556990017,793299.566415854
188347.298692732,0.153220064306014,1229260.01595039
223384.535514554,0.246138836173928,907555.016457072
216766.815771428,0.133643040730126,1621983.56597677
187724.476429259,0.293950080055931,638627.063457645
195314.765823778,0.214999853270883,908441.391249218
186200.491783579,0.192951960298152,965009.58837557
196532.53675725,0.374200224372795,525206.891809491
197251.515696392,0.126804746592391,1555553.09242838
166426.186602859,0.16211878285884,1026569.43056234
167225.225023495,0.129040819027215,1295909.51362628
175980.868343634,0.144245759685491,1220007.22050574
184818.335566825,0.279807770620483,660518.952554404
200799.686393247,0.195575114803879,1026713.88737063
188836.542848893,0.267956649695927,704727.959030616
187773.563014154,0.222247771384079,844883.896224324
213438.350287419,0.10918523743561,1954827.91721994
202475.577587743,0.291494919238188,694611.000826038
190214.396120389,0.238746713509371,796720.479726825
172975.104252971,0.272177877844404,635522.275443179
187643.432323557,0.0407610344312327,4603500.25316769
183912.135466628,0.226844292779743,810741.734839233
183828.711354665,0.0129163248684467,14232276.8455399
173692.492077959,0.0398770709830337,4355698.34484229
157531.677773666,0.384838295873848,409345.118359286
172568.98443287,0.261154936532124,660791.584966429
179350.1313444,0.223236506584486,803408.609498749
189110.430764874,0.125097528672488,1511703.97026767
155175.154401382,0.236849442745973,655163.687962787
175544.419831566,0.31517995495737,556965.68601677
197969.995925399,0.229395469097833,863007.437348155
190130.684347397,0.369344279064226,514779.015473351
170988.514492039,0.29320977729652,583161.025763202
181439.812564966,0.134297920344568,1351024.7373857
198826.947519453,0.197267983436705,1007902.77294667
165108.976217479,0.157275204129703,1049809.32710356
162657.220930571,0.162645954968335,1000069.26678403
178203.026446034,0.265152134882003,672078.41462539
194240.047167928,0.154057393865088,1260829.11241526
183051.282888298,0.191732174208561,954723.867519387
195907.097751189,0.00194508666839788,100718955.578752
197922.730406884,0.225702125294374,876920.100547313
170197.175926368,0.165703902307795,1027116.28124621
188334.488259712,0.0571521712269604,3295316.41959507
208551.92778966,0.258519411982689,806716.703361622
195973.336302296,0.285943846621499,685356.018735051
181952.350371195,0.232994501335843,780929.804471758
205191.603446614,0.149707666061942,1370615.20524751
179252.579186188,0.153563312827449,1167287.78433951
193888.879401251,0.243836500423293,795159.375502293
188608.483448192,0.222043950044126,849419.600987602
178079.830396627,0.0334143175677089,5329446.87665028
193075.798161933,0.214489824287969,900162.974177808
167334.650126823,0.227283623081612,736237.164200506
188523.833143052,0.252110867797905,747781.461345709
179751.76719965,0.146298965251721,1228660.55060861
214462.564976813,0.271908347877595,788731.080346815
187036.990136568,0.103951154361755,1799277.66348482
183286.327947716,0.161720218375222,1133354.44256238
192602.939539131,0.246210522312271,782269.326795267
173636.342426673,0.17768902811941,977192.256969219
207442.36662622,0.0678654390656307,3056671.69449252
183188.450452997,0.173034765267263,1058680.02981973
196169.342606394,0.132990437981306,1475063.51271637
170120.453818682,0.157128818721245,1082681.42790843
181084.966846063,0.112233450147569,1613466.98874503
192584.218276983,0.128189622581274,1502338.60119904
172886.684381746,0.252700423336037,684156.686796857
177308.864607393,0.123213994525421,1439031.86720249
162385.758036407,0.124763503282134,1301548.55999191
190544.021157265,0.309429815856393,615790.758980048
180406.357896247,0.153851144180596,1172603.29038879
191922.732584246,0.139543090696506,1375365.35579294
191419.210739799,0.129899175031832,1473598.35574699
172961.088008727,0.154425730785572,1120027.64778165
187603.10458794,0.0101485218434916,18485756.5940259
186239.465799885,0.178778228983732,1041734.59407539
207075.51589006,0.180358119463285,1148135.25726639
188731.266536819,0.19754308226897,955392.941980357
169434.876673894,0.111873114759917,1514527.21270438
160276.04837379,0.156536051356492,1023892.24070039
175964.013745959,0.208015812389846,845916.527807905
170256.197915877,0.114751749719011,1483691.51958709
181461.475536009,0.119606157678243,1517158.30571336
187071.871560597,0.320063984543925,584482.730311456
140355.868557294,0.227520793307227,616892.489328517
164672.525737262,0.177852116300837,925895.79006593
163678.176839194,0.0498180487581322,3285519.62430033
178553.831203084,0.292698233556313,610027.020093823
200649.743325442,0.176259884008912,1138374.42055333
174573.044661355,0.193614398164584,901653.215444015
182432.898404262,0.156163038390867,1168220.72805502
180704.221319385,0.251211819968497,719330.091004659
197802.678302829,0.378627965588545,522419.621052982
205491.860992468,0.319342510267992,643484.203903889
208121.170206562,0.301114539359188,691169.448839873
184510.890032998,0.680689992901251,271064.496257058
197502.865928071,0.412401877035342,478908.746361369
175706.41174431,0.214128313473799,820565.990988434
204927.102878051,0.242290169750385,845792.064486867
162325.51908264,0.218955281890283,741363.79666776
186458.792460876,0.0525417037002517,3548777.05383548
206896.519356734,0.254708993515398,812285.881629958
185110.767831694,0.265596053420955,696963.548393936
176456.922519808,0.188058128627737,938310.530937519
195180.952549575,0.260955652999094,747946.826621351
213578.660992153,0.289817695041649,736941.410570051
200888.653801372,0.0856480990600468,2345512.11300711
187024.307484106,0.197870237187477,945186.654357245
191740.249225988,0.140249208283709,1367139.61934187
207075.75324102,0.228087990117335,907876.618731632
183727.60992406,0.184855114220295,993900.605341699
217151.428688108,0.190216243531823,1141602.97068309
201753.464325822,0.221639773860981,910276.44005975
228524.300994974,0.314850086115979,725819.40127148
183555.248714743,0.18766473870626,978101.959804236
176739.431006927,0.310547669112126,569121.743892765
210333.94083012,0.11974638336728,1756495.14344825
164444.508884239,0.138519160871004,1187160.73538287
191218.570524172,0.156969716911488,1218187.64973626
184306.647231363,0.244609607435034,753472.642239993
200604.77863188,0.169825693801221,1181239.27034672
206203.323834852,0.300877595258858,685339.576904841
182226.530388384,0.0518669712558618,3513344.3495178
200924.927902455,0.168418522541704,1193009.68129976
188839.162582114,0.130318929074441,1449053.97798539
204831.55627221,0.247148400252641,828779.616063976
188539.644937574,0.179103490527013,1052685.48582049
212034.364956517,0.137731091071672,1539480.76143664
192623.665335287,0.203039466000544,948700.610426007
182387.322863521,0.263584751024802,691949.447585303
189933.166096235,0.147139293335052,1290839.1891195
200869.11165511,0.127788822864354,1571883.26140487
187565.575718363,0.171385911652319,1094404.86624634
210822.254770707,0.24049435564664,876620.385554785
204980.860031075,0.13203540604438,1552468.88824787
173019.043175426,0.221434356761814,781355.909288885
192848.056627625,0.194392977723008,992052.587940782
183777.875737528,0.252485252105323,727875.684639457
184614.091900253,0.259224000876219,712179.779944095
181365.821315013,0.215610516816997,841173.352730978
188305.40666446,0.25246005664471,745881.978983565
184855.937467041,0.144677713626366,1277708.45165853
210946.160634936,0.149818860768222,1408008.04086531
192786.586617935,0.125513867388511,1535978.37935461
198742.575201716,0.0918381110053745,2164053.38727062
198169.726021934,0.246596949145974,803617.914610233
172290.075353952,0.220274464336146,782160.909450819
198272.945759037,0.182545539279586,1086156.0712002
206213.837053467,0.0828540396907581,2488880.90216402
182476.702086141,0.320578080047839,569211.41351558
168768.099169212,0.136710992489682,1234488.14243632
176978.325946602,0.222138277293149,796703.423215304
200284.010055869,0.29764908343965,672886.365855308
183920.0343577,0.104374842853985,1762110.76662404
182153.21819466,0.0566264742523954,3216750.12614713
191141.35654259,0.31248564020892,611680.44846732
212079.758222465,0.252284641984184,840636.816234578
191910.937407509,0.134500817383914,1426838.44708338
177403.956640212,0.0565467178379891,3137298.91712704
180922.062497682,0.164612357455741,1099079.4694519
182780.022672104,0.318262321665195,574306.194072148
192180.045700237,0.251595518948697,763845.264427879
201189.461506552,0.223016794472996,902126.954079743
199341.11832251,0.30550861016273,652489.362628211
190867.476170731,0.160191210753296,1191497.80611047
192580.576195114,0.289970334864677,664138.889534985
202448.18982804,0.218432001848429,926824.769790459
201063.112888005,0.281955154950702,713103.163242962
197462.196200923,0.329744050595544,598834.750298878
191585.10487072,0.150097472238413,1276404.60571121
180247.808723395,0.24693728067907,729933.561379308
200701.011528349,0.25965015680973,772967.033774685
175796.965318433,0.0827675772574531,2123983.46240831
173482.092945313,0.162528865894672,1067392.50280464
195868.587930357,0.347391513568899,563826.634445144
181457.958304544,0.396846751721606,457249.448350883
212407.024686606,0.18322269263198,1159283.39244116
198609.717336984,0.421573341388442,471115.456880807
197170.215349116,0.288075261455133,684439.942371884
165002.181158321,0.160994685643095,1024892.09814111
190967.963286625,0.0694744185012779,2748752.23724417
217281.312830333,0.560909347376673,387373.314148783
188756.088422408,0.125274463348663,1506740.34736883
191331.143840509,0.0885493674718751,2160728.52131077
212273.32291304,0.316980282454904,669673.587483282
193287.649459023,0.274318876212516,704609.366033134
189288.425700636,0.292787539758205,646504.376029654
208215.530185353,0.148199138997303,1404971.25417944
207372.369303972,0.210555149001895,984883.866706608
183374.584161653,0.337490421191943,543347.522320824
168231.020779734,0.130941755061264,1284777.50050794
203995.885335408,0.0649460524838555,3141005.15017626
205683.589320713,0.164738700259024,1248544.44643129
177975.724949319,0.246293904924141,722615.222671209
186001.084941813,0.263530323533038,705805.246425447
187815.97896771,-0.0159069865182891,-11807137.6216839
198678.345245299,0.228260453735975,870401.955281783
165433.15325015,0.15856315888645,1043326.54831012
207441.210887092,0.237244718370723,874376.518523545
187645.451478461,0.248960306139782,753716.342930204
194359.626305291,0.14901322358265,1304311.26602324
231674.311966344,0.26987298201171,858456.857145823
186252.539015073,0.0838144919603051,2222199.70149415
202964.804556638,0.37175023713325,545970.881207233
176428.522501759,0.240824479211381,732602.113703321
183959.143390367,0.24514693858575,750403.592439804
189045.933555588,0.102212439300397,1849539.39901573
183332.513020262,0.19229551895764,953389.418609634
185178.548164296,0.197816710485822,936111.755723328
196792.665802069,0.115161160601002,1708845.80161444
180331.14198968,0.12650192838207,1425520.89360275
187417.028207687,0.083916878253823,2233365.11209113
181590.996655038,0.293515453951156,618676.101072541
162307.725724486,0.201379503838854,805979.370444606
186529.395581899,0.151362669225743,1232334.21117665
186740.937244816,0.301195824156833,619998.427161392
188488.388489022,0.154239699669082,1222048.46672691
177415.97859801,0.181454549059626,977743.349601617
172118.698257755,0.163330986791244,1053803.08806768
194608.032898707,0.259727310189146,749278.282507079
199422.386943018,0.0305813336760959,6521049.37787253
185627.435267204,0.176408219558727,1052260.69245265
210769.385288908,0.254328117167877,828730.175947408
189147.42488634,0.191527219468851,987574.640361247
177934.140575815,0.128366763260435,1386138.71734708
175079.78380983,0.142276908676577,1230556.56352374
174699.948160333,0.245563730600416,711424.06793211
158906.90887299,0.271726760600378,584804.045512066
180525.059514929,-0.0170313362337264,-10599582.8534841
190571.053819425,0.277991049263286,685529.459759457
180003.435048935,0.12331422140831,1459713.51068195
175054.862491436,0.218534003536017,801041.758531575
200081.956013651,0.232514971534674,860512.141188352
158794.621758623,0.406512203361871,390626.949069144
173952.820904819,0.138539997022883,1255614.44090465
186610.258529421,0.0658964535514489,2831871.04118925
169722.341273513,0.0656369241078782,2585775.3631868
184160.528196158,0.327264045192754,562727.653408093
184928.528959749,-0.0781476425513331,-2366399.32981055
173980.000451899,0.14447138214307,1204252.34306685
180200.009240715,0.195767461361768,920479.87948168
207997.829566589,0.388966728569972,534744.527716519
186917.919157048,0.325129105148613,574903.680406003
197579.041882504,0.039653015846222,4982698.98684966
187197.022145932,0.0564542936145627,3315904.07319601
192041.493255761,0.237888973258896,807273.622753253
208191.018244205,0.215194043212344,967457.161622131
165624.027496061,0.277092101560138,597721.93636532
194728.261411239,0.0836382142452623,2328221.17459627
210321.033625072,0.235744985937139,892154.854488208
187035.055688793,0.24107410716925,775840.499359318
203215.196518992,0.202727172564277,1002407.29423955
182245.896664995,0.0814496110727094,2237529.3664976
197264.142666588,0.218711559924649,901937.431814533
181070.706844282,0.127916963782975,1415533.18253776
143340.728480894,0.389682280282003,367839.996155745
221418.548614661,0.154887684763002,1429542.63247888
184435.704775884,0.144689349627523,1274701.31872651
175542.519110264,0.105184593367157,1668899.53643226
206188.117116352,0.261974714173263,787053.505400469
203129.081272344,0.261665167739713,776293.929478619
176511.905755146,0.193656876520456,911467.276177517
185614.729894575,0.202035052615549,918725.377065038
169480.067733246,0.0407897217244229,4154969.94263066
178678.627070602,0.241869243541139,738740.587495206
211974.697801271,0.183034114898074,1158115.78578843
207779.150700482,0.208349427077719,997262.884831336
189554.683950409,0.217548244509037,871322.516889053
172425.946650453,0.197996702650645,870852.616948321
183900.313179564,0.281785494657046,652625.194222238
199908.253010212,0.239398352823368,835044.39630672
211136.374223106,0.274978538055651,767828.557515917
192413.262691339,0.269259943132723,714600.398606247
174014.211030822,0.310978460396462,559569.980534901
202688.111357063,0.0932872350190402,2172731.47087802
196549.504626585,0.120380277503324,1632738.42445792
176679.231549463,0.186942507305261,945099.293340286
180061.132373259,0.252821968575294,712205.24619732
183772.26966937,0.182541201796305,1006744.0548268
170187.599835826,0.26491392916644,642426.015012975
187586.326366832,0.225643750876028,831338.451158328
187337.102405682,0.237664501236193,788241.834313762
183164.507435981,0.0829754317078734,2207454.70877256
180764.069811663,0.146178440691967,1236598.7005743
211752.515128527,0.198738589831499,1065482.628754
182196.310808223,0.148800385832203,1224434.39772851
197810.807241696,0.16885288197283,1171497.96278589
200398.098633996,0.14813769286307,1352782.6359442
159585.150270351,0.161703648432535,986898.884578553
187426.677035279,0.133592341473996,1402974.7137246
187778.356874989,0.201357757321256,932560.827916841
185126.536394704,0.17652313611228,1048738.0887962
185778.677524016,0.250018519466968,743059.665820315
171820.927909317,0.128629755401264,1335779.01453141
170036.392472908,0.192732529372854,882240.237422306
154890.595288453,0.131895048232312,1174347.31147479
176460.430831757,0.0812976114548394,2170548.7734997
184794.418758429,0.191458702759206,965192.054971987
211725.172506805,0.0907299018338463,2333576.56326508
191382.102096229,0.194400375986898,984473.929768159
188388.053491439,0.0701908324692463,2683941.00574289
194821.712985821,0.164009858842978,1187865.86587055
177528.294215151,0.0980368891895248,1810831.57251097
184127.805116332,0.132916702797552,1385287.18543959
162576.384589781,0.295897040908496,549435.655357082
193705.043461829,0.222286713216208,871419.801296991
204248.781761344,0.244592782670577,835056.453960995
186553.232892221,0.223043244914676,836399.385077034
194843.844454422,0.344649929892087,565338.413141211
227072.217228289,0.349156016517046,650345.995733983
204532.998820323,0.124926297825445,1637229.3294572
181030.852791495,0.262945105389978,688473.940304024
184158.734609195,0.34662877285352,531285.193358769
199105.841346919,0.329280818174323,604668.812628833
195726.771744398,0.325549337719777,601219.996684107
169471.655656458,0.0669568507146904,2531057.74610866
154775.03010493,0.0955311360915151,1620152.72127258
211395.634371894,0.128978105772105,1639004.02402726
189283.319695909,0.075020826868598,2523076.95871503
186899.229311457,0.133758588249603,1397287.69387645
183511.562412378,0.112113190764479,1636841.84850193
184218.267639977,0.184550780723879,998198.256964299
212008.498757625,0.169664332797995,1249576.12045689
191561.47243787,0.123624194900791,1549546.77433167
175027.497723035,0.161417795614136,1084313.5173363
192508.06639486,0.176656257829175,1089732.50515141
198857.662650839,0.126966148598504,1566225.83929573
177514.491378102,0.0821769269155538,2160150.03287381
191457.329050966,0.0754042507711702,2539078.72690073
160465.284718303,0.158950402112203,1009530.53648163
194889.418470805,0.263925498368015,738425.88031814
223967.70740058,0.493616384616602,453728.268308067
163963.884810076,0.0527629441991242,3107557.53491099
173694.278279277,0.161376356774229,1076330.39778114
184593.06166708,0.222987553372956,827817.781194004
172244.324006031,0.177437251084029,970733.726732845
196596.787996596,0.154711074301239,1270735.07106415
201040.036351269,0.169851515134223,1183622.27262088
156047.046100031,0.194492252983394,802330.394688547
199396.619726918,0.21796680004855,914802.71161711
187021.659259712,0.0481956468236727,3880467.87594622
190086.673701674,0.404118330071224,470373.797863046
162564.417040097,0.0792628481715368,2050953.5146691
217348.547441838,0.526359792457481,412927.717041371
184574.016700953,0.190489424255314,968946.267870321
193873.79222887,0.190704504921091,1016618.83818157
186732.01026789,0.232652573662056,802621.726158641
181257.685571206,0.201997165726455,897327.865563548
168641.872579514,0.281545704333154,598985.777385397
214880.255763091,0.248691021478141,864045.088905542
204471.126873263,0.233137116725069,877042.359215536
191251.396710468,0.199466203584849,958816.046394111
187421.413286263,0.121485649801192,1542745.28385017
191576.804035356,0.0911457543339238,2101873.0431863
190516.074925794,0.267011434186892,713512.795831973
180716.447925956,0.115617704370578,1563051.68754019
210753.900283946,0.331165371168453,636400.779285412
183604.180678128,0.179185306806257,1024660.91640342
185384.553917948,0.257542931556313,719820.003591955
209428.637864497,0.13017270507595,1608852.16099877
195750.744954657,0.0755312739567069,2591651.5729214
177378.577899701,0.284100032760143,624352.54292792
190731.929754686,0.195404314018674,976088.633009704
213598.513010607,0.307113102127717,695504.397340168
182766.512491589,0.21525015792827,849088.865953327
183099.936264298,0.0698834316442365,2620076.48960952
189819.822886504,0.0714751758872422,2655744.74676299
180103.668020247,0.267512597086795,673253.035489062
191685.553044547,0.0792000421542891,2420270.84620897
176980.163040776,0.134342692393245,1317378.41402437
173033.638970442,0.225191903677244,768383.037511165
187060.378501692,0.138765702794107,1348030.34708974
182374.665962825,0.0881042326042574,2069987.56554645
175418.947563565,0.122128258419286,1436350.19310046
169743.271413065,0.164641915196164,1030984.55342203
175578.277662555,0.14899824087562,1178391.61476493
170796.017751593,0.274781100251123,621571.198293849
150488.153792876,0.0627546579899299,2398039.58165185
200401.836027291,0.210427131832592,952357.399361996
199670.126131626,0.097545389857728,2046945.8005432
192866.923324147,0.212519591024777,907525.383397057
172242.44391926,0.26626419726707,646885.483242405
192445.992818976,0.205255827154401,937590.885905571
165753.897958602,0.336339121625294,492817.776170753
191881.734465511,0.167448717951323,1145913.42838045
184750.922470955,0.23958480674776,771129.542723736
177848.250751492,0.218355534024777,814489.321490298
216688.60894636,0.168777226554978,1283873.50218588
185914.64206729,0.134385840718037,1383439.21557457
198530.005654983,0.286044778806542,694052.191699862
188992.351445624,0.199782313732137,945991.403918866
170827.09437473,0.250467754296991,682032.28337398
194614.980646356,0.215610820564102,902621.585211661
188601.502792268,0.086436922445599,2181955.32020438
204283.06984194,0.241084890146603,847349.121372629
191674.612312032,0.085952846427649,2229997.26336433
200712.922999411,0.154961525177162,1295243.59527271
192759.905811426,0.158350100733536,1217302.07254995
183419.224715208,0.187878176635306,976266.791598935
178633.844069362,0.377756384171134,472881.072443865
186818.838582049,0.18040814483781,1035534.39203093
179459.927417461,0.182870409316126,981350.280171524
186983.416541436,0.16792221543507,1113512.08687297
189427.50471312,0.127652465433993,1483931.42325221
189424.938581866,0.274162375572727,690922.443993841
175258.692969164,0.115511856616582,1517235.52977682
186261.617630362,0.119630473185657,1556974.67936367
181149.983658534,0.18522681121378,977990.078604008
200956.141843301,0.19157855153657,1048949.06152864
195436.994210758,0.24960320968026,782990.709378742
176394.907372082,0.138757284659884,1271247.90460158
238655.249272327,0.224755125359107,1061845.63707284
202184.823744579,0.269541004145658,750107.852367132
205487.47208581,0.0607798863800718,3380846.59785058
195543.722277663,0.150967012939403,1295274.50050397
189205.53518421,0.217479511735326,869992.458942407
178195.132913517,0.330834240638854,538623.609724964
189760.875207411,0.246051749327609,771223.434606643
174989.161528834,0.102897576397991,1700614.99652825
208292.204396415,0.221586638816696,940003.44744938
182696.527529583,0.120617175526326,1514680.86308908
203156.255142355,0.171793077608848,1182563.68632569
207614.514030492,0.212138272233898,978675.426382193
158927.040254406,0.0039993861871287,39737857.9657759
156772.48068558,0.180493579531001,868576.495036228
183902.995813179,0.191644555579219,959604.593291772
173487.55511364,0.171017748447974,1014441.8148881
175044.499708127,0.17377833432879,1007286.09457691
189832.545569943,0.114391134377091,1659504.00442887
173330.326832621,0.191474072474105,905241.762464011
202181.863658481,0.133446392775151,1515079.27231233
186061.821048973,0.171925235156636,1082225.19445419
181626.054149631,0.347594092174365,522523.42096344
174299.563964683,0.107861755343859,1615953.34146958
187760.652545166,0.365496091551999,513714.529060712
185058.570928846,0.0497354665566329,3720857.24214778
181166.599287818,0.352834657898213,513460.328322058
188176.507767415,0.271639432814671,692743.707412321
181254.644857488,0.225366735043028,804265.300390859
195084.460708621,0.211328915690756,923131.886949603
178396.512955965,0.240151362350142,742850.305782824
224156.531683071,0.369811449515885,606137.349118074
201741.097564496,0.208870708644918,965865.912330761
200520.877654822,0.0415339049210869,4827884.06329251
184853.353634754,0.173669384281828,1064398.048045
201109.565235602,0.392063298296122,512951.776179023
215150.486911677,0.0735213899455446,2926365.87897798
185361.218221963,0.400983475624266,462266.476027186
181185.208882411,0.296250949073166,611593.682481885
194080.008463288,0.138819512961428,1398074.40843863
182471.184403466,0.26681141992862,683895.706009444
223889.790489294,0.289361828359339,773736.438419446
184738.287396937,0.0598820273467792,3085037.29052308
200425.251928379,0.19649954022655,1019978.22334497
178187.443807807,0.370863214821524,480466.750776451
180118.63679856,0.34541825975544,521450.825807779
195408.417315461,0.145562825012574,1342433.53204076
158088.41685705,0.0971517003616894,1627232.62967604
175167.704578969,0.225800360066643,775763.619363889
200203.767822191,0.205572720999632,973882.949297292
197545.351398436,0.114963454234306,1718331.73171555
176072.93952413,0.167941082873226,1048420.88970596
201023.193081459,0.226214968220513,888637.894577795
193083.759203547,0.120895275790255,1597115.83386048
164181.110249175,0.126969996757769,1293070.13027965
197172.405434247,0.426247453126765,462577.322135009
177441.322467458,0.0559679869507769,3170407.44423264
191212.941175469,0.36877049017421,518514.757200716
200407.438697688,0.259330509382577,772787.74169235
193994.661178515,0.15694278324404,1236085.2609378
217304.556502558,0.219427236005523,990326.27151667
199242.96604137,0.247888155349342,803761.542218835
205253.18803725,0.315588676596444,650381.979007808
173216.207133316,0.188903563564758,916955.741144269
184528.687152632,0.256883886980306,718335.000773246
180802.065660074,0.164125714236009,1101607.18265076
189694.543327593,0.147380271664753,1287109.46984202
177290.74286367,0.122936989068853,1442126.93190635
206717.193848253,0.218274225960801,947052.694555775
199787.322744014,0.214099481437253,933151.829247033
178121.594760425,0.140722530045363,1265764.58441307
167259.033800134,0.203577190392684,821600.069622266
173779.820505321,0.257700532763682,674347.928743638
183838.695723459,0.154103825646037,1192953.48413815
192710.590931857,0.252744246000906,762472.712954131
176337.129703503,0.159489290739255,1105636.17711356
170568.033160022,0.171619735042617,993871.905918434
172754.680323157,0.209202069690037,825779.021111585
167573.567162295,0.161372877645263,1038424.60770057
204653.29102858,0.274980622583722,744246.227627442
163305.748252949,0.402386629236947,405842.879428247
182401.447820085,0.0998666114185944,1826450.75495295
176387.379514109,0.214383573180891,822765.368152899
173812.421002954,0.0667405491029952,2604300.13446134
215879.079093664,0.281252677849865,767562.750847487
189295.769990216,0.209346392912477,904222.744689736
174527.686282539,0.0990501206086271,1762013.86944438
184623.316556386,0.166044431572751,1111891.04511159
202251.654970114,0.233508689398832,866141.878877447
190104.72241691,0.16580942734827,1146525.41449052
162471.708595135,0.0737455513646367,2203139.11264681
190235.876476966,0.337114942132223,564305.679462738
200008.882211159,0.259701361488196,770149.532774973
199794.039393437,0.178732714876915,1117836.98653616
184491.92291279,0.179951881609546,1025229.19606417
188290.647452252,0.180972838886297,1040435.94945512
191225.82915629,0.0781702453962917,2446273.87552453
191042.933206777,0.273496283710401,698521.130214215
169225.562208632,0.153255263626777,1104207.17829795
182575.8715069,0.114826123079912,1590020.34214669
172490.641518412,0.165135213458747,1044541.85092087
179735.464636127,0.267403831490371,672149.922588523
215259.054024942,0.149786137190307,1437109.32174885
190048.878455252,0.162893521758464,1166706.17961747
207521.774201816,0.388509443050352,534148.597708397
189339.992291908,0.162701535155938,1163725.91143925
209610.671684005,0.0823183325947555,2546342.53485061
198552.844234492,0.274675879536227,722862.322566277
185838.444477304,0.24698337232953,752433.018970016
168409.990924955,0.0526461434826467,3198904.60695315
186877.930115984,0.130413846761545,1432960.79945928
206324.390540723,0.154052318372196,1339313.76509528
185978.789684468,0.132862286168386,1399786.16240852
194634.650994236,0.20592396556195,945177.26707085
211567.617164179,0.334068900898884,633305.334902206
202523.05206842,0.204833858119538,988718.632396361
170408.970015492,0.22013067785292,774126.403814331
192604.786170278,0.3874884218405,497059.461171613
173023.819266185,0.0948222666122623,1824717.18350392
186063.719203314,0.168661604641305,1103177.68883451
192653.584107658,0.194568424288419,990158.525527644
221038.913477179,0.188851964952051,1170434.80873127
210589.462163811,0.276098887931373,762732.018740166
191640.211065928,0.190290642275497,1007092.14480698
202192.989483408,0.262938233702928,768975.232836809
178519.182413599,0.16453136463753,1085016.11718157
184915.379070562,0.219993406393603,840549.642382095
195544.205070652,0.135399099830778,1444206.09380006
198486.46603549,0.194735973163243,1019259.37366027
195430.716816379,0.058387748560277,3347118.55886384
213532.553870319,0.0943148234193926,2264040.22325098
187483.311635676,0.180836313454433,1036756.98787632
155482.68577492,0.423968399606269,366731.779819707
206436.718845026,0.225995431910708,913455.272523341
192959.340711103,0.30548567959214,631647.745219111
182915.961791864,0.205035031145723,892120.535548199
202959.319528954,0.209284700860311,969776.188582562
227423.432790431,0.17806895156006,1277165.00152316
152441.667325173,0.164392639870718,927302.265144332
148244.099519044,0.102391273804374,1447819.66285795
196043.034309663,0.178675581199622,1097201.04444847
197852.885263294,0.271224948507458,729478.930135561
201737.101940555,0.22218594744689,907965.171779268
180600.025781118,0.200097738963374,902559.052974482
216726.803380942,0.212052682475133,1022042.26257009
192579.947523973,0.332381824091449,579393.738061285
177435.199351551,0.129907120182809,1365862.00280522
196179.261092749,0.30260264244454,648306.503565
209410.753409326,0.34110464365426,613919.386045012
170330.737505254,0.114584725897359,1486504.73412861
209713.003401112,0.267782169842078,783147.748503151
218482.471858442,0.0230027511725011,9498101.78008748
175491.510602477,0.208517351450085,841615.862574807
189125.37312449,0.144798893235027,1306124.43851705
187220.363850352,0.281231717663083,665715.678893099
183238.378538086,0.207782749299604,881874.838771496
181230.889186089,0.152337714523233,1189665.27595141
171086.255266144,-0.0314366337235785,-5442257.48757011
198134.872534915,0.00568008939343856,34882351.1059162
191074.428726133,0.31732013663111,602150.341780109
201753.818600004,0.240806278818132,837826.237713587
205549.613973338,0.358393409568975,573530.674630833
188957.435085891,0.422482452655686,447255.108225494
178681.443355962,0.300410773269006,594790.397866191
173625.456328965,0.144352819133274,1202785.35169213
205245.959035455,0.149979783637033,1368490.83295235
193639.684567344,0.239498738189512,808520.687963372
210648.663735841,0.08504118728029,2477019.31819881
194577.225938611,0.141979354565418,1370461.40640792
184954.183564299,0.216888934524583,852759.88823365
178810.62412337,0.261132899828762,684749.50586703
204935.411183432,0.36232415227642,565613.442813177
184592.077266434,0.230232631251164,801763.313320517
177093.913767192,0.193942044427912,913128.013523741
201982.278140145,0.291419313141104,693098.463389575
178791.170449855,0.166918532911545,1071128.3362681
179897.327230838,0.11858876486227,1516984.57640379
210451.922578092,0.385010663607236,546613.230413748
178096.711884263,0.152379373580138,1168771.78124506
205915.155776824,0.035726296376827,5763686.04248568
173684.315096857,0.313993112960854,553146.893761683
175998.599876707,0.146784374289208,1199028.17128162
178579.179490512,0.343556945922051,519794.990641901
187247.804325381,0.121681919288852,1538830.13532098
200742.725753489,0.302427734694574,663770.88713845
180561.206305422,0.284808888454921,633973.213704672
206202.927243298,0.11229292906593,1836294.84918174
212850.256655327,0.181644852455001,1171793.49581655
191423.442043159,0.190948271502705,1002488.47783075
167459.233020629,0.162113821660767,1032973.19935525
194814.445126175,0.32358104995934,602057.645683067
164629.215941138,0.16109594298221,1021932.72464545
196613.420182645,0.145298097757964,1353172.70643255
207440.066751845,0.167564001475191,1237975.13144586
184881.766826199,0.193200951785808,956940.248571694
199187.640651981,0.230018044163326,865965.282752106
195664.927386833,0.275929309457985,709112.517880693
180458.086322843,0.132756147351379,1359320.00079218
183808.762547326,0.196269089387548,936514.064037779
191165.785641739,0.199018361675417,960543.459570403
161352.28037387,0.166400611992229,969661.580219463
185418.890292559,0.122882999390886,1508905.96104958
172578.671608476,0.0642377766042755,2686560.47471278
197185.76331467,0.14571231860234,1353253.89923144
184869.049084127,0.145307471827326,1272261.13536551
169837.724220509,0.20875154712156,813587.858688342
199332.101499233,0.197622899668708,1008648.80453323
195549.121314059,0.124992894150574,1564481.90629532
184835.804533262,0.254816055715442,725369.537701627
182430.32221733,0.248779513155922,733301.226869883
214453.420716964,0.296538028559048,723190.282740621
198840.945462781,0.201262224756526,987969.529320897
186780.318357043,0.126128691833319,1480870.97108623
195052.025017803,0.240372324724646,811457.913223753
181324.9530666,0.205677888935224,881596.723912826
197223.491249761,0.26121939380886,755010.906250222
164476.746639793,0.171012099000727,961784.269071473
189065.672569784,0.149764343014762,1262421.13953085
187485.278111605,0.195675589674605,958143.416986147
189478.917234489,0.220217584519124,860416.835686589
224371.036939995,0.246679159982814,909566.243681173
169694.945748628,0.124745119312728,1360333.34757742
214155.030309329,0.243535134802744,879359.893933944
204139.051518021,0.275221671899404,741725.933532719
195054.905704937,0.211066161206634,924141.058850156
215936.220662853,0.244465385135925,883299.778996483
185118.312782938,0.185092913047949,1000137.22694495
173828.005234266,0.190617578033886,911920.123145014
201683.04518607,-0.0583716575989526,-3455153.63931842
187579.682251893,0.167917599258362,1117093.64045444
180342.156050516,0.194185514121663,928710.655201224
180406.558677428,0.297385416621033,606642.251416535
215335.08516319,0.256562070449701,839309.89793523
171371.423185583,0.0732277504080543,2340252.46208757
180483.450084477,0.234391191719528,770009.524506547
162542.221567323,0.270787473720024,600257.535307491
186827.640663917,0.248884974966716,750658.575066262
180705.105970484,0.0449316627316784,4021776.51536321
155201.784192541,0.201782781105524,769152.765871417
171292.665122729,0.365391034577524,468792.742330919
181389.176410938,0.207191232486117,875467.432836919
171751.747171032,0.234641409451106,731975.432524076
184010.290823076,0.182713253659556,1007098.7579584
185759.841768899,0.215866188786752,860532.364113798
210993.171865909,0.0283479923400229,7442967.0128004
192991.254167122,0.144350978144079,1336958.40962362
194163.293836662,0.145575260134421,1333765.73503888
199230.425770621,0.0794407572347814,2507911.96742763
176920.279428018,0.0993466463162322,1780837.96472464
172794.3348811,0.177326547920392,974441.429710082
195568.388439585,0.177232499351839,1103456.69758539
192166.398534,0.145416541622957,1321489.26380231
207638.38387005,0.206543740869663,1005299.81201937
173481.366613569,0.144889562823405,1197335.15122144
173029.272726618,0.235945358732507,733344.676310344
186063.419830255,0.0131751467627103,14122303.3929969
193377.298370336,0.152693709320137,1266439.19537577
180922.654686597,0.349435081765873,517757.558205955
172603.470704676,0.148459786403314,1162627.77204712
189757.040454581,0.072231964805618,2627050.79344349
193495.425928807,0.291960029934779,662746.287469663
162561.823715129,0.158931374842355,1022842.87087037
183306.188512779,0.22315941595979,821413.641563786
204012.226164199,0.112627528472349,1811388.64477778
189435.021279282,0.317023579377324,597542.370985016
181825.789012857,0.312142342684517,582509.208616495
200004.995884577,0.211143009915897,947248.95682904
166901.031048212,0.117031513946562,1426120.41338217
225076.353297586,0.232831238175564,966693.108112366
196727.492753903,0.265483800165203,741015.054897831
210495.331964084,0.39621664557126,531263.2225751
200441.0854193,0.209477845677873,956860.544229247
195183.75343595,0.176368975399914,1106678.50166603
189832.411514113,0.224893739890046,844098.246607151
181401.286862798,0.138301594518805,1311635.54183125
206667.798540125,0.243090207356958,850169.164719376
186362.459845701,0.139417227332011,1336724.76072052
197895.974629421,0.219492091693136,901608.678029693
192904.680313107,0.227009280266515,849765.613487835
173976.152725917,0.147816642853872,1176972.69649065
174246.812932705,0.13244668014091,1315599.70206368
194883.340456333,0.324652411270409,600283.05255374
178895.302587585,0.19144276369335,934458.420555066
187216.859815547,0.19543568715676,957946.128157131
193885.144127053,0.3589687985554,540116.982053332
207726.305420098,0.311437852573966,666991.194882978
193133.796609779,0.145456022791375,1327781.36582757
167291.492598099,0.186152938677975,898677.688282407
180504.244750417,0.124054665036477,1455037.94393658
178922.881798129,0.295855489144954,604764.448735529
182146.134486338,0.323687117905692,562722.840701395
201631.90950057,0.0424484779480363,4750038.61734216
187667.853107277,0.291841171857385,643047.901407773
174700.243983096,0.135145119973876,1292686.29172008
182859.562290256,0.226765549971591,806381.579182397
159267.954141431,0.105853986183598,1504600.43956388
160344.695709386,0.151110317901409,1061110.17391944
186170.223099847,0.24428154421468,762113.3381089
197149.141883327,0.181840537553552,1084186.97247454
178767.030481546,0.188385445257717,948942.898624611
201186.238631974,0.30171736797583,666803.638059348
202658.266654532,0.186830887405619,1084715.00333106
185977.855055063,0.125512493737628,1481747.74890404
183667.401923497,0.168798690058195,1088085.4695032
213906.064624496,0.111692034527405,1915141.62607551
177939.735981205,0.0142974813025359,12445530.2452219
148124.67299766,0.106364820758508,1392609.6235706
187348.529119522,0.209906639336862,892532.650283928
204535.39900935,0.266295612151714,768076.489720086
196507.958745619,0.114682858520507,1713490.23978576
198146.990061478,0.0241901912134751,8191212.22783477
197149.534779296,0.194542155617348,1013402.64352306
184101.652542212,0.146761786367614,1254424.99099232
175003.775449647,0.292761553974606,597768.979819076
185120.701450174,0.121425819048704,1524557.98034126
164956.510103487,0.099235071726748,1662280.35343904
204147.98428907,0.323653313155389,630761.299177729
198447.996985435,0.212116258554705,935562.404964139
199029.047000181,0.241902676389636,822764.964698458
221037.085880707,0.232901875811051,949056.700857274
159743.22232978,0.204285925025202,781959.022923742
194477.19718024,0.286109489968514,679729.977504911
217357.355464254,0.212003872107938,1025251.81876673
168832.39215,0.368646289053297,457979.361689957
207714.584180549,0.217223364152727,956225.795465112
190144.665739788,0.0908908770780059,2092010.46191466
219053.287505919,0.143945403390956,1521780.35800816
172071.85678895,0.198938479165738,864950.096685898
201596.481696297,0.167225176716754,1205539.05610614
197523.202600123,0.245407182530501,804879.468332487
202498.246692154,0.19399035736154,1043857.27953868
190672.979992178,0.227095136931532,839617.186737313
206250.88241558,0.170628430403538,1208772.07818061
200655.316270622,0.269485855719468,744585.706492521
197088.764145168,0.296503892360965,664708.859555985
178372.163555721,0.169973559800787,1049411.23645806
194433.062268186,0.458773965797888,423810.147836163
209027.232122362,0.246363035013728,848452.090674699
188555.329198306,0.0663289131483309,2842732.07939713
174122.22282972,0.355719740441311,489492.718660205
175635.484217733,0.266311758767918,659510.811803073
180542.120851282,0.202508697756625,891527.736098813
183041.063956153,0.173038340608899,1057806.39892902
211882.234133145,0.233117991506585,908905.540768436
171977.768700563,0.225340299856627,763191.354631123
180803.90437578,0.0752715510144834,2402021.77235581
186016.152606584,0.275833432834759,674378.557721892
189113.94515872,0.177251720403675,1066923.04440278
178695.531526214,0.141564350274665,1262291.8918464
171084.274735535,0.294538710585007,580854.972834404
177527.630814088,0.130783096999105,1357420.30038715
199533.761623738,0.352930781640955,565362.308994426
181032.549900026,0.0439049363527664,4123284.6449308
175912.055336782,0.219181999489483,802584.40814718
188460.096378608,0.262566608607259,717761.094520979
197962.661315264,0.244652729260746,809157.788320766
163837.184930879,0.044901515561724,3648811.91383528
168136.604480585,0.148645242596373,1131126.71178544
177046.538747883,0.227083049633774,779655.456597987
171434.625706177,0.415680308219175,412419.405770323
176842.089565292,0.0924068553060632,1913733.44520348
177292.574743177,0.279245788140566,634897.936773651
172149.27538255,0.0981218756291394,1754443.38256643
186993.879962593,0.0339235304613336,5512217.54987238
193700.904384913,0.0795642803174041,2434520.91330665
203877.389522633,0.248434507644168,820648.433488336
218165.910863745,0.243345109633982,896528.848234883
195893.338514277,0.362496080056169,540401.260294796
161359.94120171,0.0725173484539007,2225121.91416218
190203.084167015,0.230167106600901,826369.532014921
173343.84943693,0.133643454717017,1297062.02076245
193177.836863134,0.219849048543115,878683.97949991
159204.147267017,0.299367088785529,531802.436643506
190689.127232382,0.139273057305142,1369174.56198717
155052.477497391,0.142556775966041,1087654.20967662
172382.295752098,0.2864528284438,601782.487848322
210830.581264973,0.215896207034697,976536.754214905
176883.533590987,0.274185095783706,645124.539265704
172587.170810914,0.264197939142178,653249.496840457
206654.449675031,0.26623421177965,776212.97538601
174221.520198816,0.204726910826027,850994.720214705
199819.785347727,0.185872674760404,1075035.83087348
191471.3647259,0.119179753790126,1606576.27354289
173903.912959034,0.203877221078929,852983.536065117
195575.383739774,0.0666772727617513,2933164.1148341
218679.815809637,0.16123303412261,1356296.59889264
180196.021906896,0.191166365099868,942613.63296184
174367.344900528,0.32758130511701,532287.228168423
189004.065112458,0.104855562941004,1802518.24329816
177729.751103831,0.311804923601793,570003.029621207
190012.61422752,0.128910998012607,1473982.95845121
208136.077739496,0.113268365744128,1837548.1660049
184969.472926257,0.190316879263705,971902.616530202
190539.354191952,0.202403214374487,941385.020889119
187616.43250456,0.42146600545941,445151.993456869
191327.683834661,0.240313464786084,796158.817005832
183125.562435057,0.311260197713934,588335.944589229
187914.532713578,0.16011134373242,1173649.0890216
200682.937306664,0.242113545615972,828879.42843552
171712.313898044,0.144741502469861,1186337.78818069
165782.850805596,0.147903903139258,1120882.18963028
215103.288535214,0.27898053887589,771033.310789133
219068.204935318,0.317900853313984,689108.577884027
182174.494647761,0.109672783249435,1661072.95949106
183464.284950055,0.220213799942634,833118.928050141
190202.052954199,0.180065594568482,1056293.14367361
147312.059232193,0.0845216957217276,1742890.48479566
186190.206207681,0.226550870714594,821847.232899148
194739.424280425,0.250992449945119,775877.618322805
229003.64279423,0.125789603385446,1820529.17435883
183876.053724945,0.166924709591448,1101550.83794955
196142.685640604,0.0800904557566806,2449014.47728675
190468.120243939,0.167545782365688,1136812.38378308
204700.994612195,0.178275055406023,1148231.27748291
203199.476439082,0.24848295564446,817760.219859218
168514.939685526,0.266587973083554,632117.562305445
207858.212406987,0.203347471412397,1022182.42972612
187117.877735116,0.163212822757353,1146465.5446423
186697.406590866,0.243872271091967,765554.057273122
197983.489353257,0.104276862098292,1898632.97925704
183103.744621047,0.0807183042195158,2268429.0309555
188165.967737881,0.120243481641136,1564874.57922633
190787.399596636,0.178469042544435,1069022.37428171
206953.954623941,0.234280563110279,883359.472405421
189818.749411618,0.0884470889319702,2146127.72114658
184032.733358422,0.223623480132593,822958.006240234
184232.947550724,0.112642285318288,1635557.61524321
182619.553756716,0.184754498858013,988444.421572992
171580.581231633,0.273163271278232,628124.639263339
199061.63559792,0.188691134638731,1054960.19184496
194198.929542255,0.152423159652204,1274077.57446686
193710.555984891,0.35332178349041,548255.344098107
204891.485065605,0.336346547434957,609167.796215381
191645.881672774,0.163348651587852,1173232.10084598
174936.777455129,0.166589801299594,1050104.96495235
189231.861957091,0.445312869655166,424941.372351591
180844.131795102,0.116614241937864,1550789.41293862
179604.626031233,0.211393271138868,849623.193130155
171806.899116772,0.187676177953924,915443.297012115
180325.461637682,0.322318395418842,559463.760680972
229457.470037149,0.0729362256998584,3146001.42570298
193215.601883095,0.166016750743544,1163831.96886901
202411.332572241,0.0813139672409827,2489256.63622307
158302.97264762,0.119911123974364,1320169.2003276
194068.555425817,0.0681789369043564,2846459.10067596
199075.494775842,0.366987324680627,542458.775515171
219136.673997918,0.240893666739791,909682.172070656
195408.145119911,0.0800197392051307,2441999.27494118
196304.894689914,0.156033575684797,1258093.93156809
198819.249341108,0.170648299602533,1165081.92466136
186310.737505677,0.125119150895503,1489066.51117925
203632.293885653,0.309469634283715,658004.11842335
203005.735103801,0.180714840611244,1123348.44452819
170639.61900208,0.322087493954269,529792.749501501
195211.353525789,0.0566140026658225,3448110.79121308
181963.387407534,0.259448039076729,701348.092878514
190897.361387527,0.328880175151362,580446.545005851
172145.895323082,0.128059749447947,1344262.31556118
172923.044791906,0.158521541343426,1090848.8734492
188949.407567988,0.129131824279506,1463228.82544436
205558.602074561,0.15265048115234,1346596.48972491
196603.412592804,0.384039918620116,511934.835574423
170429.441661101,0.186934124516861,911708.560978807
208718.593325246,0.318629693989874,655050.666219072
179276.13039601,0.158829497470751,1128733.22179354
194006.058158867,0.250073893369657,775794.928229829
194168.091293338,0.214279778245585,906142.860904039
185225.544176721,0.182967178767377,1012343.00831744
190465.973632674,0.210806440624307,903511.169149318
224669.546541182,0.168552513530437,1332935.01138215
183523.397839487,0.329251423782817,557395.912615838
181966.139859418,0.180550123018832,1007842.79078247
175666.560937005,0.175599223801663,1000383.47057512
164074.179055478,-0.0426188707377638,-3849801.18466853
192654.950432123,0.151837253045054,1268825.31505596
193268.032182798,0.195981522054385,986154.358619411
178510.680750511,0.114367518516786,1560851.21952096
185324.15567905,0.0993007509083667,1866291.58373701
164069.682556788,0.1997092082747,821542.902173592
186844.184274801,0.237510485427992,786677.623676738
198466.914993671,0.108734306152617,1825246.52996918
187278.691449866,0.0790209622783672,2369987.48243711
180875.242126106,0.142174718993651,1272203.97132758
213595.419564523,0.170886568595923,1249925.14812319
195754.705923439,0.177003095361959,1105939.44994654
186486.037070502,0.188066482758004,991596.3458011
179604.239620375,0.232284557951951,773207.832685663
174069.937854553,0.259444618006585,670932.930472795
188204.246640323,0.291355238483197,645961.430520758
192691.522922579,0.153568212704624,1254761.77347461
188750.253763158,0.23380648748058,807292.628177547
198676.001342879,0.0483474471072224,4109337.99466736
180093.920044626,0.197227670183837,913127.04691365
185101.941349957,0.101479302520958,1824036.39709416
188421.008811551,0.184999878711024,1018492.60726204
173051.11917386,0.0552575308164641,3131720.08623843
189817.188150581,0.12617045702925,1504450.34931256
186536.392215982,0.39641963275793,470552.860659878
170223.078875308,0.153969259477295,1105565.35410505
193264.471127817,0.225556529121086,856833.858372006
203495.103241957,0.218519711053106,931243.695414288
179433.842216979,0.139663077027229,1284762.20083563
194057.758865158,0.199654874051396,971966.04784716
189350.20445949,0.171482934821048,1104192.69799113
200136.637161982,0.176057601678174,1136767.93989176
186872.335952188,0.0835345766960702,2237065.69594647
177344.760657538,0.279892523085564,633617.356771347
185101.554824656,0.350486893912568,528126.894441968
165487.036626916,0.171308671464635,966016.694963853
211323.066149032,0.224237725421743,942406.39371265
208104.968819124,0.206411324491056,1008205.19093245
184896.110733405,0.0278859778203582,6630433.1131764
182212.159795646,0.317765312185328,573417.40211523
200379.121766168,0.262767604465848,762571.63501375
198951.389467877,0.188100050148301,1057689.18887061
205140.907898181,0.130047174420382,1577434.56413022
199149.164663791,0.203613468848706,978074.612597304
196276.357662041,0.155869970334289,1259231.37882873
177690.64132975,0.314429290689653,565121.14676089
187750.501632307,0.138571966595352,1354895.26666359
202526.116588527,0.296307089551443,683500.745443234
176411.933102297,0.0951923439445612,1853215.56116989
171616.238796458,0.284643820646349,602915.736609928
182091.850461016,0.231235045738793,787475.141924248
175338.873608763,0.123264835068268,1422456.56282796
192775.251960574,0.146928698023229,1312032.66995599
204153.608991619,0.175871847488182,1160808.91801252
201237.032940471,0.160523021320667,1253633.47440659
180143.570884003,0.195619996609112,920885.257165024
191832.194262689,0.179278908404048,1070020.98557154
163435.852088861,0.113478138318424,1440240.86498717
175083.020307677,0.186433665071464,939116.97890273
201037.48137987,0.273599300389985,734787.995047185
193149.956841342,0.165138516799758,1169623.90473417
207748.754879189,0.41915180526429,495640.844844258
177853.835494474,0.191193139772294,930231.26094531
189970.841110994,0.108506161542071,1750783.90398445
182793.160635976,0.129712503605398,1409217.73580175
168350.747257816,0.0468029625129566,3597010.49289799
192777.95546896,0.200023878578963,963774.709492286
168656.010030385,0.300063180800258,562068.327012283
191069.868831826,0.239395784232236,798133.80776359
196650.668566071,0.201308712240769,976861.191833932
201638.836573438,0.36069540447504,559028.016636102
182276.056381882,0.122855084768577,1483667.17360732
190061.912445002,0.0846559179905507,2245110.76078835
163060.954640653,0.1670375723508,976193.274038994
183420.282607015,0.143984344966964,1273890.45419556
180440.92722078,0.0754976271952883,2390021.16919565
174982.881063696,0.289992465904229,603404.921290213
158806.021848896,0.0641986425301898,2473666.35165559
164890.756052558,0.100587221447821,1639281.34885497
169934.522688424,0.0377029442993411,4507195.01742983
188669.000326112,0.198794415316563,949065.898182668
203079.017788255,0.233399205505592,870093.012306285
188516.45476165,0.203304245033984,927262.757008038
176725.092785781,0.312011035947491,566406.544720819
203867.255224889,0.168374826548708,1210794.15138054
199577.845281268,0.150734913237753,1324031.97769103
191044.585988833,0.179780700375978,1062653.47497979
199912.262771342,0.407257157059793,490874.768695572
186855.279185281,0.291331319020682,641384.111441915
183442.039325723,0.244128313261381,751416.486171011
195389.363512634,0.187132549657265,1044122.80958332
180400.99837427,0.174782669415967,1032144.65700219
203924.922723462,0.158473466672819,1286807.98751303
205741.205736139,0.195882441941195,1050330.00251193
170813.862122115,0.099382488239273,1718752.1176856
183124.877156419,0.133852262208486,1368111.93277546
170064.652136141,0.14023921744791,1212675.42154753
170596.249395159,0.148248848451584,1150742.49261958
186922.524060823,0.30795058892306,606988.688394829
176130.930865247,0.188822686771274,932784.793379191
191370.683004905,0.142349059200318,1344376.1699584
202615.73180752,0.379382360289858,534067.350028388
195364.555718988,0.187043923031871,1044484.91323452
190935.303459032,0.00097607020893864,195616362.133059
201999.979945571,0.186637232355668,1082313.41300983
161413.787485589,0.102009426242509,1582341.88183607
178937.687480063,0.234315368821758,763661.762264428
203125.942984854,0.213726209389693,950402.590140399
202928.980339784,0.151990982970577,1335138.28500648
195518.667600692,0.230203489407396,849329.730422453
176976.547738621,0.151753691789812,1166209.17521891
172418.838326099,0.291920647888483,590635.98129573
178023.588959374,0.125123637643451,1422781.43692294
180677.422111961,0.332542610433465,543321.115680334
207424.402240665,0.145135995702334,1429172.69583544
188194.544190852,0.250778572077346,750441.086859717
178377.085545244,0.149937586602132,1189675.58160435
173273.142344164,0.0560999473976321,3088650.70970597
195519.320167615,0.265963460941429,735136.020096658
176822.790883513,0.359221872494809,492238.375284534
201331.813858579,0.109115208043151,1845130.64190795
195567.209746292,0.161933045563889,1207704.14133373
188744.795331027,0.17797282196308,1060525.9457547
204398.032203844,0.154154485120003,1325929.8426817
182583.652052329,0.294784630484248,619379.822321115
181655.145733285,0.221101607532656,821591.24829726
161814.713638578,0.0743989901294687,2174958.46861616
176593.745411089,0.0828343753246238,2131889.62576258
199877.968057214,0.266290562562388,750601.02068163
188124.778727974,0.223120873908902,843151.855011038
182012.401750436,0.0648572345414039,2806354.65013918
180420.370630928,0.149000737107017,1210868.98047587
159541.458434632,0.203373046125713,784476.908193688
189197.974739673,0.232305073362171,814437.549733179
178168.708885907,0.204265099129362,872242.53994106
177330.518100267,0.312297665436426,567825.308115747
183677.691538157,0.206875924789447,887864.026348645
171959.448568699,0.171836051167875,1000718.11124607
180865.049517623,0.26397761242505,685152.986482803
187832.85154508,0.154456292328363,1216090.64100646
179651.426558409,0.28664049104177,626748.251461201
179932.145821396,0.196697115102198,914767.589386907
205582.618754432,0.320502763317477,641437.897840495
180788.313655752,-0.00448668262344243,-40294428.8305913
173232.894863134,0.17565472766666,986212.538451446
171604.604292475,0.0839805222545216,2043385.77191018
195335.11056276,0.153230533572297,1274779.28849342
208160.154377248,0.196666065258083,1058444.69966936
216092.694133478,0.367888200808767,587386.857361609
183074.038269832,0.209143222671803,875352.478225509
149536.766049647,0.0716104537710769,2088197.43731388
197506.320686342,0.15567393413034,1268717.98923626
209747.713612205,0.23728878463553,883934.37529874
179345.088925035,0.284547218599783,630282.34753995
186010.740825752,0.164102880156136,1133500.76883948
200700.680619902,0.349220164027377,574711.031302787
216860.597669957,0.164192441340569,1320770.89480717
190921.245440359,-0.00355011355986978,-53778912.2011528
197063.34572663,0.303774217551276,648716.49514945
176420.706456882,0.14895714467972,1184372.23562665
184627.153271212,0.092127423915464,2004041.20102854
197972.646931707,0.392728475037244,504095.474393429
202879.728660545,0.120434144942639,1684569.84318836
169333.514922207,0.157587250144689,1074538.16705815
177753.611265062,0.19246005257451,923587.045141466
193665.004134514,0.236233466191876,819803.422675148
199988.695682011,0.276698674584942,722767.089441253
180509.556949505,0.258481184092399,698346.990258985
192656.019718768,0.255574367507881,753815.891622336
180156.591124474,0.206088395285674,874171.448978219
189776.791564873,0.129698660019213,1463213.20156091
204099.962330289,0.158626527790691,1286669.79711994
187573.575339554,0.298536418335354,628310.5303717
171948.374962666,0.185255723116073,928167.681248534
168233.644626922,0.166947874929432,1007701.62362374
215984.538179533,0.256239373654511,842901.444454613
191524.313505051,0.11723313547456,1633704.60689088
194589.033544584,0.328523158508039,592314.509662863
229237.460469629,0.233317129433205,982514.49015558
186402.712882531,0.250627026987091,743745.457636265
176451.132285042,0.173429160716971,1017424.81803855
178552.953736614,0.171402723103408,1041715.96870659
190174.087721358,0.162864341002546,1167684.01573175
199311.227147838,0.237480317479115,839274.720800243
177883.690779,0.134642701031717,1321153.61186269
190186.489547546,0.137505894587813,1383115.17566318
153430.020852042,0.194484245994379,788907.194346614
187764.737022752,0.127327438632293,1474660.44271098
194030.304286692,0.189453079898832,1024160.20045862
179958.021862237,0.241991406940586,743654.595580001
193789.29991279,0.266777762408429,726407.246853297
175232.529680045,0.138268507104582,1267335.08120909
169058.560505511,0.185266772060822,912514.201143472
182133.98722831,0.192696432104527,945186.090054394
191254.042336275,0.44261711854904,432098.159608539
168467.324148166,0.139799881993562,1205060.56046546
191791.392101116,0.325832218650185,588620.096857346
193541.890094197,0.0955692750052958,2025147.62284711
192936.805157482,0.109786861207992,1757376.09249947
180741.521439091,0.135679970833175,1332116.45262897
184686.737720078,0.213886500587853,863480.103758202
158360.373367171,0.226153363358315,700234.43832788
211486.975938362,0.145079985546297,1457726.75081274
196988.566240704,0.179685657049776,1096295.43879585
179469.044371823,0.186367704712335,962983.6062468
185315.372541465,0.178847809285187,1036162.38455549
187513.204689809,0.368296904652647,509135.977850964
187318.545538085,0.226323966539391,827656.69231713
174095.434182758,0.172094211969294,1011628.64334926
183397.948259566,0.226310245452446,810382.87901156
174656.627404395,0.233946836187059,746565.460131906
179532.075087273,0.0482915635622311,3717669.54399641
214707.417887967,0.234181916013161,916840.29895759
182018.46043443,0.0805621981511169,2259353.2030122
179579.69270846,0.0902572696146882,1989642.42409607
196292.270419406,0.233953829527407,839021.403564633
183453.878578071,0.276881645327654,662571.469340184
169468.257468699,0.243288077529291,696574.444542171
169796.611950955,0.162727128688986,1043443.79034353
179958.468622662,0.272352591570861,660755.48458969
152141.260957229,0.179104512826062,849455.206664627
178960.80473897,0.217497440367244,822817.98092334
176504.772626206,0.324952034917166,543171.772016137
196153.642458377,0.105390401545078,1861209.74569469
180229.29077456,0.202655443392304,889338.513477129
203922.03175434,0.190412446228271,1070949.06763539
171624.3259907,0.075123905242401,2284550.11007379
195440.026580137,0.227138552946776,860444.09478092
191553.638435079,0.365572992009953,523981.920496644
202793.820631801,0.241630942907264,839270.907077625
177110.121385444,0.126990741384628,1394669.55979898
165993.885108966,0.201216946647056,824949.825921606
192446.132124342,0.0822399602364349,2340056.23994796
190961.268018197,0.174477723325063,1094473.63467956
185418.889692183,0.322240872752043,575404.628558272
189805.238832348,0.166157015891476,1142324.55255646
178093.61135371,0.0976978435402708,1822902.17368309
175278.082647171,0.190944311815311,917953.936311582
166908.412638388,0.207657698645658,803767.034533098
169420.465037406,0.233533447565367,725465.52454755
186819.764396121,0.117076089806803,1595712.36709741
176095.644590344,0.344764514707729,510770.793042976
176130.126570242,0.169002498588634,1042174.6899669
169799.047005981,0.177067532715462,958950.770940254
198694.63488535,0.2877706470089,690461.7859764
178380.33228351,0.145905386302737,1222575.37438262
177321.425572413,0.126453686533827,1402263.78868741
189053.098854446,0.166318098823582,1136695.88692797
183180.994486966,0.156866481261888,1167751.02630845
167170.323965727,0.386286544126219,432762.482948679
216402.771931435,0.232601752181747,930357.445297085
207432.481111489,0.268264465039704,773238.755572003
169514.046859298,0.280752274023419,603785.124978751
172118.762720828,0.165267034054598,1041458.53228035
183011.272347814,0.282648508840706,647487.131980431
186293.581556332,0.308019782058777,604810.445326471
181821.62778437,0.190115794568393,956373.078823604
196999.254591135,0.121057342700219,1627321.81457985
192039.791666861,0.210647480311138,911664.318904779
178405.405019017,0.208938905808483,853863.976786336
198431.446355273,0.292371398838559,678696.504321352
187610.347008109,0.312566866734896,600224.67821975
176070.578687114,0.219988554989237,800362.449290729
196905.152172423,0.120226354897956,1637786.92566658
175250.461048397,0.117360769447304,1493262.71354318
193224.550312646,0.166064944832693,1163548.09564002
206362.319494459,0.18765517347048,1099688.94370462
180212.263808006,0.119486276241076,1508225.62621676
165738.056109448,0.183716695830433,902139.325771571
179637.174147126,0.0599138546704975,2998257.66736357
198935.460165301,0.255984816834553,777137.732719033
189117.905910271,0.0895798580570311,2111165.50095301
161925.288658919,0.063510193213019,2549595.27702596
179469.686434008,0.412347249963642,435239.19815115
217507.012398015,0.340128983190235,639483.910950225
186017.203163684,0.156723806424824,1186910.95760816
179241.162736922,0.130002119577997,1378755.69505144
192506.115805943,0.0679747872674941,2832022.33569918
194027.522647344,0.0920679871584303,2107437.43439793
192750.443225117,0.22432381669751,859250.908186144
182190.877731665,0.120764579751953,1508644.98602057
196493.770202898,0.181280881626863,1083918.88013513
180883.544285451,0.0802793784847942,2253175.69342808
181734.286973446,0.146766007492343,1238258.70907422
199458.630876673,0.19008727727427,1049300.26741811
191006.200699189,0.386317749299416,494427.711503232
190096.877965535,0.308735306871908,615727.692085458
160446.532435163,0.145357025892655,1103809.95655243
220409.649917693,0.27197890784122,810392.436925173
177691.694749179,0.000499754147484155,355558219.263828
187717.874469387,0.248748954349642,754647.893737598
194577.869896783,0.0879558539941153,2212221.93931288
188122.068437287,0.294637557008261,638486.384246028
181269.842950365,0.163565607333169,1108239.35365051
164093.788432144,0.143359150011625,1144634.2170614
183032.566720803,0.221708118153872,825556.448924317
179465.473369466,0.194459391255957,922894.349356695
207569.423708704,0.192220286691459,1079851.80587043
189556.758731672,0.26115494606767,725840.20171134
196061.997080045,0.188733266723446,1038831.15300144
177505.437792935,0.244748656794928,725256.024353445
182428.736460557,0.237523960344209,768043.511047011
176992.831543509,0.0830089693136865,2132213.33799077
198770.44967499,0.273260061497613,727403.955724888
185273.430573314,0.108591029370486,1706157.78897542
200160.183324724,0.268686818507554,744957.212402649
213262.62680531,0.177711963928993,1200046.53648711
183922.446635954,0.197765916819113,930000.728104122
199578.467835664,0.255017725511228,782606.257802565
210563.616242358,0.186501715453615,1129017.04807497
179394.711354235,0.13924134902795,1288372.4023546
208108.637126488,0.264584875558827,786547.744601591
180820.331084579,0.245753551017736,735779.118290458
162009.671031436,0.056000549481997,2893001.45320036
203474.483011036,0.0824228281594597,2468666.60068232
175209.164824409,0.0500249770628531,3502433.68636171
187816.857512172,0.313852516918313,598423.932859699
194241.735526128,0.252662650796207,768778.982227964
150942.62858106,0.0113900033004514,13252202.3566998
209181.391589717,0.170178374413462,1229189.03362829
173664.536877428,0.157294719154065,1104070.99368243
185070.991784478,0.1323237368386,1398622.77325357
200208.225061431,0.111524025022019,1795202.64823568
215842.977590471,0.162728064118832,1326402.90879914
176696.828530241,0.174877749573769,1010402.00346188
183235.20912526,0.275831662828279,664300.853812185
173648.22034093,0.102712795592727,1690619.16131145
192621.607130708,0.120300498546125,1601170.48107539
179587.924282475,0.194114459638918,925165.10422014
176908.777300153,0.136167011026942,1299204.38119295
183410.094244203,0.234985746777928,780515.825998305
206003.172722801,0.178527289570113,1153902.98715031
187927.292136767,0.140846843384067,1334266.97838247
154855.853646718,0.147311360745202,1051214.6032957
192594.259444014,0.266043558197697,723920.025535433
220259.140550499,0.291526721055452,755536.712905997
201750.619618572,0.123752961874684,1630269.01790739
206584.32463387,0.259649890906034,795626.464209191
188649.871772291,0.169049509438846,1115944.50879217
185597.870799818,0.08202530959778,2262690.28071844
211280.728138524,0.149089937506092,1417136.07016496
185853.177668232,0.0894296513195485,2078205.3259287
204553.175808959,0.283956276102666,720368.567360003
185934.660286617,0.204592295137036,908805.779621749
171815.799066421,0.142449019802528,1206156.4151484
180313.34191257,0.174651297947805,1032419.13476335
181379.027415712,0.325735332060147,556829.45497058
205019.508630951,0.0638190120819425,3212514.60877692
196445.23599313,0.251547843390478,780945.816689782
167789.526441393,0.181343007648966,925260.524884369
178743.030899497,0.15728007899622,1136463.2573957
197008.792658974,0.19125131445437,1030104.25429509
186341.383173635,0.305268951564579,610417.083750539
193938.60970194,0.258844639858324,749247.153845222
180648.999805247,0.192704007983333,937442.877788358
171247.669615949,0.203020144315184,843500.876199216
184277.663659994,0.372081226841045,495261.922307944
178238.727773155,0.150507077779797,1184254.78989055
210587.409059564,0.229761137750386,916549.296027374
189721.147549936,0.114791900820065,1652739.83786819
199070.714077816,0.357514290652684,556818.900062397
190962.701444187,0.225309647566308,847556.700331646
165532.838895116,0.183219986615492,903464.965547154
172294.486028075,0.256473347600848,671783.199462187
209512.55183189,0.0473039916186551,4429067.07579548
175655.465571342,0.272090027377416,645578.477331293
183351.336477994,0.225615884409667,812670.335502926
195158.180029135,0.134718159026881,1448640.49092442
187590.099312548,0.085197435081233,2201828.0143491
190593.703597172,0.172015114646874,1108005.56095572
202339.436754778,0.250054040954779,809182.830968006
192168.13583165,0.130897976793688,1468075.676483
167918.637449896,0.14703556824764,1142027.33019731
185844.517292001,0.136315677322877,1363339.27939784
175597.460824065,0.0701304734395632,2503868.17900767
176842.236343095,0.143146576925897,1235392.70124944
184563.451463669,0.276380345971901,667787.902264344
176873.52170577,0.242115270287663,730534.350417562
166794.849833695,0.0818463851447162,2037901.24070572
198530.252560423,0.0264881844808227,7495049.4513566
182049.786473831,0.151384094053559,1202568.7877712
191869.373042598,0.088596516869622,2165653.68280732
171230.174783482,0.226926988427884,754560.645120875
182718.087477001,0.419044259753865,436035.295136424
193023.386245453,0.302557045460864,637973.529756792
170161.148161564,0.0971503696268905,1751523.42513028
183496.7208379,0.289958887785601,632837.028170627
230528.674898709,0.18371257839295,1254833.37567459
175104.853986146,0.148960398701071,1175512.79073535
160807.986045288,0.321410407951025,500319.784509875
198504.731766519,0.193660119217158,1025016.05683682
202485.021891206,0.135596423621308,1493291.75861382
216005.240877671,0.171896488338985,1256600.66104261
191867.39122046,0.300339842656681,638834.293589825
196878.87004206,0.338038322412424,582415.829770501
184482.542703965,0.157059060016839,1174606.1811664
200807.45482194,0.213535266674169,940394.801990013
190196.40188509,0.110523644037808,1720866.18696744
187291.761084858,0.215101126130331,870714.925831568
194370.193256244,0.163853744339875,1186241.99916403
193807.619438123,0.341771684267608,567067.514248403
191915.457527658,0.126583840208801,1516113.40919261
202253.640217477,0.248676878711858,813319.039812415
163087.1973054,0.0989998975093999,1647347.13275754
180478.147188485,0.190998927982321,944917.06888109
198380.823667359,0.36851196547405,538329.395660638
167033.331425926,0.14859131248384,1124112.36319143
203565.269741538,0.306748761135113,663622.141417139
192072.345793609,0.253482935616902,757732.844328011
177020.798011491,0.344492886454711,513859.080903731
193802.647171861,0.238657717795048,812052.712824035
165905.529510808,0.144026372465745,1151910.76932988
192567.970491747,0.25425930668723,757368.424388212
193401.228750246,0.110460776979786,1750858.84816506
213182.66225871,0.122637907330286,1738309.6866173
191172.120169128,0.206421956965055,926122.99088653
163588.318179989,0.321116895810841,509435.41219442
190388.085021404,0.0588337441542743,3236035.50578333
190961.614130775,0.24766663368698,771042.959190567
173164.945210608,0.0781276733491348,2216435.45478147
193400.503922306,0.209179260297339,924568.256180828
182895.294917704,0.289481571915763,631802.894074807
205356.979539778,0.207989509150304,987342.969261861
194176.002256573,0.214458631874179,905424.04639835
165774.65463569,0.059857824344034,2769473.43897595
193797.52887911,0.222416261539903,871328.056399064
170684.99646348,0.254574834301778,670470.814334879
194668.369194401,0.14107296957284,1379912.60681507
170568.161076641,0.199233072999914,856123.727392964
199600.908508947,0.243212262418861,820686.039938204
207830.869348954,0.198716388625771,1045866.7792134
175997.16084501,0.158300123530508,1111794.21038854
169370.377991711,0.194305511438781,871670.477782995
164021.126586957,0.138147237445445,1187292.12121762
210435.971787245,0.0236618218944948,8893481.35260053
215155.299528064,0.235327504479889,914280.292070369
210329.551982998,0.169451209365884,1241239.60383692
160579.601228691,0.148444001791765,1081752.03639383
206649.888892989,0.056483172155144,3658609.83029384
219069.293048481,0.0850149740495845,2576831.85224182
166885.989583191,0.214018395363129,779774.043721953
186214.544200254,0.249484949692244,746395.9025583
181080.021812988,0.362577917473777,499423.746141639
210849.762503748,0.128206207349705,1644614.30427169
168468.289881797,0.199800793312208,843181.28616511
169548.835397944,0.253913847025499,667741.587881645
187726.590211766,0.254801343013802,736756.674793498
173072.608017248,0.164267481533672,1053602.37097061
166420.029956425,0.179817528014828,925493.925946425
179464.345290925,0.120134360805783,1493863.57148109
204234.585347483,0.0638715284235493,3197584.12532653
204400.146043206,0.157852643943784,1294879.45805963
181962.022636674,0.052239673048933,3483215.1890811
192511.180874003,0.0359223851138215,5359086.82744821
196024.316908048,0.104883174000617,1868977.73428266
187178.468119356,0.0673057238508782,2781018.57330984
176534.079226185,0.164218443677614,1074995.44675231
175470.040128617,0.0742770895485658,2362370.97057884
202860.779176879,0.178372594553689,1137286.69857868
172732.604130646,0.0731066036178681,2362749.67762868
190671.277404518,0.0705899005085852,2701112.70919455
199794.867078712,0.16461459725906,1213712.9416554
165295.10701017,0.0586048317767291,2820503.05408103
177004.135620249,0.214676878629413,824514.203626943
177589.812954731,0.0929389905761456,1910821.40933337
194913.099756563,0.113194002027582,1721938.40897213
208915.857466286,0.344348976741559,606698.06381647
208159.773309276,0.163785398146439,1270929.98316713
192658.042242913,0.195693890697186,984486.748955439
188453.100488804,0.378954862050724,497296.958980776
198007.006605481,0.2748365143764,720453.783423778
200039.03563932,0.155087300561822,1289847.94315624
187938.265758995,0.154902322250677,1213269.51738565
196175.773735618,0.198853439711842,986534.474937398
182513.711854244,0.13939509992063,1309326.59726322
192484.120254671,0.285656943663218,673829.656602378
195656.168966739,0.159285164921767,1228338.92950945
174780.495351289,0.0661674874042045,2641486.05618932
201406.113259965,0.216984193326911,928206.383017606
193515.784360323,0.0750618322219014,2578085.00847997
197808.217671536,0.243688996632599,811724.043370594
167477.389710068,0.210693485346286,794886.417274888
168487.722212344,0.278507264015779,604967.065429209
178043.628552928,0.0899626700097195,1979083.41908585
169984.676240283,0.189141058400852,898719.070716155
193879.742165985,0.230326237617826,841761.42575508
189293.096420639,0.242705520556859,779929.092615316
207284.586075732,0.151127402374804,1371588.36067105
182764.134786231,0.307284372280822,594771.980851685
164857.393985445,0.0855025063427746,1928100.13456847
175002.955167076,0.103001398843508,1699034.74255687
200087.178500649,0.25605758931071,781414.755326216
192103.484623311,0.155944766195025,1231868.75270354
191467.047486384,0.229655854635504,833712.895280935
171456.533999528,0.130309202281029,1315766.89134939
199077.733573123,0.206072870338398,966055.033087141
195944.610629148,0.28645255913099,684038.610873591
206720.825965145,0.190370344876871,1085887.75262686
218690.922806371,0.0998651899052504,2189861.38226803
185865.181354887,0.286099196602275,649652.930040453
176171.796102169,0.323638412488071,544347.609258719
196881.615188002,0.203951859894559,965333.757141455
185287.384033569,0.229290106916514,808091.489533967
186421.121480709,0.258587124516614,720921.90138698
199460.735925071,0.178548736722851,1117122.0787447
196364.75959757,0.139253399209969,1410125.43113211
165906.663794332,0.197447272779209,840258.06717449
192419.793751344,0.157900462147084,1218614.50647374
194843.214902024,0.184050417140544,1058640.44172874
196178.048839814,0.242555311615226,808797.166854123
192644.891227912,0.19837663675476,971106.75117487
211923.465125357,0.283689176825057,747026.966263306
193185.38336847,0.280906617494259,687721.012383836
199249.668873938,0.495172518101606,402384.344021801
203759.205554915,0.309332779319543,658705.508039386
207193.747059124,0.0743454165456355,2786906.80187315
151983.453882809,0.226679096397842,670478.470657324
190916.474870271,0.200243513048838,953421.521443786
168906.185840016,0.1404458627808,1202642.65885593
199534.646140521,0.247114450705892,807458.428960923
225211.601625391,0.273129229612839,824560.60065277
197392.210032201,0.0370506842800774,5327626.57067419
176008.741151404,0.274582410584876,641005.156799721
172454.125158622,0.103313134764908,1669237.17445073
196389.659842821,0.104094542568458,1886647.03256336
188166.990341976,-0.0371092680937898,-5070619.82107554
183928.101049196,0.268666299280012,684596.845760326
168310.175917491,0.18497134798633,909925.660107801
175186.033967951,0.129205986283132,1355866.23350455
204949.971795483,0.236448257577685,866785.714113994
189015.828357545,0.299600398267142,630893.114464445
175665.164370089,0.327973226744557,535608.244958685
190727.175968698,0.0634673913382248,3005120.77063783
173834.217388739,0.260105238988278,668322.62996661
195196.965412076,0.197843331370321,986623.931471859
158439.513982368,0.250444390771508,632633.50995519
170753.604078671,0.0443867137901862,3846953.05189329
165658.055803225,0.179655737952225,922086.083592151
206360.067727392,0.0986016611463479,2092866.03621318
186628.196492834,0.176642001088521,1056533.52737613
175128.193116674,0.171548385567548,1020867.6259895
174594.577859499,0.0819125982389871,2131474.05421208
176684.613327692,0.173771712233234,1016762.80366362
193000.774507938,0.198520322149819,972196.5611273
201064.19902575,0.175026255343674,1148765.93017972
172173.244568633,0.146881127069726,1172194.46775419
196981.626849048,0.306982211248055,641671.14455332
222043.28693729,0.358383204847658,619569.455080006
179726.015708276,0.135188839594174,1329444.17784633
198296.675455127,0.0827851989994779,2395315.56186001
192966.901154332,0.0545204909098599,3539346.36196452
197439.542053052,0.186722056360736,1057398.07016484
194155.080209517,0.273996430265837,708604.415105498
151230.525699044,0.309447772992176,488710.984204977
188685.898493723,0.265486215748596,710718.249388888
198618.287651444,0.0714923470795106,2778175.50780015
229363.967100424,0.203923033431379,1124757.52856828
199457.308218057,0.363100109025995,549317.676475215
186622.677536285,0.24105888687662,774178.79072761
197680.69346957,0.139629581939153,1415750.80813258
201984.552829386,0.565535229626685,357156.446226556
178531.203448737,0.124331128038625,1435933.27162023
199233.220424785,0.0609079356474259,3271055.21320036
173410.339467426,0.40835153251071,424659.45554613
173746.855455224,0.20826215707001,834269.931223351
195126.630438835,0.20405733509939,956234.33651035
168226.988061636,0.2014546103441,835061.494866218
182584.51533196,-0.0374950153641077,-4869567.68943585
166350.134948365,0.154040915051691,1079908.7689952
197407.563738351,0.0769763245030214,2564523.11815178
170595.513456475,0.209853898412558,812925.15767849
159142.205132874,0.198210636825884,802894.373790194
153306.352213768,0.197159695442763,777574.503092465
182781.74439342,0.19529584064218,935922.361645744
186143.884261816,0.147627626905206,1260901.41909103
186813.084822623,0.169515362303863,1102042.21188964
178262.597334431,0.179533619435974,992920.422896082
177424.212339504,0.149653877404293,1185563.75161726
171890.215615319,0.314081553580198,547278.926940956
184538.193790822,0.0852959074361926,2163505.83911508
171118.349252648,0.213879224536416,800069.991012673
183748.906349313,0.204779601239913,897300.830926215
184349.872835967,0.23167942893282,795711.011914753
183405.011948242,0.225271803249138,814149.881622809
206844.012254197,0.260438499465858,794214.421748016
204898.037853838,0.249889452371856,819954.727616645
176560.857645802,0.232387999853569,759767.534283418
172714.345273357,0.187520808028234,921040.961210835
181525.178347762,0.294798628316236,615759.915114112
198430.527096102,0.0997611633916242,1989055.86452655
208384.577406372,0.383017770656126,544059.814899449
173720.548104834,0.507235332752923,342485.108760067
179714.957661908,0.16157775926771,1112250.5874348
169031.309469893,0.126073181347218,1340739.621731
183763.003336088,0.365778518888694,502388.723904278
210905.751362477,0.218948416051167,963266.851463265
180031.769220953,0.284440412323469,632933.160764157
173679.547365002,0.245336064839093,707925.055694163
199280.664556105,0.270190645167872,737555.752281096
135663.996442887,0.289208743250728,469086.774203342
195643.551358358,0.250537565650498,780895.075955526
155263.021626545,0.359034624457474,432445.817339089
195171.80862367,0.205921258431897,947798.251185504
191005.309419965,0.200856918238622,950952.10608104
193427.802819084,0.271759108184316,711761.986972279
170799.418171196,0.167181715923804,1021639.34152369
186110.032893337,0.237494212545717,783640.287055466
185290.905507538,0.192848661109497,960809.91406174
186671.135524785,0.200531993773111,930879.566958235
169820.969946806,0.25263312879689,672203.882188932
194365.262349023,0.00513247363367098,37869704.9847296
188124.989323983,0.159907862306242,1176458.65944791
175651.303118784,-0.00348788553296442,-50360397.8567194
215814.988417603,0.182296555463508,1183867.61542954
196450.867193703,0.118052304588865,1664100.22979113
184438.431915004,0.197977669486935,931612.299472873
224999.75978627,0.273246533284882,823431.342683089
193044.738775121,0.169527888779188,1138719.65353479
181553.997736353,0.101398798627514,1790494.56397691
210980.474003576,0.0929441921916987,2269969.41958918
173847.78582153,0.212894163545677,816592.540284599
177105.397090329,0.237196989054432,746659.549922395
191314.883263794,0.143289301945831,1335165.15654545
189328.452678051,0.144434536626303,1310825.35451963
194822.590566049,0.192451046979441,1012322.84065912
172736.52417641,0.173722820820284,994322.584452538
192485.202843114,0.125255161933525,1536744.67280852
179736.073642574,0.256876146595624,699699.353266597
158842.615020829,0.233297705098929,680858.026243647
203038.594091676,0.0736345713312211,2757381.3552655
186482.106343373,0.234472912711569,795324.7314873
187408.911499081,0.269571820663808,695209.577312627
175311.939716958,0.36684389690048,477892.480148083
195137.192498279,0.224104205862755,870743.106971338
176206.793977146,0.318200004346831,553761.130012697
179251.907566897,0.0853594486390593,2099965.62096903
196526.922040895,0.172867187324675,1136866.54525004
182363.844172527,0.0945138774357048,1929492.78053463
195909.851658485,0.284783695954025,687925.096983474
170136.018997248,0.225584356605187,754201.317669456
222202.98691687,0.158962967729236,1397828.62695009
183908.360152451,0.132949041727541,1383299.62941247
174542.981915285,0.0479338262269839,3641332.13753396
180225.061922811,0.0920477384796452,1957952.08985677
179868.678984092,0.258779575419625,695065.206334099
190362.276080229,0.340688182313333,558758.084262376
161807.095537711,0.201527506068989,802903.279527111
183477.904682793,0.10231320263419,1793296.46574352
177936.574642823,0.0630398400253758,2822605.11085049
196132.09728281,0.0696508746079895,2815931.57855785
203452.38186451,0.187451354138309,1085360.96097975
205070.647888454,0.361190213830472,567763.577295329
191798.071636185,0.271563313261116,706273.867898219
183088.949572524,0.27610845402154,663105.192564083
186602.458356951,0.0387553339815514,4814884.53810716
188053.184390802,0.0242006331364031,7770589.44412196
198901.894997667,0.208202908358812,955327.168892781
198157.202237966,0.293538975888535,675062.661229738
185599.602684715,0.462672515402989,401146.807959961
193422.402763226,0.314930948818567,614174.006996873
177128.421507085,0.240510525702452,736468.480910557
164899.222839389,0.0439475965211934,3752178.41002676
200059.410776178,0.166380228778926,1202422.98165128
177407.649534303,0.12175348116039,1457105.35619592
185681.45732149,0.0733550855711085,2531269.04393692
186981.275239236,0.285326702306276,655323.437056118
184822.744108036,0.0298374699403104,6194316.89341529
160022.425658722,0.0769558600103346,2079405.3323195
163628.030463964,0.167009637863657,979752.022440447
200028.08114429,0.303304421535568,659496.093501008
191881.955095504,0.196637096970904,975817.676579594
169520.431282485,0.0367953216486198,4607119.15773791
176056.941156874,0.160505119755893,1096892.99272592
175561.877133822,0.21993257421219,798253.181743055
169814.977954884,0.1956039635815,868157.141836904
201548.266507385,0.0501737617066127,4017005.29623279
178374.99906944,0.13388038976593,1332345.97973088
193253.253420943,0.260307746697386,742403.005184492
191692.82014371,0.178417307801402,1074407.08811213
203171.333647404,0.213752727052027,950497.036690219
175630.675087752,0.0641695429450246,2736978.74454581
198260.033870806,0.104729007026088,1893076.61268495
218399.788159658,0.195535693146605,1116930.54421482
179076.714768222,0.111433952642543,1607021.11449517
187291.947776696,0.0895848887234553,2090664.51324015
206208.513444332,0.192079521235751,1073558.03532663
188992.489341886,0.278534147277613,678525.384370622
198273.590908865,0.225086928432736,880875.634535641
209188.194813481,0.0589846618038666,3546484.60152345
167403.328248368,0.109581535828283,1527659.99292702
181615.589698777,0.247933177755395,732518.299257047
204429.419858817,0.146027700102845,1399935.90061914
187987.202323708,0.0859807921952392,2186386.02325087
160235.227998158,0.153061577716443,1046867.7403483
158752.441074465,0.381105336007008,416557.906897284
207315.07053392,0.265957682546356,779503.974275249
176391.521835091,0.166538247471758,1059165.23389021
166237.397065845,0.188772058931323,880625.014141121
198787.455028021,0.172088178496485,1155148.81245652
189276.104330768,0.17829688730226,1061578.28773475
194796.785426628,0.140063412976471,1390775.65858938
189317.611957063,0.0976569202877737,1938599.04038736
173521.12880737,0.282108500539718,615086.495002444
195073.524329259,0.240077181262252,812545.046154001
174612.458425701,0.0947727673944538,1842432.83409617
185477.993198095,0.0957029558762865,1938059.19054224
202355.59268236,0.290253100074853,697169.444978107
204887.967579655,0.196421690845111,1043102.55500865
188141.138679189,0.241447671815437,779221.175605305
172124.542248542,0.225126695982478,764567.442778704
172458.538911388,0.23027874456422,748912.10318933
220463.851192932,0.231311162316191,953105.111683149
184086.734053101,0.225305343909214,817054.45090232
209792.913486865,0.18607708034826,1127451.66193611
198287.115202518,0.326029905181673,608186.893444718
177638.321455966,0.282289863550055,629276.302103095
195883.896726048,0.283186114865055,691714.340653288
182036.609931097,0.135379022197256,1344644.14779018
218206.252237019,0.0765019458289963,2852296.7601997
206151.214681369,0.203187000683493,1014588.60058914
190072.680597022,0.209269619261997,908266.958516605
193799.040233819,0.039504963235351,4905688.40880221
172386.770162068,0.172194927372392,1001114.10244543
191111.638851855,0.0723395456793989,2641869.49277842
193265.752343486,0.426867513547842,452753.480200888
178005.108855826,0.0583271756793194,3051838.30320349
175499.331100609,0.144997039465442,1210364.9270883
201414.878894241,0.307823715730555,654318.912421106
193848.04117885,0.180895547080572,1071602.06156158
175196.40459124,0.243197507131488,720387.337262127
188008.773383643,0.246551718552609,762553.084145407
223653.126593471,0.251409956905619,889595.341991296
176222.848739617,0.321643598109783,547882.344853849
181914.066190488,0.297044368387286,612413.785786064
175941.019281181,0.277506975568629,634005.753983902
186538.923163406,0.349972636593917,533010.02323748
186019.664029853,0.149167609455126,1247051.31837494
175220.270426782,0.340742312586805,514231.030178104
182883.1738234,0.252674080617359,723790.795544052
213956.131517873,0.233803898777002,915109.340079654
190848.774370679,0.178341013096692,1070133.9588511
196094.49778741,0.162744013870399,1204926.025381
179503.941922443,0.19201596999604,934838.607049949
176762.022814351,0.193744998136309,912343.670880164
164049.26209298,0.0510651157124186,3212550.48195426
172658.577721306,0.283305506078261,609443.071232124
183676.345272571,0.339098560006986,541660.646594274
206821.612694439,0.266717745722373,775432.516251543
209524.364059506,0.123833271176638,1691987.63844845
165165.215747181,0.17367217583751,951017.138759816
187427.784168751,0.190642351302779,983138.231814389
174836.248397691,0.248695845069855,703012.341635951
207871.736065213,0.349893272386516,594100.408525671
190375.096214174,0.087149572882395,2184463.90404091
177062.842720864,0.322135030803895,549654.107096022
186095.694921009,0.00234942671564697,79208980.5064479
218262.306009687,0.299314842509318,729206.42417822
171025.254583934,0.0831076438901583,2057876.34660868
188829.604352464,0.24110248787772,783192.268211817
207979.805726788,0.181675455714546,1144787.58238852
186407.155384876,0.286085003206167,651579.611988754
174644.418027546,0.219916177696308,794140.839737223
178979.988160004,0.130567368800855,1370786.51276943
194065.974579066,0.245556592687659,790310.585657589
200357.490547315,0.271010068533834,739299.066013488
198155.443225785,0.291372073887204,680076.990846056
171434.95870398,0.140424009999132,1220837.93722341
184378.606257585,0.163941274997014,1124662.51260364
181714.610580175,0.0252313154907741,7201947.54199872
181686.795557836,0.148902834829959,1220170.1583809
197415.719459257,0.287440241145089,686806.129415989
194597.599464482,0.25354592355501,767504.350833163
176665.160846958,0.168090512320898,1051012.09109108
199057.88492924,0.202095269396334,984970.531590538
213538.325934448,0.208150367112198,1025884.93547718
180698.07612601,0.0936274716298093,1929968.55496073
202452.73233028,0.288763965715888,701101.094204639
172293.111518692,0.268700749050013,641208.154900316
186004.101532674,0.371803393287289,500275.427526695
183448.539072307,0.179260312905313,1023363.93426473
201463.254803523,0.158885351040924,1267978.78774634
191631.468215515,0.246609466307969,777064.526696648
177044.617840717,0.143057985950451,1237572.41977416
195837.684514211,0.155987643708284,1255469.21447478
161004.351732595,0.0816227350177714,1972542.96486806
197252.271202839,0.0628268542014104,3139617.18615558
183484.224028752,0.250484240071765,732518.037766303
173252.977359591,0.133709429012151,1295742.4067965
196996.934413136,0.0560493978989703,3514702.06278086
182081.957110583,0.212535763368263,856712.085650675
165448.127005843,0.176758676874789,936011.345700683
181740.680213928,0.218924998042866,830150.425207919
173188.559081055,0.295888561324536,585316.844645098
177656.245638776,0.204481925352156,868811.487043752
191504.995275769,0.190545912475378,1005033.34229495
185890.077621028,0.223167254959214,832963.051210184
177138.710362967,0.113911077070974,1555061.32430473
177749.263530771,0.183919979180561,966448.910676897
185774.015721531,0.135583945281305,1370177.09092396
177761.151528734,0.182684425526859,973050.390125339
190855.599889244,0.102337849232215,1864956.13618158
185686.853727917,0.183049132231358,1014409.9098663
199968.800665397,0.264816824793631,755121.208107645
195213.343440285,0.215613328534523,905386.252172382
201516.566337169,0.132303611707597,1523137.30317914
183191.931317417,0.289221433139009,633396.803719483
182329.169783306,0.173750473030539,1049373.65984183
196334.388943288,0.181461120087773,1081963.94273507
168407.370971404,0.202092671566625,833317.555089493
186941.952941726,0.41222620544006,453493.617035243
185842.620852869,0.0410766113093178,4524292.89878428
191783.511685829,0.0988971113618989,1939222.58238693
205626.026198538,0.227705977799001,903033.061257822
164927.813942404,0.29158433561121,565626.454509935
189323.198962689,0.166393078490671,1137806.93692319
216208.730159542,0.273190005578586,791422.547474369
214336.232462579,0.350212444448545,612017.750540186
187698.240567622,0.109563956764311,1713138.57322066
192624.4397088,0.15436643710207,1247838.86526728
199570.875527027,0.16764336466297,1190448.99825438
178665.02162139,0.25684825289613,695605.36077947
187101.502313034,0.230587698900738,811411.463859467
178184.378085731,0.0585466619706078,3043459.2184809
165655.977126518,0.127225299180455,1302067.89210653
199313.147927597,0.18026000113829,1105698.139737
190785.553689221,0.114448859841487,1666993.92159486
204583.847258048,0.283289071770462,722173.453354439
191097.901903837,0.0658803056493621,2900683.29252943
177740.07547335,0.385276069246961,461331.729792486
189011.701196647,0.144757392909704,1305713.63159703
197413.793708088,0.21726335156639,908638.259903508
196049.914501425,0.244861782993356,800655.423254616
192613.692714431,0.17481493328278,1101814.86842923
171848.725905264,0.144421545633714,1189910.58537146
190948.881333025,0.128336527902726,1487876.32370542
206017.485723514,0.20212102612615,1019277.85382869
217408.116230944,0.146898181578271,1479991.88209898
175619.082701786,0.230461918051786,762030.81266695
193287.400599344,0.18873615178981,1024114.34569569
192266.204448355,0.225311548140987,853334.886892019
172971.151546719,0.150280635605978,1150987.62291792
177849.346719319,0.207671359406262,856398.047510235
182595.061352137,0.161006433145558,1134085.50071451
204339.23971059,0.234630690291615,870897.321474114
187840.930803669,0.155654188129541,1206783.65973257
194417.256230428,0.402343703593711,483211.877044191
184504.715174851,0.28874332769871,638992.134105251
201669.739231875,0.25061440952333,804701.292377611
211692.628901846,0.253988189169106,833474.302857841
161330.699448018,0.10676123930804,1511135.50660955
177808.32665516,0.129579267584564,1372197.34275101
203208.965649813,0.204223841732127,995030.570017164
216856.115287744,0.222034472353257,976677.688781251
190963.382324447,0.225694870116408,846113.082791613
207206.648719031,0.160798088490835,1288613.88007632
202285.707793663,0.0896354619834923,2256759.80596738
164925.338414062,0.251344343535955,656172.866649251
197551.994844319,0.233490402550378,846081.863265004
170082.724643837,0.356692978588671,476832.275523908
172247.97037567,0.172231433022297,1000096.01820691
192105.636159298,0.040224610951415,4775823.34833097
174721.32109771,0.168173556368457,1038934.56778013
187309.969578229,0.171969222708861,1089206.35115819
187317.125898471,0.333253208591604,562086.488799648
189710.843205002,0.226040621467404,839277.65714606
192530.336619895,0.138876872628665,1386338.36560168
186552.105271967,0.192142569640006,970904.602876326
177001.876426731,0.121130646013665,1461247.68794482
198988.553520427,0.153968186881904,1292400.44680824
204581.643908487,0.348299447480623,587372.863747848
184249.226410739,0.285809674768323,644657.066140575
187177.173823326,0.14562612698548,1285326.86886598
180927.246045008,0.255807229451457,707279.643475995
175027.728029891,0.136874682392392,1278744.35922432
170245.631005094,0.200695804740999,848276.979306066
186666.30302605,0.235254925515513,793463.952421015
169372.121679178,0.127721881290388,1326101.05620112
174724.489281059,0.181741372670504,961390.830902513
197375.270615203,0.173713473288581,1136211.64138094
169364.075487744,0.160009444671387,1058462.99157884
198726.942673827,0.27666842627869,718285.585915206
220325.741741327,0.195185132580371,1128803.91466601
188281.773898054,0.101137211701518,1861646.87290096
195568.428635973,0.192349769826474,1016733.36449741
206322.805642116,0.120591043022056,1710929.77116369
190801.936445708,0.119464642406579,1597141.48556478
190773.233325426,0.200293181761984,952469.932561802
217651.918851822,0.150644421578415,1444805.69921753
201921.918523321,0.258313170853604,781694.242907026
170412.667701937,0.0622944944750573,2735597.56986502
179545.281138625,0.191311135562932,938498.852198614
195645.239229719,0.19349572044153,1011108.86991859
204840.231253867,0.265239958292405,772282.700437043
197939.047268858,0.168941222527835,1171644.45898481
173795.373452549,0.102442740469856,1696512.34099589
205033.751736861,0.164564939381711,1245913.93833459
192991.922440772,0.166018123861445,1162475.02352116
175463.750914648,0.186654541318898,940045.442638704
201781.316595388,0.016246861905637,12419710.2041828
164697.899440823,0.184101229507592,894605.103297427
170331.01921469,0.331761708194988,513413.739462002
196530.990285421,0.202454487160389,970741.587612847
207201.539887169,0.148575085502337,1394591.4228258
192342.225924383,0.257829052850046,746006.797132556
192342.148429329,0.181359183880523,1060559.18599656
201812.610586729,0.0719459207790951,2805059.80605044
181845.168525734,0.259042630194194,701989.353603349
207418.164642487,0.260099104703279,797458.203014999
187691.257483607,0.100885693181675,1860434.83039377
172057.218090513,0.0717122224538789,2399273.26476557
198736.534607158,0.0888523307947908,2236705.92351877
201923.312884911,0.188725498989541,1069931.27036904
190117.544873025,0.16575861584263,1146954.22561637
213545.394485302,0.302822984607171,705182.25280131
186881.803604052,0.212624012970351,878930.846019311
189976.029040095,0.136092307615025,1395935.10000208
195375.093957999,0.24191520435044,807618.084537496
191566.621830307,0.187097171927142,1023888.38835525
186766.844962898,0.332428898066749,561824.937750738
190607.898757139,0.110773601229622,1720697.86159637
177260.925378549,0.117615038604355,1507128.06357049
179848.820474108,0.138955783380595,1294288.12604012
214852.083680021,0.445710155434287,482044.398271956
198801.100116596,0.255053008343193,779450.128457587
177016.474414371,0.26549926306134,666730.567811307
158515.030347339,0.301839113551983,525163.980512551
173912.526898499,0.0670065697109039,2595454.85836441
199934.963619549,0.116710675028362,1713082.06015399
199946.495867234,0.304289978519722,657091.951696578
175317.35667864,0.215800555704951,812404.565437446
218895.973294328,0.147120247989406,1487871.15496223
191894.223115766,0.230552380532661,832323.755115518
184752.494355445,0.114532032396943,1613107.62141314
192403.794628641,0.117194689321707,1641744.99495007
175282.312924973,0.311291901597491,563080.221571641
207429.775776566,0.217631768712024,953122.685185921
209164.663260856,0.24669562706349,847865.305723578
188067.346061276,0.172844402455073,1088073.10731489
186354.330243149,0.272869591861609,682942.826174866
188536.375127587,0.326468013005631,577503.362096104
201068.165907111,0.226106891556437,889261.554670146
187863.634435723,0.206958878844136,907734.113583048
194856.058741033,0.111714014240181,1744240.05856687
211535.48584489,0.338805666738677,624356.39840714
213684.646163494,0.158449870136413,1348594.6437162
173200.572635581,0.234471459376993,738685.096667146
185951.768562032,0.193910041441215,958958.943951357
191710.587702475,0.221704832378809,864710.911555208
197497.7032258,0.206135794747362,958095.140476943
235391.224943324,0.216036740010274,1089588.8585068
178999.700728093,0.232836246653982,768779.360174552
173087.068855854,0.104051727939354,1663471.35490857
180993.458374167,0.101626143123476,1780973.40715037
197361.696926398,0.130821260697833,1508636.25586255
215492.319860736,0.190059748126899,1133813.56118002
187405.27005728,0.231940621070264,807988.135896676
191817.480723648,0.0850714051394801,2254782.09051738
207539.395521374,0.299678519958417,692540.111150348
176852.382609381,0.238994537721764,739985.040224105
164086.565590482,0.0748012810252691,2193633.09480022
212272.743561929,0.26091076364373,813583.696576749
183186.205481339,0.0757802098364734,2417335.68535423
197447.609618793,0.122938280031786,1606071.02659759
189017.595644747,0.36689748952359,515178.220189469
215924.475329401,0.145607154060172,1482924.90656174
182594.501698984,0.240614792337245,758866.484995902
187286.533369614,0.206474370858593,907069.156287104
184800.907330813,0.190805445945899,968530.570050977
195098.26233062,0.344547616453644,566244.701788176
218552.467153705,0.142016158582636,1538926.76252424
180424.284892996,0.208398620453904,865765.255547382
188211.129262506,0.124476960547982,1512015.7853626
179816.959732403,0.198130422640162,907568.647642672
175898.917789344,0.228431715872558,770028.43986637
186994.615343616,0.192883091067566,969471.27043973
204560.148919358,0.269046898195709,760314.095019068
182982.830024809,0.346608992012056,527922.916721228
191551.628958822,0.155844807297442,1229117.81457838
171703.229097987,0.247651408524111,693326.277129855
192094.39007828,0.087111990783982,2205142.92406233
196716.63797156,0.271839533255402,723649.851865874
178728.18220436,0.267218348634018,668846.967725056
192902.35258162,0.0716469152633732,2692402.76252667
195349.13759883,0.181608892520948,1075658.43768524
193271.93650822,0.299533443061101,645243.264101212
232698.537632109,0.0600353609699337,3876024.62736331
169938.350090481,0.245336158343146,692675.516068008
173986.55239687,0.243894651339603,713367.642304744
172451.177511279,0.124550068697607,1384593.19464504
202600.745142122,0.0472318126519476,4289497.56036449
184874.49567673,0.0308066806945324,6001117.01451633
192763.719333796,0.332289851454861,580107.151903139
177942.834847429,0.114949843695995,1548004.14794847
186213.314051176,0.227079480967896,820035.844971401
173701.013746081,0.105794487125087,1641872.07165818
161467.711412073,0.240708279217127,670802.483143604
169174.205259776,0.135053034143852,1252650.1631913
190810.191757415,0.136705311101705,1395777.45897127
140927.997469009,0.0498919282258343,2824665.28114734
195392.339649487,0.305019587214121,640589.482905316
195097.941556963,0.253316962440279,770173.223607
203370.29561488,0.172238003867142,1180751.58239614
202530.055322591,0.250899320149514,807216.437262167
195674.31837826,0.245243867815699,797876.497875615
172119.298643508,0.171222217647557,1005239.27915592
188505.990282864,0.111662337960326,1688178.78728136
196420.554576307,0.204653050095394,959773.404230965
200776.348586507,0.263836344396605,760988.21428747
172395.51442996,0.308683892491872,558485.617886589
176983.1457672,0.212135361553604,834293.464658786
157903.671910762,0.249483309002437,632922.789673355
170252.170211383,0.0980858308929807,1735746.83174313
175673.274139002,0.148689561682188,1181476.84445051
190349.110344078,0.250748268849035,759124.325036433
191686.730975511,0.150567560891313,1273094.48224296
219411.19617508,0.142237921263102,1542564.69882759
176811.559781162,0.176596270241691,1001219.10581224
185771.839747717,0.221286528047343,839508.131773715
198487.632203967,0.165423929845359,1199872.54800147
221523.923590746,0.203166958461779,1090354.08743603
223328.769800744,0.175778408910759,1270513.09193569
166020.835478331,0.21814558397238,761055.220349318
176134.420317742,0.218394817575333,806495.420876856
181544.21224235,0.210892393889046,860838.121728863
196697.801130166,0.0801015459605348,2455605.55381887
213581.374429554,0.203565478603521,1049202.3298584
203661.519719734,0.252046161222106,808032.618835501
190502.01724041,0.160690317084744,1185522.69169986
186303.289440372,0.169899275308961,1096551.40730636
194628.855019331,0.128748735374847,1511695.2757064
169866.97024855,0.07084772820989,2397634.68131695
184711.418870119,0.229646122807834,804330.66585968
215818.572746316,0.178258665387867,1210704.5246677
168626.376466608,0.201532473693585,836720.620633038
192928.608991834,0.085792758821483,2248774.97404272
202585.06127472,0.237738401101271,852134.364226769
175588.388620502,0.183201317614902,958445.009601934
166982.798009725,0.156214873967974,1068930.20983366
195842.82901369,0.27749167273191,705761.102975144
191581.401139884,0.24995482883792,766464.092854601
178064.115468829,0.176358194944351,1009673.04368825
200218.515533751,0.182825366204094,1095135.31787619
181971.774773392,0.340740991803104,534047.206385266
192069.95385735,0.240377292705955,799035.348535614
180193.966060128,0.137064465346881,1314665.80783061
170516.954800456,0.038311893376259,4450757.7092528
206580.757054993,0.407690505465157,506709.757244145
199286.605692728,0.12465224915097,1598740.55261824
188839.361765077,0.258967513808637,729200.968058946
197053.914578716,0.199269279829469,988882.555039853
183190.008453332,0.241821277470764,757542.968796364
195967.295293115,0.0917312095569407,2136320.84695746
211805.466079397,0.312056714828879,678740.293076352
197242.771582236,0.1673057832184,1178935.76532712
204108.47860245,0.336331952983876,606866.153488056
179240.81753321,0.273173044968352,656143.864977509
206727.035110604,0.215046026831127,961315.296808269
187193.056642308,0.20010403308165,935478.679562272
194492.370958731,0.257353883566936,755739.016886233
206974.472160388,0.223566761492696,925783.738058707
201084.862539928,0.0925706154332959,2172232.10193331
171814.475962574,0.167497604764951,1025772.73390674
173423.677405949,0.11620643143495,1492375.8974823
179227.88275772,0.199158914730519,899923.977795485
209399.653072541,0.219838819221951,952514.454970434
176510.110366069,0.13830161962645,1276269.29346756
163373.868865621,0.10553598993765,1548039.38412044
165003.033481156,0.123715255688289,1333732.30781574
182642.390332795,0.429166016146479,425575.14682257
196637.760724106,0.233642090511457,841619.591288768
188652.28848293,0.301382510120954,625956.32509404
188499.730087192,0.151539923156941,1243894.85067888
200078.553716959,0.159448087924878,1254819.3980929
208649.268101241,0.168187986268417,1240571.77168559
168048.623074909,0.173213568748123,970181.633514378
201832.445941372,0.230766536330557,874617.477692955
195087.765151046,0.121357395054671,1607547.40214356
184146.086294211,0.169891153692708,1083906.26758169
194642.81209201,0.227403034488521,855937.619873035
180805.927806735,-0.0217012464443603,-8331591.84060243
217805.265687235,0.0928023139852957,2346980.97853192
200856.854035613,0.124645992326768,1611418.46830544
206573.812272954,0.250699365811753,823990.166884058
188003.841578624,0.325219537395501,578082.863914756
183518.988571985,0.251470021590161,729784.756892731
175240.962771999,0.202246024325069,866474.203173137
186280.35869892,0.166904528047178,1116089.30493644
195740.917419161,0.279182262447715,701122.326694444
211909.721670441,0.334251001700496,633983.804363649
172345.185296341,0.242281177503755,711343.683698541
179129.862608411,0.158730941402126,1128512.56992552
174921.285367459,0.155416844971681,1125497.59583224
190873.289779397,0.171716768927272,1111558.82428837
191591.153244982,0.116673862486807,1642108.60222998
175109.23001998,0.146190446717167,1197815.82143163
191671.1636277,0.33693560812668,568865.857465668
169241.819604257,0.142999692216359,1183511.77531343
213905.546014222,0.279560436779205,765149.562930332
161448.390744371,0.310245261236325,520389.546325382
174014.079212359,0.207252191513772,839624.796926674
215740.429620841,0.263588644510231,818473.914237484
192749.089025826,0.263768550202783,730750.837723609
208654.389892394,0.238569867671584,874604.961342514
181549.081002162,0.149311949406559,1215904.56573455
180621.837968267,0.105766471286485,1707741.93155244
196013.053030733,0.142144839423073,1378967.07208152
168979.83318584,0.15664291720284,1078758.21137207
190716.681656906,0.170842742714089,1116328.84503661
204228.622596702,0.293968052211875,694730.672466088
214982.349666049,0.163068476493172,1318356.27761599
173348.990861622,0.304058501103619,570117.231494693
212893.403436377,0.364362133048124,584290.693589332
227541.356033495,0.117537441433329,1935905.30182303
205750.718486392,0.239903954417886,857637.878398608
180665.481322743,0.215267684378734,839259.649418104
178774.162693469,0.24707246718674,723569.747487683
193677.98439684,0.221502485994513,874382.89248653
172642.791512086,0.473526645511669,364589.391428094
178878.777703674,0.23151367646362,772648.857881979
168754.429784147,0.0750434281923501,2248756.93780405
196749.189399529,0.215058760392957,914862.473121425
208030.975122524,0.204453763530899,1017496.43308026
199974.229171882,0.215168580303732,929383.969023722
187777.286399056,0.328955392444607,570829.026402648
202691.278873446,0.175489769885727,1155003.38854756
185965.560014974,0.168859713398284,1101302.11802707
192974.045640765,0.0482094732910607,4002824.18510777
187879.956366938,0.171032751781235,1098502.79791588
207662.210963038,0.395164310453099,525508.517520043
174562.192282408,0.219163173595869,796494.180196058
197105.272875757,0.501435465019475,393082.034730235
194793.423563518,0.252807423698006,770520.978830949
164481.408722371,0.109844340101357,1497404.49594943
197780.328875461,0.299417540913138,660550.241219295
197549.514607416,0.238862950778326,827041.25509506
192257.167693487,0.173620450745345,1107341.71503492
189525.502801831,0.149964231217432,1263804.71705309
172265.912955845,0.150915601229756,1141471.86607689
189848.194416906,0.29565860380885,642119.633831618
190842.387338851,0.275631250345376,692382.983060587
170063.465373311,0.201342380231598,844648.132090681
194874.898604773,0.101483511085673,1920261.69098799
175375.327404773,0.0525689381214478,3336101.76792255
214270.69384876,0.300009987122462,714211.869757842
187455.453731807,0.211246972288045,887375.812781841
190093.13287546,0.227421746494842,835861.723011485
209366.574800447,0.226717464393612,923469.108833005
175405.778850416,0.355446785120306,493479.716776865
187819.055727935,0.206593909040491,909121.941688628
198893.937984668,0.269660983283432,737570.320937445
190830.739948368,0.249495831924836,764865.442745585
179428.082268745,0.138757524655439,1293105.24034137
209664.672647688,0.46109098568519,454714.317036848
193226.427174889,0.219628375323309,879788.08243901
198651.126543323,0.3755933580533,528899.466095279
222756.752293042,0.216828135497578,1027342.47002521
190935.386134715,0.207015365761945,922324.704893062
190035.733755593,0.201067698014849,945133.085183873
202825.593465201,0.291325054861602,696217.472821059
198982.85539851,0.210945551419488,943290.124202766
178611.801838086,0.121212721140857,1473540.07200718
182843.687390346,0.0678141866975787,2696245.37717672
183694.941818419,0.289715434951693,634053.003938322
161279.374186837,0.107720357996872,1497204.21641673
180659.491898779,-0.0135448361019361,-13337886.8920352
212891.241970912,0.307255994784659,692879.05064348
216983.87775208,0.0983179415599711,2206961.15387776
172723.562665618,0.420198437101595,411052.368154946
184922.029243403,0.0856287327465046,2159579.18927571
192710.615450482,0.275914440187258,698443.384549549
187844.043822369,0.148228642928058,1267258.74373375
209570.641302469,0.156955773527481,1335220.97717403
200190.644540947,0.261861405910023,764490.8337876
171943.921827952,0.0818900394624544,2099692.74598758
193050.521617499,0.371397743975402,519794.545737156
187178.50680734,0.1892603801917,988999.951377829
182223.373105119,0.0798099675670971,2283215.72680658
181851.268683962,0.240620562314684,755759.47015757
192867.627459861,0.334357641380184,576830.326544142
188837.548871717,0.176143921407487,1072063.95408256
206938.53435521,0.145202935318129,1425167.70684988
197324.977444699,0.236217991871114,835351.176604547
173677.820223292,0.259032242782617,670487.265822905
202519.194876496,0.137555026575769,1472277.67619922
193418.483540395,0.22639105866098,854355.66530054
172657.742674747,0.20203028385497,854613.17669925
175022.490087204,0.135444518210997,1292208.00072951
184479.756943362,0.153008339430259,1205684.32825485
180732.75866632,0.153185968392945,1179825.80625605
195519.539865956,0.334322928300758,584822.407663485
205000.408622133,0.355547984410485,576575.926768458
190594.006466421,0.156863972117574,1215027.2869768
195515.063345747,0.13849557198608,1411706.24115981
173106.861222256,0.193824527435098,893111.225462528
181076.945481842,0.298507002664647,606608.702192725
204151.496844578,0.308687244067678,661353.848492096
199195.395647885,0.181822312828826,1095549.78456035
196175.566907684,0.156832089471565,1250863.69485151
175748.885388436,0.180593837417805,973172.107649721
163404.908984145,0.0783133148946331,2086553.34286384
189213.80667215,0.141428602662146,1337875.10525121
195641.768754213,0.231552649754784,844912.67520108
168951.021077665,0.32951117891043,512732.289193716
184345.256164896,0.250178433499787,736855.106117903
179312.746641851,0.153175131028102,1170638.76778374
185889.685853405,0.341523410878098,544295.58833305
172386.521252488,0.340508539062952,506261.962554243
182518.841847049,0.0540147529974564,3379055.38243679
180773.009672293,0.17001696843408,1063264.51610848
146949.170052164,0.171020765008881,859247.530816113
193596.067002113,0.121959066639216,1587385.60680213
190979.783017339,0.203021093130724,940689.364204972
224342.538433593,0.160615687610146,1396766.04304137
178513.495360154,0.255454012433231,698808.735317135
211331.263678356,0.334671747907466,631458.331931823
192698.890408473,0.101612732822869,1896404.9588587
194620.709208239,0.0527959698656143,3686279.64792809
175905.517437184,0.0580559858759083,3029929.03803534
173714.011596787,-0.00213893055084224,-81215358.5484033
171001.402099931,0.159752325531357,1070415.72966878
169974.036564808,0.174927733789345,971681.464584097
179194.991509612,0.124477299829264,1439579.6804349
192331.179259555,0.255634434596516,752368.042916924
172331.270850751,0.168160547172741,1024802.03441373
205722.183361029,0.26243742587784,783890.417583919
195477.493108108,0.268145068295655,728999.024112485
188859.300127022,0.146431231428924,1289747.40077011
162843.17623946,0.239012230418997,681317.33658144
204019.936247699,0.175992389630063,1159254.31023779
198075.942802341,0.247216622194881,801224.209940859
193340.820217705,0.195344811479784,989741.261890204
193048.052705811,0.269774443375834,715590.588530537
175617.681320809,0.266579681906225,658781.194669542
177789.791235343,0.216839775226787,819913.187280318
189213.035466237,0.350663269594759,539586.126841568
205677.289362996,0.241578020772371,851390.737888349
188428.447461132,0.256360564327709,735013.390048013
182888.410746541,0.285756489981972,640014.897852643
172966.009280024,0.222315559853755,778020.258203275
168605.463877754,0.235166077285214,716963.372541465
183712.542380381,0.188528250520536,974456.304947091
167559.358284395,0.0727156064187211,2304310.81492371
183847.028881632,0.217018965336141,847147.292389269
179466.245395041,0.157288781305073,1140998.38466517
174463.164692036,0.196626954465886,887280.002713486
187441.722330525,0.27622281390045,678588.852541624
174214.521956705,0.183869514644776,947489.97566713
190607.972908084,0.0314744852543486,6055952.03123296
174923.608377199,0.192323747446404,909526.830148452
189473.166715883,0.266050386281248,712170.237240648
185324.680190819,0.170574012370196,1086476.64210777
194914.388348435,0.268708691003604,725374.336127521
184087.529272569,0.162807197085051,1130708.7927839
205525.685364416,0.110914611652581,1853008.20425883
188141.540816937,0.130467063622379,1442061.58698788
197527.548094299,0.217410341807535,908547.157656202
174317.898069042,0.152761022741132,1141115.02359106
156241.851534652,0.21337118611815,732253.751676368
200722.478274567,0.285418362325296,703257.05970452
178298.826130834,0.220978664592092,806859.913195502
155677.068938085,0.05844024395087,2663867.54081589
202385.059532034,0.164432664535123,1230808.12504139
201262.436656319,0.34305596820288,586675.223027439
178363.890988479,0.181831038576722,980932.036601773
180140.791116689,0.190786958011148,944198.665331008
176872.399432731,-0.0866121004930968,-2042121.11732388
189436.475219818,0.402528339637884,470616.492220736
174935.912384368,0.186337790654615,938810.703775167
161560.004494527,0.171839342225063,940180.53376233
161989.701062303,0.192089015478326,843305.384531893
202550.044819775,0.312476565875476,648208.752078043
179913.817337995,0.0823605203892296,2184466.73828353
196239.805060879,0.234794313689548,835794.538535345
192492.242793287,0.251721630578187,764702.828084918
182992.775268447,0.302704809448814,604525.496643587
197824.332257855,0.175138424925782,1129531.29698229
178598.127339715,0.085641835684348,2085407.51038987
185122.637719338,0.0774006191283618,2391746.21345507
202647.565720613,0.346698369445288,584506.83239395
179234.268897484,0.118299966525596,1515083.00603537
224121.924123104,0.195456220953836,1146660.47992424
184281.09033997,-0.0234327172722666,-7864264.66033764
177569.837076166,0.162374010565426,1093585.33707349
181352.131409568,0.10822645316402,1675672.87024296
181304.091470705,0.236818571621343,765582.235503887
189572.288774123,0.194227649532581,976031.421017237
185293.052870668,0.255685952579488,724689.999592621
211870.187856726,0.311767901195225,679576.656366737
171960.607742699,0.222346960719379,773388.613841805
185155.755314765,0.18565208261781,997326.572931221
187982.014004671,0.0811534352940007,2316377.77653718
168551.948805718,0.0314321969045254,5362397.96784461
186926.287126874,0.0829133984432006,2254476.24433012
174035.728156777,0.395833104651906,439669.461981517
173688.051903615,0.347988141023938,499120.606215333
182614.911211766,0.284059365213951,642875.868831931
188222.187897389,0.292530797826308,643426.911955942
197274.304041687,0.353007832324422,558838.320222843
189607.883366841,0.211583567096187,896137.095943012
188407.891245636,0.238333390199569,790522.431992734
188687.407921887,0.231013880167224,816779.527642676
179441.672034996,0.172688370883628,1039106.86699291
159560.91620179,0.293198803503671,544207.25560632
187634.041970342,0.118788618400096,1579562.45722436
200001.94198374,0.270284220439426,739968.99137722
176706.989714497,0.30981638808238,570360.369921784
172610.766937965,0.243902745718256,707703.254547842
186916.488880344,0.250628472175438,745791.119651816
188825.482070616,0.160526565263534,1176288.06023865
198526.387162056,0.209191250883228,949018.595777098
175905.83795539,0.135112188957073,1301924.26984717
188844.612025793,0.121323399176692,1556539.0790837
197017.069040109,0.361508795535575,544985.54799539
196346.510505279,0.272813164198677,719710.542861814
184575.441483696,0.185753562150874,993657.614672169
178948.665381791,0.312743159806947,572190.501279881
188950.55700566,0.22548847068622,837961.055971661
152323.243185466,0.352945713078478,431576.974988211
195420.859517927,0.104265095122261,1874269.22968589
188273.718702221,0.124719711641853,1509574.67928462
186939.289899201,0.157082954129428,1190067.31784006
204078.37248644,0.204436871362981,998246.407929493
202508.622384183,0.24784771924323,817068.734796175
170025.120382419,0.272307845256546,624385.68459985
203877.153718237,0.382319951321778,533263.181828157
168366.734790766,0.399835863617186,421089.627297577
174788.596346695,0.0619719732826377,2820445.87396839
210796.65462668,0.164564513121847,1280936.27616181
194052.581775471,0.323684596368922,599511.326619627
165654.157393615,0.167764506726684,987420.763937227
187947.375613663,0.199501571667006,942084.686567643
188198.461163291,0.221576392382475,849361.51879588
162800.301990364,0.248645391521605,654748.921723805
199423.294119221,0.286540132255873,695969.854376771
179355.393929439,0.125753985046159,1426240.24092441
180672.48968581,0.200656703549683,900405.949513048
199547.94826557,0.126968583023264,1571632.4740665
190785.644319071,0.0240164844008874,7943945.54733503
198161.872217437,0.20891367296207,948534.719665838
217694.864324838,0.246981370476004,881422.205671943
175775.940627835,0.131371180079874,1338009.90842103
182166.284177566,0.470471113111129,387199.721940287
194821.633863352,0.208268630649547,935434.363090318
180420.275381443,0.207475699649679,869597.141670475
201850.205822171,0.197881963464767,1020053.58289317
205876.211275618,0.240395937931356,856404.7007084
173208.022777093,0.17399132650533,995498.030022705
195045.696829515,0.263620667859136,739872.554050792
172014.699832152,0.235299379164789,731046.12703497
201367.758691767,0.200325675491809,1005201.94526937
185092.123011357,0.231484582121341,799587.26112625
168989.505247232,0.0513371852835716,3291756.34218712
194085.212384178,0.199443851752185,973132.090455891
166903.035676261,0.289664801755452,576193.706189986
177322.287228635,0.2052239431385,864042.881726355
196844.802646135,0.262858359363829,748862.631276172
159831.771767691,0.239935598075071,666144.469807615
169481.061138946,0.125673978079067,1348577.19735996
201842.813565863,0.211423849870676,954683.275748344
177397.774918761,0.203708443894456,870841.539640218
179952.33825755,0.338165064744964,532143.491502488
199031.099826921,0.294333050221804,676210.502615778
162647.978902321,0.0576218204446202,2822680.32573946
195651.889325944,0.226149410483997,865144.370295799
198886.061943305,0.361198742249793,550627.780995323
185961.213576819,0.137753346409213,1349957.86617335
196773.827780428,0.122201752118036,1610237.3686947
209569.969411616,0.149731736298046,1399636.27346484
193323.111520256,0.273380442112943,707157.798217283
203588.859168334,0.255317884484801,797393.647449139
172047.279995363,0.133858363624242,1285293.46495168
174214.741471944,0.195381534505503,891664.311639631
200513.62008087,0.2099233333949,955175.476866454
171238.576687892,0.248442566657472,689248.138882653
178306.169062564,0.11963710242289,1490391.90561715
204477.882911645,0.340749638285664,600082.465062584
178615.901717994,0.142130883298473,1256700.1454772
198606.830431704,0.292618470525547,678722.809517127
203078.19523717,0.396924643830104,511629.092307239
163703.473223495,0.0541639018413872,3022372.23793222
203718.565062886,0.255264067212597,798069.886167015
194778.542941656,0.136124095399074,1430889.53039963
188604.031813309,0.094932042575756,1986726.78577207
203670.950856016,0.309095224608133,658926.22933346
181575.564958763,0.257041005085982,706406.998751133
176456.339150098,0.205107773080743,860310.345628068
215559.244262123,0.170883760476927,1261437.85495186
168442.917705356,-0.0681779719145469,-2470635.49963733
186920.546046766,0.118663427592752,1575216.13726067
181496.832442263,0.0253602006360631,7156758.53858065
186470.907515113,0.181840892521054,1025461.90205002
213906.520325404,0.304896915007178,701569.972659017
191528.494308625,0.168194806037046,1138730.13573582
166248.749088785,0.0942541033634383,1763835.66503985
195828.828898955,0.317782996039617,616234.447215488
179062.952831915,0.11745429625083,1524533.01877963
180822.835819343,0.323788934548261,558458.972884976
199152.098592032,0.207211088346093,961107.343152407
169850.517997222,0.266511623491018,637309.982102701
183112.34260004,0.186001349881212,984467.815513075
183353.820902165,0.066094733681526,2774106.35748448
165174.642757677,0.336331187740475,491107.125293212
195663.242243575,0.314182669263199,622769.049299987
171996.188720276,0.378306221331964,454648.057636221
172629.697231928,0.266160033182186,648593.611775525
207490.073067404,0.242248585623534,856517.170299825
167568.983957449,0.189057300297397,886339.663656755
174567.336666573,0.191929132300981,909540.592268286
181090.703828768,0.0480838328611971,3766145.35599773
181703.033738196,0.0923505107967012,1967536.85681494
160769.664067268,0.264229437143561,608447.210898452
190801.362252181,0.163198793878616,1169134.63462294
175648.888394808,0.300734166727026,584066.952905431
207425.709616344,0.113029932945735,1835139.63257794
164941.997196524,0.291060509641802,566693.150505072
188164.631357367,0.194166902380608,969087.053716936
177570.281158162,0.063379630761976,2801693.21000042
197695.920651019,0.322466515885062,613074.260155072
194478.194608307,0.133671708463437,1454894.20943177
173744.688286918,0.301184756252495,576870.790038461
179876.244792811,0.12643712162772,1422653.74659854
171707.781098274,0.255643039571164,671670.081009483
193437.828293345,0.243961543663246,792902.952607804
191598.504306616,0.206798867373186,926496.874670306
189683.138156685,0.270570290313573,701049.394362013
194983.30590042,0.151112074431387,1290322.47511732
197191.610639,0.199394088775293,988954.145281735
228632.970295336,0.255487038018794,894890.684350561
168728.25249791,0.142640678027573,1182890.14628277
169908.894296262,0.11461650259102,1482412.13486106
185834.596151403,0.29158979511308,637315.157340591
181702.237468986,0.167540365073028,1084528.12186356
186957.591321931,0.222128698043275,841663.382394236
187870.621235528,0.137438330334435,1366944.87468215
179739.07345399,0.0537223751636685,3345702.28710855
186187.333984953,0.110289953560939,1688162.23031664
179888.207708887,0.091420727925776,1967696.07714059
184922.380076872,0.153694424781464,1203182.09551069
197936.205377816,0.155187951847904,1275461.16190649
176577.620810228,0.118547267054354,1489512.37086947
188441.853174714,0.0979675418355449,1923513.13143128
167661.887765803,0.26541303141041,631701.792767464
210610.191705795,0.131064839922483,1606916.02591785
174185.013495344,-0.10243537424779,-1700438.10328639
199139.125272093,0.141362234016484,1408715.18236527
164948.980309492,0.227477956560177,725120.722920934
188967.918352353,0.0810887877145122,2330382.82700253
198367.187172938,0.296009951201733,670136.886843202
204448.262193802,0.302446148363432,675982.363472284
179373.230244481,0.069625213277066,2576268.30571686
185903.157224309,0.14075758040765,1320732.82792949
202367.498613387,0.28209168079441,717382.0158166
199941.143544944,0.197431247414706,1012712.76033102
175638.793438397,0.260357945734052,674605.082411454
173940.769341337,0.167568121887098,1038030.18964749
203053.975901424,0.221311983294821,917501.044807525
173889.105606244,0.110756271543362,1570015.88427582
191943.185142954,0.176859271343891,1085287.6622438
221017.607304326,0.137303147218501,1609705.32563688
198694.471973453,0.211513194535595,939395.163548604
190501.090047164,0.115503954075242,1649303.62403928
193074.782463063,0.207158038096215,932016.851662733
214435.847344698,0.223679058523571,958676.457063598
170301.785499819,0.105435384690229,1615224.20580309
178824.50346993,0.219099683550367,816178.739157428
176305.402855651,0.208237233136409,846656.480208603
193326.252173284,0.17757338125386,1088711.89368695
175178.414651864,0.103250440784831,1696635.99806734
193073.27119733,0.0899979035512061,2145308.54140927
200723.358912151,0.104523134798713,1920372.55004548
202266.010278006,0.307142297461087,658541.698587221
173877.298907792,0.184718255007185,941310.856910318
180646.421098041,0.272872267221324,662018.251021167
208149.609983727,0.154913624468934,1343649.47368118
199947.387211589,0.306160555460301,653080.168707478
189223.846381371,0.183751983014142,1029778.52688974
175229.038722995,0.215481362555927,813198.119060136
189172.092345628,0.126090862108082,1500283.91576444
178471.271730389,0.282375766631172,632034.66026708
194728.579646537,0.171505048436609,1135410.19008844
188832.100318553,0.226164641658379,834932.016489929
175657.369009642,0.119894153605117,1465103.70796049
171081.078133382,0.0903986737705108,1892517.5668804
200712.794949322,0.209991407086456,955814.324662754
171371.095030827,0.166685922703357,1028107.78649741
187547.644130378,0.0818351441233106,2291773.85999074
192292.327701459,0.152536816356483,1260628.95695992
187552.829879388,0.136186373087106,1377177.65462061
175881.276427519,0.147596797203831,1191633.42131759
189632.244400958,0.262261238677672,723066.227236203
176661.70330887,0.135269661890618,1305996.48760653
197882.457919895,-0.08788325184505,-2251651.52364627
225542.249711164,0.241992008904887,932023.543801446
180166.502500169,0.101491232169403,1775192.7792092
211124.17825074,0.1891506274777,1116169.58963369
181671.708523974,0.111617945655767,1627620.96593548
190762.574864831,0.301700239269721,632291.758622997
183694.494102834,0.207316438897287,886058.505924094
181804.120452029,0.201745555382702,901155.51793523
203819.646353855,0.210541530064056,968073.359644742
159068.700382876,0.0669664998634609,2375347.38574069
184780.487643434,0.430797972574078,428926.084631606
194113.11729765,0.106689403494903,1819422.65060019
182863.486439642,0.129550387695782,1411524.03857758
205367.633277797,0.213016209205248,964093.925265185
183280.927757502,0.258751053001353,708329.205356098
171855.574923903,0.109660197271815,1567164.56106607
200335.862333858,0.26300897143389,761707.333562247
205036.749868938,0.278892798259993,735181.227870201
166993.139066312,0.135821091983252,1229508.14654696
171824.529592365,0.0792555837327183,2167980.11572063
156933.396687198,0.257207109102271,610144.086743724
172442.740977461,0.140441624067946,1227860.62979472
191383.305790508,-0.0181030087365016,-10571905.950894
188371.484314295,0.149318565747586,1261540.94349342
179526.191474401,0.217963602537056,823652.15744624
207931.248055197,0.0547646692473365,3796813.72886791
188816.68895626,0.253650140325832,744398.125361616
167695.232155538,0.126786547815952,1322657.92423791
207039.137384936,0.55876263375539,370531.465200967
180206.028917958,0.220342052400381,817846.738535899
193374.965409635,0.13706928017098,1410782.67259023
217935.919351183,0.257631200463049,845922.073721968
168195.531066099,0.0684078087504983,2458718.29749076
217870.672843197,0.264055624384415,825093.854187398
178083.716645235,0.318352781608232,559391.112418131
171844.152680828,0.169726983153277,1012473.97136399
207252.417953773,0.324499962917512,638682.408744855
186232.713259175,0.194601402828003,956995.738739741
189851.89438713,0.248185740079473,764958.914748028
198881.819941746,0.223102431091466,891437.260314793
189907.097955289,0.261357037585515,726619.415760527
175637.534800586,0.175514916239364,1000698.62188268
179292.317309055,0.154416082505803,1161098.73012947
206164.286938215,0.307738757705255,669932.797791022
190310.316933131,0.343185626347922,554540.465340451
180768.339912272,0.233904281931106,772830.400623087
194092.308016999,0.191497954032094,1013547.68513334
179191.268180788,0.161977562808348,1106272.15939042
201509.985630778,0.177325639508413,1136383.80884688
195916.81727338,0.280587707618562,698237.349512527
188898.451846856,0.0635599066099697,2971974.97482204
183686.436787747,0.197872784953211,928305.713345982
179181.801925757,0.162252925748706,1104336.33846006
187316.028303728,0.246389523762371,760243.477252644
183054.868424764,0.28165475297128,649926.431184456
196963.268625472,0.0919311956275222,2142507.418521
191936.824817504,0.173003488410324,1109439.04415542
173241.135171514,0.0900451232562233,1923936.89859868
204678.125204135,0.283765693359157,721292.707307919
167465.799387911,0.113193614326623,1479463.31057761
198524.36800736,0.206568700653643,961057.349826819
170939.846317471,0.182331311713822,937523.263068329
177205.405680715,0.365424817449351,484929.860313266
200969.371481684,0.304571031003059,659844.013463204
177893.042921313,0.0771150989435759,2306850.99751315
163653.85165407,0.19683795888481,831414.085886961
196360.958407463,0.189060900575112,1038612.20278834
195300.078652702,0.284857787575266,685605.544840858
196318.760068063,0.325098018239675,603875.597676911
143157.170459736,0.0914204515361007,1565920.62338705
187836.175642131,0.166587815932412,1127550.50296319
204092.031205809,0.183860499271706,1110037.4034349
187985.004302402,0.229400875335773,819460.710545454
177486.291278583,0.0804116787648101,2207220.31929838
194681.767472024,0.199007526865857,978263.33776436
211455.868201222,0.196275847772449,1077340.23620864
199462.334319292,0.323778043096606,616046.512640694
199657.661039138,0.121130393099591,1648287.0725515
178982.502960304,0.209839854887408,852948.087751677
187562.228319902,0.339102626601476,553113.463613277
195704.511273698,0.147105027927009,1330372.68699479
157886.091130505,0.128205623875092,1231506.74953487
184520.586278941,0.169605871170976,1087937.49299474
198995.003092875,0.333274081089425,597091.146249324
178132.844549832,0.252549426383442,705338.543431791
190026.934535448,0.282904630447173,671699.626248897
170477.991664107,0.0926395085434777,1840229.87971809
153783.615952958,0.0116903248255364,13154776.9842144
192243.965826372,0.111541202132012,1723524.24173129
199334.073815469,0.262177528309944,760301.903448484
206600.370413944,0.190235923171155,1086021.85628245
184191.481907431,0.0879402195044112,2094507.87074953
163414.798979766,0.287494304515981,568410.561227942
193898.049086808,0.244727501223976,792301.83823661
172199.425036106,0.220403390398045,781292.087771956
191377.285632654,0.00795550380650822,24055960.5384252
185973.728795296,0.121342414035224,1532635.8081298
152151.203157635,0.27846068721733,546401.018679112
188719.492665166,0.329531657282402,572690.023840219
191287.881356518,0.24595303893089,777741.483447445
179609.435448515,0.238449864564623,753237.733124558
189960.2768153,0.250902354611979,757108.386284673
176710.103237448,0.104597616072072,1689427.63586206
189129.105260368,0.189945521828134,995701.838296011
210580.461046338,0.273916465038435,768776.207070248
176436.58377316,0.123148108057793,1432718.59028771
182802.326520521,0.16750579930153,1091319.38883773
178936.169979971,0.0893382623547556,2002906.31655033
181424.034616431,0.259611959763977,698827.722657192
190248.077416581,0.208682144279921,911664.378728003
155576.675130386,0.18613808022087,835813.257264604
191871.281563186,0.174433715329633,1099966.71916665
188447.731977771,0.102601982425501,1836687.04563875
189416.724040283,0.149185096036181,1269675.91986766
192655.458665084,0.0470691284450016,4093032.20666586
166454.718035054,0.325021169114143,512135.004894397
195503.116282084,0.224727104926991,869957.882230537
176839.8071381,0.222690693326764,794105.063378717
188231.599214109,0.153896464454798,1223105.41623518
187226.711985267,0.255273967595995,733434.410678251
190763.192342821,0.0775174229080388,2460907.30556316
192233.206807368,0.244639294974154,785782.213882186
158229.372944823,0.203785314969148,776451.301060519
178920.054213772,0.19891828417229,899465.099240469
178429.580650508,0.178766249492929,998116.709147416
208930.074084533,0.219851055666688,950325.544041451
207876.76808129,0.380176955996057,546789.501053942
202325.652329537,-0.00922289038799851,-21937336.7586389
178415.250789939,0.216836210756873,822811.144721515
168500.862128966,0.352795339539015,477616.462703674
152016.276929307,0.0757008614437413,2008118.19086473
202447.657247501,0.264974695944337,764026.378164159
186524.440322057,0.203645834344048,915925.63591031
203857.072773689,0.18683918062194,1091083.10202979
175635.862969329,0.254977237422744,688829.578454212
179336.974390768,0.085280140043976,2102916.03998645
215461.937812521,0.0748610121522549,2878159.56020347
195496.255101264,0.167333543981706,1168302.84263051
178778.329736914,0.190123241545945,940328.643059196
207276.777321255,0.335126021185828,618503.978258135
188729.562632336,0.355586105076533,530756.292042726
184220.403317514,0.219257138986003,840202.531919722
198428.759072032,0.145046512881617,1368035.36417304
171482.896543101,0.232900258729522,736293.284853117
198986.39872492,0.428052291070901,464864.697317927
199509.185619494,0.152850362328687,1305258.17917574
169124.619767484,0.194097802936251,871337.115665501
178847.483896665,0.429702959202088,416211.897234232
192651.528219609,0.253598059081396,759672.723511558
178947.457067805,-0.00273283211093767,-65480589.2947469
180355.352133258,0.0998280353824587,1806660.33787288
181502.057009885,0.105055963046384,1727670.20306833
188269.041847962,0.311511201169897,604373.265362234
183897.666515727,0.252294676257164,728900.305166485
152724.093006349,0.318107256062943,480102.512896249
181485.688168438,0.328671524060685,552179.53148545
161673.066098326,0.0919147274261896,1758946.26057782
209387.510657989,0.232529926477604,900475.538051469
179446.017986264,0.133040419929992,1348808.26504224
179689.254279869,0.0972774993423478,1847182.08727272
195486.760621456,0.151935611228573,1286642.14426574
198555.814089602,0.103288259894246,1922346.39534927
201845.955974539,0.25449604623354,793120.203483687
176482.413189012,0.356606903739531,494893.428417518
195471.465802315,0.0904519121358571,2161053.99196781
200873.699873716,0.205805817944937,976035.089190042
179086.790950146,0.174679367498889,1025231.50566873
190137.880833322,0.0853724645098394,2227156.98703307
182482.51358605,0.121275638118757,1504692.25655492
194422.124102544,0.18411387304142,1055988.45372616
189629.933273926,0.198622500183302,954725.336248023
164465.237980901,0.113640958002991,1447235.58188036
177417.482631726,0.110019878189731,1612594.79242258
172018.71885152,0.123395135230945,1394047.81663047
184788.308181353,0.197258751392452,936781.292981577
171600.627201896,0.0436376880437075,3932395.02124907
175154.201244024,0.297639444694575,588477.785341117
181556.298109284,0.392174972730458,462947.181063662
186486.961827822,0.183686689657981,1015244.82898056
179839.995518231,0.0956711170843001,1879773.13319929
191631.435314627,0.332304264977063,576674.61874994
183056.138584025,0.236789437970088,773075.607397442
179357.915336269,0.13204258274476,1358333.89205186
226304.060859481,0.268644309615715,842392.906751683
219244.898337579,0.293712276742141,746461.471646488
175225.583594579,0.201396927015406,870050.9297303
172966.298502515,0.46927331905792,368583.278609894
189064.5688861,0.185035579839096,1021774.13149681
196424.827473855,0.148034411685639,1326886.26405985
191772.640143595,0.278723918891839,688037.972865951
174591.746781976,0.164957148276012,1058406.67474345
204508.662911978,0.140994364654987,1450474.02009584
183134.677319117,0.372882273772236,491132.698442457
191605.626840049,0.23838622674676,803761.313960446
181858.958800897,0.203735429314886,892623.140768623
187659.443338832,0.223161748611832,840912.22848969
165534.527020624,0.168279293791352,983689.21862644
185870.810259365,0.192519805765724,965463.316982306
195236.575233731,0.232080413880987,841245.376845329
199265.662016873,0.0776162995496456,2567317.21523798
214484.135525999,0.3022985036588,709511.072433505
184658.084391076,0.234276446560114,788205.929799663
224020.819021583,0.0739550322285519,3029149.09602452
171345.322639967,0.214877861584332,797407.985060013
184982.818891896,0.110457609129076,1674695.11924465
206314.435482453,0.169143885583406,1219756.98246993
181607.045989182,0.1964757999208,924322.720978299
173424.737491795,0.151109351596767,1147677.06736362
192747.699099548,0.332126360034841,580344.478165864
172900.159628373,0.235712038921816,733522.820553611
201605.364094679,0.178892735133004,1126962.27683471
177692.911505951,0.0990784148649645,1793457.35141333
190143.540602858,0.365220141974309,520627.201925335
191491.537542588,0.269184003673693,711377.849089115
185791.029176286,0.31002917253524,599269.506340302
198311.465106097,0.226783405870127,874453.156505044
199409.47893447,0.185971224179216,1072259.86070997
194480.207433649,0.569779513641443,341325.377233611
180274.599305339,0.325680633976339,553531.836094484
204859.744018148,0.260679156091117,785869.29269689
194481.55013522,0.154437272611874,1259291.53530174
181568.433220764,0.103286953209308,1757902.88685175
197382.514721111,0.228585335252516,863495.965316691
156168.371178283,0.170487822719051,916008.948249838
190952.027371871,0.235365327872678,811300.58151627
198941.752382169,0.173006391545056,1149909.84209019
172314.594763274,0.374020094119878,460709.457786632
190603.627174133,0.389897864614622,488855.273322739
175039.135254479,0.202515562535269,864324.366301454
163428.425870669,0.216476577964995,754947.382331111
231938.632688581,0.190275748212291,1218960.56049038
191357.49499443,0.265335599480675,721190.429663272
181976.257763807,0.182259321847026,998446.915744276
191940.929131923,0.291277976931812,658961.350781617
175633.34094793,0.165840575056163,1059049.27601976
198631.820850903,0.0224583845240335,8844439.39582298
172561.068657217,0.178892450514619,964607.886810268
192259.302365213,0.27007804925832,711865.710275936
203878.050142736,0.266893294606195,763893.489506964
202622.057366353,0.137167968439879,1477182.02486291
181196.935160664,0.257725797851802,703060.91462701
184052.253516533,0.101788108236172,1808190.13837539
197001.781363326,0.297316209763049,662600.204409743
174363.449868302,0.0377123247185717,4623513.69663605
196517.998111531,0.124491410701299,1578566.72202913
194378.463083415,0.0797784179621172,2436479.28911947
177557.806434092,0.0801853407819603,2214342.48083957
193139.415283313,0.227380904058875,849409.127308703
185158.498752766,0.143897509273,1286738.73292334
184360.172188097,0.179099156653637,1029374.87608964
189227.000681089,0.112781367545553,1677821.47706853
201988.258732837,0.204653142066525,986978.536919694
176806.873909779,0.340887903948702,518665.731056229
170200.108060656,0.116639838826907,1459193.61491258
178581.303015048,0.120140415778714,1486438.19698424
174207.057066077,0.230329285138217,756339.155750596
191505.256659778,0.225442929842497,849462.242145145
194245.059258095,0.222639097425723,872466.074036698
204509.420764539,0.16460143451652,1242452.23843425
151571.684266712,0.161599659867574,937945.564928293
183254.688859563,0.0707726895163301,2589341.87907723
193442.797503527,0.252651708386988,765650.067195387
195850.184650481,0.142985942185592,1369716.36271958
180596.326854469,0.128950118223611,1400513.07701245
174387.513745739,0.0496447757998306,3512706.24020692
194425.454158942,0.0649036877089351,2995599.4955303
201752.816280613,0.14225112313528,1418286.28016348
164178.249854539,0.257026877991215,638759.071182239
168371.896851512,-0.0196666039156104,-8561310.2075985
183946.481445146,0.090700530727503,2028064.00326132
178057.965461099,0.199449857159604,892745.515072559
203700.752842424,0.474249129540317,429522.671005993
177295.699956596,0.171550507984751,1033489.79865659
198263.438981636,0.28012596009078,707765.31713585
185509.370136445,0.405391423055211,457605.562392919
163833.617904103,0.167683888417764,977038.518428982
183289.612974073,0.109309097036669,1676801.08923218
188920.166190382,-0.0191916428413516,-9843876.72030467
182675.817443786,0.138293977254584,1320923.88309507
210454.03870477,0.21493457199947,979153.966469803
180110.00078354,0.135522736966724,1329002.09082823
172554.969654649,0.111048444322387,1553871.11190591
206879.034675304,0.403598565222139,512586.149956798
183027.954392543,0.129725018429102,1410891.7201085
194492.254499717,0.020501528444038,9486719.73558521
180959.301002862,0.164867077535463,1097607.25857433
177630.019888985,0.055368360588276,3208150.25046267
202002.891551045,0.225317686034934,896524.791754364
189440.233743383,0.0601358540206204,3150204.43009631
188933.968786892,0.10411012288234,1814751.18418999
213077.222673135,0.369031047631804,577396.465800161
184789.881181,0.155698839473421,1186841.73758755
200657.87371049,0.284840734429765,704456.3837128
158109.342095612,0.18622646614997,849016.497839169
164570.813997141,0.0248016629698403,6635474.97590243
201429.486227736,0.416306004695159,483849.581692277
188501.941432642,0.213479985298037,882995.851669544
206831.054984428,0.161088867023326,1283956.23363891
177155.989552204,0.203540031614852,870374.187066195
178972.840656987,0.104991187459466,1704646.3135402
173023.934651542,0.244201476890562,708529.435835813
166614.412548947,0.391406402744482,425681.366938999
190643.888114152,0.164066681053063,1161990.27670032
195149.695177141,0.231517504884116,842915.507727248
198540.079186722,0.297929211618249,666400.176432248
191207.454275565,0.409076547687882,467412.408157538
156027.658081676,0.235871859997621,661493.312865932
173191.446856585,0.22323455546386,775827.23022746
191627.534342392,0.117144218018372,1635825.8015973
177934.868273729,0.285434307285556,623382.907141985
197302.943753781,0.300056912454498,657551.736235042
174029.909313861,0.312167950999682,557488.072547328
191755.930099541,0.231806268396888,827224.955673869
212426.472069311,0.261896445669591,811108.64840567
194334.139911644,0.221305140643615,878127.545281903
196410.23646532,0.10569256571151,1858316.47801441
202043.801897475,0.330705947211549,610946.98659359
186284.988777718,0.228916016880845,813770.007516263
163517.967342812,0.245398312495245,666336.967357835
155551.933622738,0.101622301111251,1530686.98427177
172024.579418733,0.063231043855882,2720571.55676278
201642.333845702,0.298449888547055,675632.129827082
208706.32901331,0.342770652875207,608880.390612943
181286.759659038,0.131413699328388,1379511.88183222
191710.539302506,0.0885621462914412,2164700.69132723
163738.636432375,0.126466388377536,1294720.5857067
189605.334267835,0.199314992124194,951284.859443447
203348.59741716,0.202766903651003,1002868.78063275
208155.42264412,0.100155423086883,2078324.03107666
228932.012478653,0.29441323259539,777587.374251187
188629.360344583,0.225598310897919,836129.31140223
183142.674222447,0.27455761046151,667046.431219293
195051.165536901,0.221413123590239,880937.689573788
191405.082139539,0.15828320807917,1209257.03024545
193481.554303943,0.1868484272692,1035500.04210197
189423.469712601,0.00296628613098215,63858798.9655207
201003.371432199,0.330020876116165,609062.595668787
170090.958087805,0.150578482280874,1129583.42726907
208754.992031811,0.249328824240832,837267.783488081
204024.246581236,0.18256605601012,1117536.58396349
176103.698902443,0.281022690150045,626652.953924882
172154.587403292,0.360603501119501,477406.866180819
171722.997499316,0.249676509312402,687781.954226425
194222.810827162,0.162935088601459,1192025.68638995
184585.102407784,0.0873841342976788,2112341.14626558
196145.834745739,0.214753076214025,913355.180767041
175687.64839121,0.30432282311392,577306.843415563
187127.175455907,0.0542743403167812,3447801.9329891
189278.010679773,0.192547801626775,983018.2899032
184797.199798712,0.238821227428237,773788.836899943
192243.502161005,0.152098972308488,1263936.89084957
201950.950351541,0.189841157057658,1063789.08283942
188454.383170245,0.135843696059028,1387288.39568938
199810.198149951,0.286164004284632,698236.658553361
187448.854550852,0.0330636045137401,5669341.17763703
174648.362079246,0.189666761835267,920816.912722613
207252.06070137,0.371182557060547,558356.142440074
176680.919308501,0.110659696452424,1596614.89207556
193288.408344015,0.165661592935299,1166766.56863674
178873.130015994,0.169140337490902,1057542.70488916
181154.588434144,0.29862255013583,606633.987794104
193941.478337928,0.162808570977499,1191224.00727128
195782.794259695,0.263418894029898,743237.477253527
204433.372656928,0.192708775078733,1060841.01553448
216321.489502129,0.270105851660087,800876.723597819
189475.709300879,0.139991706594614,1353478.10173898
182190.300551865,0.170754780954351,1066970.42117123
181588.702251171,0.243631831068552,745340.629156444
198717.099724819,0.119003899334566,1669836.87791732
199754.781211766,0.115295688637186,1732543.37237499
184214.795129855,0.164747074405158,1118167.32281886
190547.323141841,0.465121293595264,409672.327983439
170842.039145706,0.222314841219619,768468.889474347
168823.183919404,0.0879704231760133,1919090.27857713
179139.935600305,0.0521167921616348,3437278.62307261
167929.995632145,0.162763121361209,1031744.74799774
207348.590141937,0.264890699615212,782770.366959419
194365.797846994,0.194000740442829,1001881.73201469
186913.792613387,0.0734449946230091,2544949.36752068
180004.039985575,0.130291122008238,1381552.6124197
212424.440263115,0.287691508647822,738375.773624779
184663.784633365,0.195941023103693,942445.750809619
205997.012798089,0.0325302325285298,6332478.9522308
149695.05257025,0.207274939514304,722205.264761009
181235.73379978,0.29788994096175,608398.300441607
198465.25428875,0.318241891375443,623630.199754603
179739.997829131,0.126172160873574,1424561.46098055
180042.078803128,0.21705933054537,829460.214176305
210107.893760779,0.188346385004643,1115539.82708826
189041.951523244,0.213478105751936,885533.206589876
185191.913156526,0.130452804971483,1419608.51816877
189799.033825216,0.199139518644266,953095.77484851
201998.403429894,0.0205207100611114,9843636.15237166
208985.643336789,0.312857164107031,667990.595431255
193211.053981785,0.16121960923176,1198433.95541318
217846.140346948,0.276841695500305,786897.869387987
195849.622671942,0.244440337108529,801216.464469964
165076.269095625,0.267787078406861,616445.984166636
181862.890935045,0.13873306703224,1310883.51771811
175665.203082751,0.0768021429657133,2287243.51039493
161200.576054924,0.254668616009585,632981.710038654
187695.840419531,0.186878150725388,1004375.52325389
200130.573707715,0.154040666519658,1299206.10076155
173166.250860123,0.120443794540064,1437734.93289039
179729.092759439,0.334489121327291,537324.179770791
174725.78019308,0.204358804935383,854995.116302071
191562.811767364,0.125946814817776,1520981.78937294
165212.224615445,0.131102227460892,1260178.62407965
209252.84403768,0.171924568347922,1217120.07799966
195336.533650947,0.23652402475027,825863.393188873
171357.647883894,0.150707856024078,1137018.68240045
175715.701952183,0.178909058368404,982150.951744184
205007.476400464,0.191358135738202,1071328.77110036
182393.317743975,0.0329962133214038,5527704.52679979
194998.784388351,0.191395820247006,1018824.67515067
218603.262372274,0.280551289069125,779191.794475811
195371.97951009,0.169892755553682,1149972.3980188
195891.913672331,0.190470218801096,1028464.790482
185145.882242539,0.185026192286827,1000646.88114819
168576.656704793,0.237615639419373,709451.015584324
189001.783987545,0.204593337878024,923792.465325658
206734.571011315,0.172109222718075,1201182.41048568
220177.182443252,0.270142616871279,815040.533009144
213609.040199003,0.209843148531535,1017946.22170807
167198.751474429,0.234922509285571,711718.736458681
182487.966707726,0.301749064798318,604767.298383168
173634.708175964,0.169832754979302,1022386.45423331
185331.149150076,0.0487979736971142,3797927.14960694
201726.773535936,0.111347465665207,1811687.15723155
195119.884240965,0.23287159204301,837886.160905909
192471.539371489,0.275928052411119,697542.48504141
170369.304883265,0.276780893389116,615538.532292216
188360.899584896,0.270572274456466,696157.431367578
188644.839374747,0.279675604481293,674513.029924872
222016.687012637,0.00808661089123874,27454849.7508611
204100.446470903,0.169669012822655,1202932.95207792
186415.606373436,0.31786350723109,586464.322366864
217730.792680105,0.161418986160741,1348854.91390268
180105.676014268,0.225257914916722,799553.152575587
195955.514023418,0.0980328724958386,1998875.57137261
182453.787684271,0.118671325569974,1537471.55690687
208421.176664779,0.068373189226928,3048288.06468332
231930.527384603,0.195150172315175,1188472.06042958
186634.531912054,0.126041093655671,1480743.51387269
206671.00031031,0.290680640431083,710989.902883846
208417.819176604,0.305461374313172,682304.987480759
197618.22011547,0.263693194755679,749424.801419582
168741.165714495,0.158895051203037,1061966.14958685
192217.935328655,0.125194906186761,1535349.48971416
185544.371857164,0.259221954226247,715774.141935611
198718.534378438,0.17791683935303,1116918.0786993
188677.753670239,0.362403139266781,520629.468199349
208310.514042947,0.241851333161269,861316.376966356
177904.763221701,0.124671065379259,1426993.20552448
185670.570888161,0.187686608563676,989258.489505758
212479.385171496,0.279499402765815,760214.093729305
178478.743439333,0.225067118905347,793002.302190544
186666.326703995,0.11602898836171,1608790.43538739
179567.873160585,0.194544577768611,923016.591982128
192739.947882114,0.168734599230571,1142266.90175582
198012.482528329,0.154331529734587,1283033.23934431
184686.464140526,0.214355859191415,861588.131237438
189647.421487231,0.116117575095019,1633236.15165096
189521.347592119,0.0236863834568198,8001278.36896737
172215.981600377,0.204565261453443,841863.278138116
200391.412350212,0.0307918839765423,6507929.57335357
213059.195010288,0.280239323235387,760275.869034012
181282.888172857,0.248423750289151,729732.515356742
185493.234591917,0.163056208734776,1137603.01451408
173788.884541365,0.421200707301396,412603.496453788
199756.659085622,0.122248437557548,1634022.18528631
190735.517042788,0.1373745140167,1388434.51718854
209008.497680826,0.208804739012115,1000975.83354514
172959.492876389,0.105583308060822,1638132.92132081
160137.236366645,0.18496405254144,865774.912294198
183929.821491876,0.250105614716863,735408.606080666
202304.280734634,0.241298323221286,838399.032508434
199199.572675686,0.229899229335611,866464.725659829
210984.118719859,0.247937003535568,850958.572989258
187284.531397272,0.121512908868203,1541272.71860808
164278.85780979,0.183483494561643,895333.164447655
182034.233266128,0.137326049384589,1325562.29558698
182592.312824751,0.31089106891533,587319.260928911
192093.362048163,0.350284790293324,548391.958118726
158765.835086366,0.218726252451922,725865.474796011
150894.38723669,0.168407867321587,896005.57050311
200963.799851912,0.211379850237234,950723.541654364
197451.826300282,0.0695356262619443,2839577.88136502
170065.101963349,0.112922807540954,1506029.6999937
166450.944262835,0.361889096790495,459950.14975319
174677.276743722,0.0255912240342284,6825671.03902846
194400.737376788,0.263601332768782,737480.10047926
207170.84901709,0.236618347524469,875548.541288271
195641.397737097,0.120252127420943,1626926.70751889
198062.3593644,0.257936418135309,767872.799026386
179749.032417969,0.177806152005337,1010926.95832355
190913.632047477,0.25148826935296,759135.336764087
207336.969655329,0.275451485340486,752716.832871818
193779.690562417,0.270358937379549,716749.712218223
182231.561462585,0.30454322694336,598376.668204402
168333.18133894,0.173572065317329,969817.240067913
170586.074851603,0.145670065590165,1171044.12742929
208886.854900076,0.212193198641556,984418.238837783
174003.234389565,0.185159409275764,939748.269181483
171653.628613884,0.26330736200281,651913.517754402
177540.627120743,0.147621921580391,1202671.15628934
198558.894184192,0.249337321469111,796346.463554958
192805.731183692,0.161921565194403,1190735.34740237
158730.41403697,0.228602972945639,694349.736539582
164695.625931452,0.0935976849401762,1759612.17456092
162550.482300259,0.136858628961818,1187725.4911388
192060.480717767,0.161728552461684,1187548.38149726
193779.295752329,0.218055560237456,888669.362713378
193055.588332499,0.329315599946499,586232.745621109
198046.379747397,0.0486762231373711,4068647.21587956
182570.043308659,0.145225524470756,1257148.45220217
175283.995111348,0.254386085323686,689047.10290389
153422.384000985,0.177553247314607,864092.244559938
203540.25801669,0.125343321108364,1623862.0152782
172056.816899448,0.140232116206647,1226943.02527606
136581.922922285,0.199562232910824,684407.670379784
178248.968962425,0.0542659133331286,3284731.75910975
202695.636750425,0.156153723643452,1298051.89412737
184942.096279771,0.170302990970582,1085959.17914159
171427.369359058,0.295651996772895,579828.214354123
180513.611635884,0.244634938093103,737889.743153468
192270.532566789,0.119842772217572,1604356.51653422
208192.004537412,0.228353838399649,911707.926595254
186637.758985614,0.245101973642711,761469.833195544
192699.94101608,0.31151835082608,618582.951871313
175300.063852821,0.187386661078179,935499.159033972
157010.579887996,0.110733657597616,1417911.98172592
187438.892104619,0.0705389762274364,2657238.62365491
193758.210440303,0.236297124670742,819977.012882774
160128.093791044,0.169058013414034,947178.371242774
184398.630504805,0.115030182998767,1603045.61548668
206295.183573441,0.167722549251238,1229978.82213454
193596.189619781,0.269285775243306,718924.679348036
218088.071772677,0.329329671836337,662218.106727588
201570.76788717,0.186193648663596,1082586.70117882
162915.337556856,0.170888943892752,953340.420074807
193193.684862923,0.303333166615227,636902.607844351
153833.900176582,0.0890366932848659,1727758.46115941
177066.438487881,0.186903711865728,947367.158845332
193972.438184088,0.127612811689735,1520007.5573579
192817.649308431,0.222907093311353,865013.519507457
176401.076763301,0.336696491933634,523917.180574817
190538.353299309,0.143241646339337,1330188.239026
197001.901132646,0.199777423078961,986106.928883461
167636.184869017,0.186341102358455,899620.012693411
187678.229305993,0.22966280836849,817190.343701044
191815.340136113,0.0729277732968799,2630209.74677585
190498.783706597,0.215465144165184,884128.077627967
193024.911365832,0.219092701628146,881019.358159372
177892.308160817,0.185446780160603,959263.396251774
191909.527313516,0.241609871857559,794295.058550651
185701.581513049,0.109117099380474,1701855.91962573
171911.726280973,0.23241074063206,739689.249358463
203245.532136088,0.197055898900635,1031410.54528174
191746.452070475,0.194246869977905,987127.628323098
209686.522515711,0.0646476572846275,3243528.55653397
195007.409054888,0.256182753914797,761204.281220842
194384.448818344,0.144993947062936,1340638.36977946
177298.329453759,0.168465031009981,1052434.01785415
193501.797120411,0.122286068794375,1582369.9218411
172003.592431028,0.242281821223204,709931.894859616
200861.529833597,0.240736210724479,834363.593366859
181921.667287873,0.183578191939543,990976.462758626
204174.377653241,0.197475991710553,1033920.00153875
178568.979563688,0.0768046609328957,2324975.82040891
205889.656988591,0.211742278690093,972359.692463365
224471.325623396,0.266591887860434,842003.586174052
200890.591523648,0.184523229294173,1088700.82261232
188426.591438083,0.197325533162984,954902.228909473
177901.925423113,0.332667995839586,534773.190231676
182752.652673908,0.25674745570255,711799.274403067
193478.908675282,0.293277624208381,659712.479591729
194000.548810449,0.311394105618914,623006.490199489
178013.002957948,0.126801947552949,1403866.47360929
189611.868950941,0.234560380843187,808371.252934244
157097.4094371,0.154348447239839,1017810.10594158
188441.292018267,0.237492503451811,793462.064188914
194290.888370682,0.264052410846455,735804.258510107
204034.427119485,0.328923297194221,620310.050579992
190224.532947287,0.101546791226355,1873269.75722219
181756.021209337,0.176511456473568,1029712.3191919
193649.688562111,0.206672854848746,936986.566057907
196112.445011559,0.22891986615038,856686.00244039
194401.253124194,0.35427347871834,548732.165409282
183606.658064128,0.2586702564463,709809.703622591
187188.059285338,0.248422895028911,753505.66727577
182980.496043522,0.220302014272814,830589.30099897
172129.123409379,0.0713685510480307,2411834.35675382
212590.385983739,0.236664350074807,898278.029270324
204756.655109817,0.147514460388646,1388044.63352514
138461.843459068,0.165306337799003,837607.591473138
197364.82014612,0.0938289898000154,2103452.46780103
164279.811802018,0.2272400154946,722935.225314321
176732.555550725,0.105931994600687,1668358.6126828
212718.902844434,0.426055809476817,499274.738456556
215098.083316016,0.228875919136913,939802.160608014
188439.326296523,0.22842423879046,824953.285580975
178017.366864354,0.114910488927071,1549182.92078049
218483.137315895,0.275186945015774,793944.412237182
187365.962536443,0.330038954474975,567708.629529823
212160.716450205,0.187113306256693,1133862.26075846
194351.429831949,0.200898823010052,967409.499567973
182062.930488966,0.243916554988087,746414.81591054
175838.831340428,0.0736260914477435,2388267.9072436
206182.474347056,0.179934301099979,1145876.42871101
186962.771855133,0.182040306427061,1027040.52484137
194852.801297512,0.400036434948776,487087.635711138
183759.223018494,0.173376321321407,1059886.50363528
190939.123692855,0.160510769513627,1189572.04100031
202745.253114119,0.287845701720451,704353.936509431
170232.07731426,0.207235759509994,821441.61662433
215668.549315543,0.00340748114711453,63292661.0608462
192270.83233189,0.37099623274574,518255.484453023
173383.338070472,0.246592108352193,703117.951458684
181755.434671642,0.319470987671031,568926.261494522
206651.22601776,0.347130588141034,595312.63759966
184286.739070955,0.124870150887903,1475826.99116293
181157.161124801,0.172765861277138,1048570.35866711
194223.103919373,0.320836295993641,605365.123412417
183897.598755482,0.114271456372667,1609304.76072474
200023.770552892,0.209708890286501,953816.360763828
188341.178888658,0.144222555809917,1305906.54028409
174162.249524414,0.0102079456002404,17061439.8180485
184688.828518303,0.134460663903093,1373552.85298465
183062.08505145,0.31885916497791,574115.801451502
193449.512471045,0.0804845514804777,2403560.79412293
176612.983791484,0.369451680022389,478040.819250791
174855.231502837,0.309919914977896,564194.887299539
196817.167972242,0.159990042367913,1230183.86056578
169313.506125647,-0.0430391822976757,-3933938.72947235
179522.440434441,0.415296188013778,432275.676049512
182180.68495885,0.164505767377857,1107442.54054264
206268.394978987,0.331894448964574,621487.93275239
178310.831833667,0.154873910026139,1151329.05086191
192214.136193877,0.179825326039737,1068893.57815707
170829.541324423,0.244002606091471,700113.593296553
194567.913376947,0.194418491668072,1000768.55708319
180007.316847312,0.251827813404744,714803.1601974
201599.07626813,0.18723686427979,1076706.11256808
194164.043559957,0.315425651389575,615561.99600314
196227.952613344,0.192368889439304,1020060.74467285
191651.606195105,0.155215839081253,1234742.58380795
224167.024312261,0.214705632179251,1044066.80922609
211638.115185059,0.23097141074952,916295.720315673
178667.660277026,0.0195722100363958,9128640.04344846
192891.947501677,0.210851549092079,914823.47809283
154694.139983028,0.15535075418772,995773.343952364
193667.861360311,0.385954633256095,501789.186274142
188696.261861784,0.237302273236137,795172.584267723
201488.386697037,0.268456967583431,750542.586064258
181410.809766804,0.222258733652635,816214.538729122
183274.15933657,0.20035267526215,914757.734563641
200546.824643215,0.16088342156119,1246535.05437127
203063.445928349,0.0802285493043822,2531062.16788165
180034.946977793,0.174405307101537,1032279.06288986
187361.657858035,0.145415411026885,1288458.05637062
184147.85442298,0.132741986093254,1387261.55787373
190184.533042513,0.252730016094463,752520.559217738
192425.156987813,0.10780735619931,1784898.20891316
218649.790893362,0.263335378614779,830309.212698738
172345.167312424,0.226765741513033,760014.1280711
183153.856223716,0.306441859794453,597678.973579415
152306.630471701,0.111427361324795,1366869.22009891
205820.482604532,0.107082288879251,1922077.72880744
227605.095729046,0.0957659755652142,2376680.17670903
161646.507101832,0.211786021542318,763253.900916838
185513.258744131,0.148807043944539,1246669.87413091
175800.432339412,0.312413377073443,562717.365006059
201267.550787605,0.212076656224325,949032.082883807
198487.180028696,0.278899576004664,711679.748216528
187306.694690479,0.254105799434074,737120.896522765
212952.149238873,0.0935016173020603,2277523.69834335
209562.471528964,0.226972713258349,923293.679317444
188638.170222506,0.212407679990378,888094.866584163
201651.094391112,0.144829140197329,1392337.85491209
195616.274699285,0.14104444813356,1386912.26267941
196076.37095639,0.105804206757684,1853200.14170561
173338.198555444,0.244360820157044,709353.481642614
170921.526808764,0.197181491535313,866823.37920217
183947.11725337,0.0437583392612003,4203704.26206903
211368.206716643,0.190747019778671,1108107.51833449
190364.025399868,0.0437574688692355,4350435.03016024
173624.95309145,0.29754338728361,583528.186179975
181284.859575743,0.290102202526437,624899.97661849
192561.204163118,0.239143666512874,805211.390169732
198859.868490497,0.191290697734444,1039568.94321417
193607.586228162,0.166260716731081,1164481.84534963
198830.030753258,0.250339268964354,794242.275995341
150288.377790009,0.18152543391117,827919.121590161
213211.68664342,-0.0796838280345403,-2675720.93237036
185143.493663028,0.222495752185365,832121.475778925
192746.744651128,0.291419213317501,661407.127062449
184012.921304413,0.111183996810398,1655030.63915043
173153.509298354,0.133157840326766,1300362.85413942
208242.894644437,0.158815080064321,1311228.72311683
181778.907441158,0.166425335476578,1092255.0158641
199697.951539847,0.155879455108654,1281105.01413191
196375.500178482,0.0601719028828187,3263574.704641
198277.746136989,0.0772672789328196,2566128.23533468
192450.677718194,0.241395258929858,797242.988828186
171400.58696119,0.154041274008074,1112692.6082954
181288.820518278,0.250342436931677,724163.360955679
182531.856558177,0.189572257235523,962861.650855379
184180.023659931,0.117352990602183,1569453.17468973
184953.359969108,0.173019624177554,1068973.30778679
193877.589905818,0.248163474764046,781249.49729269
176384.799511155,0.181208891066536,973378.284437436
188592.831436028,0.280631042496091,672031.254128469
188951.471639977,0.239491006720848,788971.052513131
170224.648037885,0.206869441430225,822860.287440278
196400.041836232,0.191879976643594,1023556.73203481
194253.044543824,0.239632817089745,810627.888546144
182664.980055644,0.130877235713275,1395697.1131009
187910.061714123,0.106224116412817,1768996.23230427
173860.133055276,0.173757981775713,1000587.89402662
194737.513456884,0.264120903977496,737304.433402499
172377.739660194,0.15524736067931,1110342.48122433
191975.631054976,0.203435344862229,943669.012801024
207041.889695694,0.182123245766779,1136822.97294891
181732.659483122,0.285995630685856,635438.587111637
187113.60659455,0.190248775473327,983520.688262109
182803.897802638,0.317739285912211,575326.709373753
170451.690556989,0.11916716485314,1430357.85710813
175420.198570021,0.114715169439735,1529180.48612722
191043.760667846,0.273167842945417,699364.019600282
208113.326868914,0.304357440516608,683779.330367832
218964.742376519,0.41541814110584,527094.800900212
197613.954006027,0.0676871037673176,2919521.48943096
196586.954485955,0.185233367068541,1061293.42459781
179781.016283173,0.326671011444881,550342.730100211
183653.989612675,0.222373749676532,825879.807665345
185876.171453162,0.13462720495012,1380673.18208106
192950.145078494,0.119152487810714,1619354.73294536
203928.971633759,0.190283436568707,1071711.62824845
177337.05265459,0.231580142151171,765769.685635775
181586.500829283,0.311408536046139,583113.433995203
203289.99800161,0.0552933669904241,3676571.15250037
179354.51140519,0.151853319149864,1181103.66246381
214905.529193279,0.186585600286272,1151779.82043393
178886.952277869,0.218425270612636,818984.688795988
210319.071882283,0.300314535970843,700329.31040908
187733.580700042,0.498847282271892,376334.776938245
195325.842160018,0.114657156355377,1703564.33360872
206909.869678603,0.271648633840665,761681.981437706
187876.554102829,0.137401206216348,1367357.38554583
175845.132223944,0.22961064492931,765840.504816673
185044.796071455,0.431621611306578,428719.951049945
191077.87791444,0.248198217640152,769859.992272276
208482.42951864,0.304536272813126,684589.811232675
178699.943895723,0.238780429219453,748386.056930516
196290.346011425,0.215823877337929,909493.186910366
171688.782394755,0.0861493544526174,1992920.12674552
192338.816495337,0.192174298564949,1000856.08706064
191640.351953154,0.192192408372466,997127.584674202
183552.980847067,0.231518109712771,792823.42566976
193778.845040177,0.259951383368301,745442.638270672
178384.383875099,0.224278441595497,795370.177383471
223270.276469813,0.23280572273075,959041.186148308
185190.009956699,0.13914562341876,1330907.90358076
190119.686803705,0.16281635686703,1167694.0232668
175909.781600909,0.131050231701912,1342308.05483072
194573.734304281,0.209339921236897,929463.110307058
184605.885590499,0.176647516410604,1045052.25627626
162998.608230028,0.094957955266972,1716534.5206914
190841.082040219,0.214673001569241,888985.017422722
195987.428431794,0.161457413486017,1213864.53678553
186447.0849634,0.186445192499922,1000010.15024015
161742.696649903,0.0779213090209239,2075718.42262648
212633.253117747,0.234091331893388,908334.586325421
193327.112492926,0.160156111760469,1207116.67115188
168534.104605602,-0.00518448429064367,-32507399.9953577
179984.200405163,0.127962744987379,1406535.94468386
196717.943206616,0.347404036478021,566251.173132418
223870.254849309,0.127422237786214,1756916.67905654
183902.321658121,0.230753128664262,796965.669426278
169685.403955564,0.0180730520691514,9388862.67279653
184850.377160246,0.118589132547619,1558746.34706531
169918.760465597,0.121415906468832,1399476.93352037
198825.997338883,0.238722737550586,832874.150903831
185708.464015998,0.276887964438721,670698.939162804
179057.371089601,0.196194614429438,912651.815700067
163868.680632565,0.20501742335322,799291.484364428
193649.84058188,0.171204031314555,1131105.61179535
176936.782796965,0.332963195978517,531400.421830348
194230.793865995,0.131394894719162,1478221.77019233
174608.937895196,0.169930136085649,1027533.67894196
205328.404554469,0.26483947660817,775293.801302336
158753.63848701,-0.0159425971599131,-9957827.88052807
199597.845714651,0.228502631185211,873503.489563183
185259.675931505,0.276411553038055,670231.305078626
184618.149325118,0.179201286899961,1030227.80984927
192063.843965443,0.270919629582632,708932.919557468
195514.677077868,0.24546592821254,796504.339732965
192878.820508824,0.28683892189582,672429.038688402
162022.821076565,0.268293066261783,603902.379342422
199935.490419408,0.200311160470642,998124.567546055
201958.61113122,0.295318051464668,683868.155466897
182143.44323923,0.193215719288506,942694.745075361
176742.569164515,0.160571231099243,1100711.30397747
200118.528874605,0.256099902824165,781408.06250912
182925.020869941,0.127672532067493,1432767.23589408
177111.75954475,0.267681648728155,661650.734692748
180139.745511943,0.177137359746792,1016949.47790485
178344.792201816,0.125463889705209,1421483.0468022
180633.141141573,0.256066265306869,705415.611560947
187405.644626272,0.0165266031714898,11339634.8107134
189493.777844464,0.264229315534063,717156.525427381
180615.039695799,0.191579400091188,942768.583729931
193238.609694357,0.139025303834224,1389952.79539024
188612.618864552,0.181372527564628,1039918.34594323
204639.176671059,0.237719395607279,860843.416450251
189635.589579003,0.128144703245973,1479855.07613997
190814.003217167,0.0522531279011991,3651724.03799368
187359.469992702,0.196594304358483,953025.931265326
189920.978741551,0.307977384579415,616671.83452744
210525.83245985,0.188062442736847,1119446.44234168
178346.47467924,0.230723736071471,772987.113142072
172115.634535476,0.0776791656450971,2215724.55247322
189737.316509978,0.229954138246462,825109.380317478
199155.370565768,0.135488541086462,1469905.63902136
200760.804109133,0.317708491763352,631902.543727636
210570.094355921,0.330999462240713,636164.460602018
192880.617824714,0.132279546303017,1458128.81292227
211995.898866437,0.354218371100623,598489.282776966
159400.685645448,0.0782341513529065,2037482.13393928
193701.623901432,0.149739210369956,1293593.19728519
159739.856095958,0.191049128060567,836119.262712974
166924.670333968,0.183856299886905,907908.352537543
211168.484564416,0.195511219534782,1080083.71625368
208720.410697354,0.108970974167633,1915376.20262323
212988.921871275,0.227012933617065,938223.732355942
203386.956628733,0.173627394814136,1171398.9998321
179517.395630343,0.232624770048906,771703.699449553
208142.684572854,0.0747544958928943,2784350.05261856
160967.160459229,0.199379505403549,807340.55455413
184018.574670704,0.212425171321035,866274.808801259
197113.109903971,0.132200996081418,1491010.77712437
166449.771009465,0.0369014358880865,4510658.37964325
200338.340911921,0.211896307699373,945454.609790326
194541.453865404,0.172859456978966,1125431.36062886
187045.616570175,0.244994901089296,763467.385396729
160196.207120903,0.102676260475149,1560206.87137973
216869.042772214,0.285426786099667,759806.203670341
177842.084885293,0.159182713558991,1117219.83442245
185314.315829943,0.101550445932557,1824849.84805499
171698.289534657,0.0688508491152294,2493771.5618772
205831.470210178,0.172295671338099,1194640.98321002
196760.021664219,-0.0028496790990693,-69046378.4952066
192229.123423106,0.16206194122436,1186146.00054051
154659.742954228,0.0911729933260346,1696332.84278783
192005.369686675,0.18124182912317,1059387.72862522
208676.540842738,0.255729695583674,816004.337573925
178325.701382145,0.284625434912522,626527.637759965
177540.993622533,0.0930801481014962,1907399.13121904
189129.806240263,0.151309861495388,1249950.29650481
197961.204642946,0.12497331527925,1584027.79185786
192820.203399005,0.32207081857546,598688.835740726
198665.530701856,0.149901757201442,1325304.88241632
210423.871169792,0.20022638321966,1050929.79149978
182859.267077903,0.179157125387696,1020664.21685543
188788.921573106,0.147117717240233,1283250.75398517
195878.371152383,-0.019080292528496,-10266004.614963
207899.041082119,0.185381827082834,1121463.9770986
177029.822784019,0.229432776599077,771597.787413651
206689.637811636,0.384944993361122,536932.916069225
188745.194952593,0.284928075021071,662431.018560159
204740.518543796,0.241252516042742,848656.511037266
190645.588933326,0.259020784954776,736024.28842385
192113.730942387,0.0961498888009757,1998065.03510421
163111.83854932,0.23906643148197,682286.666255032
170672.93806323,0.162172697344928,1052414.74586947
157977.531774098,0.247119079865901,639276.950447629
187210.262829986,0.255433482181487,732911.994273999
163925.193623508,0.308509622616644,531345.480355414
199072.183661795,0.0585872394294924,3397876.15187726
222963.721877907,0.172390496941556,1293364.3433576
178489.757081242,0.173701463546624,1027566.22446841
165765.407619531,0.13892917659025,1193164.83180801
180003.631718723,0.175018890266872,1028481.16248623
182495.329039815,0.169688581845648,1075472.06214391
173041.552012511,-0.0398258404223929,-4344956.69588468
167939.24130929,0.136428103995285,1230972.47847917
196685.724412759,0.123448297911753,1593263.96345585
190087.878528351,0.114032537424887,1666961.75338167
205431.409584506,0.205801574208782,998201.351832711
206720.265258719,0.215646184573067,958608.498768392
171250.987590246,0.160798432850232,1065004.08340266
185047.062112731,0.236873257392849,781207.064695506
226158.597928873,0.023418426353834,9657292.70241284
180272.871587348,0.244993528174212,735827.076457129
176553.066350082,0.118573298148374,1488978.28690871
210091.997238587,0.191402427473026,1097645.41658279
183113.661722604,0.206840410640459,885289.587057057
200559.888304131,0.0710485275235817,2822857.77474506
199589.783597003,0.183592651736931,1087133.83519834
200137.415477999,0.168679454872829,1186495.50787846
175776.081028633,0.104790490467797,1677404.88897368
178620.866713777,0.106156177677114,1682623.38209909
187214.164153243,0.107203006128913,1746351.81338212
178066.328292162,0.174211578327817,1022126.82992339
193327.065089786,0.261783976065885,738498.467305462
223729.363387583,0.102724823560321,2177948.38319881
162393.873491249,0.153043129083928,1061098.75342521
187331.426968572,0.243993737394188,767771.455813742
214826.851546889,0.156683067106101,1371091.69174876
187095.551542544,0.230382731683987,812107.531562652
158367.062137684,0.0694498347147205,2280308.69746788
172736.588550054,0.138546997996467,1246772.51075811
213906.49299637,0.198840697416492,1075768.16907014
193656.395931125,0.146260229512712,1324053.68551876
174568.73796664,0.063305571613616,2757557.24997028
192240.591923343,0.168000671322966,1144284.66511171
176863.835798596,0.401084676130939,440963.832138172
199643.735714795,0.252555676128896,790493.956718292
177383.587888138,0.135944846477881,1304820.24500281
182727.737413388,0.101238966073239,1804915.08853614
196485.397113928,0.112871004367414,1740796.03716766
195947.894690046,0.156139336356124,1254955.34477696
186980.65093278,0.236275687247003,791366.44616892
184689.554906676,0.172845298109028,1068525.18944528
175074.447831217,0.264818083552709,661112.132081307
208163.978344294,0.228094041055171,912623.483635611
215716.135166625,0.474317404146721,454792.78913387
171897.998871146,0.196846646390454,873258.45790727
192263.643333573,0.0939925007117103,2045521.09878719
182179.112836955,0.0755041955679018,2412834.29969292
177733.006563761,0.128919653323893,1378633.91640708
210085.117239097,0.236219689429774,889363.277660028
181501.099871596,0.200012603123277,907448.315943012
179621.572529839,0.219216448663986,819379.994633352
203295.480690269,0.341374244138273,595520.851912673
189482.008886267,0.135647810872236,1396867.42946952
198386.58778498,0.191759917210821,1034557.1205419
177983.819562712,0.18971556831287,938161.380984763
173448.056807811,0.267304917903505,648877.163084683
205494.775360698,0.256386341505767,801504.378719313
180171.799181904,0.22750341814413,791952.0535193
195306.955145122,0.155937270424911,1252471.29575202
205216.519934479,0.202375691511369,1014037.39946183
221875.48728753,0.267797248372583,828520.41473868
162512.404518358,0.224376120134591,724285.652238197
198516.31095621,0.0868383115674475,2286045.26473344
181138.813054356,0.294202180544013,615695.005113184
188820.391780842,0.351873401978042,536614.562849582
178740.103704615,0.244905474229469,729833.027485295
190103.071963144,0.252019860980129,754317.819333031
191940.938521037,0.314208860386758,610870.547332046
172171.017505855,0.0551194965755661,3123595.60958285
172724.80985231,0.18142867776488,952025.953009208
210645.664336487,0.305497722555271,689516.31643793
163367.534749215,0.168387899154216,970185.717440399
186861.357464694,0.210355563006042,888311.936201691
200589.705909831,0.168041041983811,1193694.72803647
190716.933380355,0.115622393844691,1649480.92699528
181014.25446101,0.152953531837677,1183459.13485092
189386.795464989,0.41106592621962,460721.221062252
177305.772000319,0.0587804412987847,3016407.63632689
212096.397775994,0.116756992296119,1816562.70519607
184896.433705722,0.264895311173192,697998.137025666
186924.484770726,0.120860479107635,1546613.79924083
174454.924807096,0.363168015390397,480369.739112518
198333.99563006,0.13249732126999,1496890.60676114
197956.851711984,0.400316669564205,494500.646019776
168465.328147422,0.167189359211144,1007631.87886058
159860.282717635,0.204915862260934,780126.442891346
195096.627335948,0.264772968292984,736844.960396653
195904.17498764,0.204948517938569,955870.171485503
200711.42654177,0.228839116586807,877085.305761667
144977.262459145,0.171957806630221,843097.881394272
197209.645308122,0.222816756908028,885075.467593867
165567.211937523,0.187413501440313,883432.680490487
195756.545147579,0.368678937411935,530967.53104953
202682.052990319,0.209173987344978,968963.949881819
197289.411172371,0.0357451802703985,5519329.03065401
191515.131330691,0.182946015289657,1046839.58832045
164268.394903525,0.0510795758272953,3215931.06917982
178888.72383842,0.0898322169092813,1991364.90218285
196535.741214073,0.380413359636396,516637.326832908
188090.256153183,0.245666151524036,765633.584384052
193819.197233662,0.140142112693078,1383018.94776013
178100.320330352,0.273706222222739,650698.836453256
184861.285792999,0.154345560620272,1197710.41713213
194260.168184547,0.280179767747694,693341.170728219
199318.053547911,0.170414966503266,1169604.15882305
206687.794251844,0.0431947793202997,4785017.94671073
199328.442216875,0.259480426283412,768182.961126954
189179.934460339,0.135893128462598,1392122.88804144
186981.051455772,0.213634938551376,875236.291983232
184832.352489459,0.0903097069777972,2046649.89705814
183768.640609277,0.156744176917241,1172411.27691975
176055.183547081,0.348686124730599,504910.207376634
198107.400055195,0.186860259363804,1060190.11602404
196943.548202114,0.331425588449727,594231.571325965
236975.863892531,0.256041746888006,925536.037668833
186252.084112065,0.26846624793414,693763.501167403
171105.837286111,0.0926116505207699,1847562.76693003
180395.348817422,0.224255822176325,804417.682746193
182365.899006032,0.233312453425961,781638.083729223
202940.552045752,0.201264360999933,1008328.30530697
166273.44871929,0.121915001473349,1363847.32567664
173277.784992415,0.222275692173859,779562.458214646
215698.891847164,0.229569608973967,939579.47139085
178710.421436926,0.0650534112721113,2747133.74659785
179499.256534272,0.20627933831033,870175.646308456
188558.638574101,0.260766183967687,723094.6731861
169315.707474015,0.24942233384426,678831.381554373
205284.764292806,0.238756534553861,859807.940655531
208940.754066457,0.23940988456742,872732.362090993
177506.935267166,0.262345159553692,676616.010637075
201577.208114388,0.116298618972714,1733272.58651009
204501.46582643,0.132402754827673,1544540.86769264
182773.024087119,0.261221739786235,699685.34868762
185494.766316711,0.193327380027591,959485.233236168
194572.581095983,0.302735169419259,642715.484524757
182898.189622796,0.250809573225765,729231.293967237
179697.269498429,0.322546688348215,557120.181325288
187944.247258521,0.153665997652676,1223069.84062488
182856.681278235,0.217207332955654,841853.167616435
176433.790368326,0.201035385335753,877625.548724473
195265.518861491,0.18780889462187,1039703.25396267
183724.403876003,0.192367367721015,955070.530166286
178305.1536197,0.153605427981083,1160799.8230483
214421.005425567,0.159046980851352,1348161.43178454
191022.723790506,0.215612659918265,885953.189682458
183950.526970115,0.314165895837023,585520.355352449
203785.835286639,0.233883535733303,871313.299791295
175567.128026905,0.166531908998063,1054255.18198405
193394.697176372,0.354049122218463,546236.90623653
193508.220268061,0.349756404602266,553265.694985954
175160.493755058,0.110246294720692,1588810.70968258
200232.773293616,0.354815309831975,564329.57582478
165251.573924265,-0.00854235964794203,-19344956.2807948
181929.426617884,0.255563826220684,711874.717593188
200826.554143707,0.284784588285668,705187.578276732
177202.943842114,0.11125227642383,1592802.85795714
194746.77899017,0.261236372930375,745481.10129394
197228.698391724,0.192169316409989,1026327.73054644
189539.469728392,0.181008935869399,1047127.69465231
192122.251882714,0.421738591836889,455548.189331979
186171.134624046,0.294663200830729,631809.924344754
186665.705095423,0.286146680176372,652342.724998129
196508.366540206,0.218530104948203,899227.896251561
165916.059462825,0.176200061519372,941634.514949267
184139.725941964,0.276495564462585,665977.142526212
191919.939018896,0.333796481727332,574960.940348286
206012.57440445,0.289721540403975,711070.961852525
177302.515851881,0.231212809518163,766836.907614986
190142.618120605,0.116583507951992,1630956.39735686
206445.833097767,0.21595625501153,955961.350074095
216666.468179192,0.244000298192468,887976.243407231
190890.951527097,0.195044521886797,978704.501313239
183750.223647769,0.180081320220415,1020373.59245736
199782.298480268,0.181036162995383,1103549.12065477
198109.344874741,0.260958387487605,759160.672251436
197464.670783079,0.193540249598971,1020277.02863998
183429.867509497,0.183200042574957,1001254.50262625
202925.254928866,0.268995007623927,754382.978038647
159807.759669382,0.293014668500738,545391.67095991
167954.462074258,0.119582643098597,1404505.35062833
203632.902143901,-0.0504643090153999,-4035186.57278672
185742.527092732,0.11265214372513,1648814.84675464
211917.623675876,0.267953090454635,790875.833215119
209223.441183595,0.241117006407557,867725.774721784
218772.368834172,0.195392462855848,1119656.13021405
188547.693749308,0.0984447849955998,1915263.40128363
183139.744404689,0.179250199062249,1021698.97362897
211216.651288386,0.283206468811896,745804.47323283
193243.493829577,0.193885283316888,996689.849397895
196774.292724818,0.0931900855002816,2111536.77634756
180017.939008795,0.219256317274101,821038.778936285
190034.742032778,0.134657618136474,1411243.89887975
180716.99211324,0.123834488640994,1459342.98349754
182527.650321741,0.131014438710724,1393187.28621017
165383.150078975,0.117256729431219,1410436.32106408
164451.110213142,0.060264069119095,2728841.78942764
190250.426367171,0.0470157718693336,4046523.51334177
204401.284544556,0.210890707961966,969228.500012525
199919.428008579,0.234476029628152,852622.028467575
184124.014507358,0.226603186893962,812539.386718855
217748.438076911,0.177412060251843,1227359.84108301
196758.304509957,0.242495721287014,811388.767874703
193573.361668479,0.136209549120743,1421143.83989985
150467.86581527,0.117748732822048,1277872.48498606
208563.488035663,0.120369814435918,1732689.28770093
195459.980865872,0.188343621077211,1037783.91722512
151691.676463372,0.222820070862516,680781.026036783
169296.401421564,0.290130760641563,583517.587198271
189475.041089674,0.172205359111993,1100285.39220112
172772.49933962,0.21858750563895,790404.276926034
195644.678750591,0.232469519846313,841592.819910037
211061.344092751,0.182874532656335,1154131.96702127
182170.158697249,0.263724085232351,690760.415518171
183242.057366756,0.0831449447301252,2203886.93457587
201225.525164088,0.164093027095913,1226289.31116293
185443.917617644,0.281650601790898,658418.325536975
186771.223028925,0.0148981150967429,12536567.3319142
187592.400571568,0.254111348517531,738229.133275511
183212.782030763,0.105882744807879,1730336.53748962
180456.902707473,0.101164430766229,1783797.93511093
177390.105149112,0.264811960852971,669871.95207396
189381.642997302,0.217304777906686,871502.4346065
184478.311444629,0.0978187610455324,1885919.52579279
167271.937131435,0.235938141255598,708965.223855966
187078.576797973,0.138160562022634,1354066.41417197
170009.367529056,0.151984008462323,1118600.36624315
186207.50183324,0.124611797520079,1494300.74470466
193549.094668773,0.107624472119713,1798374.39252183
189708.067946033,0.083213571094596,2279773.18423669
182161.217339341,0.0784317415987048,2322544.59261362
192669.048324769,0.186138150743212,1035086.2923881
178763.066578975,0.121837327606414,1467227.40961995
216520.950828052,0.206510064142313,1048476.50756062
164790.968943011,0.17532571130566,939913.306016576
194145.01473634,0.178026334873539,1090540.98582803
189271.074863664,0.289753340310195,653214.470835917
205172.550358189,0.251741906815179,815011.505052355
190414.007674992,0.249655823061296,762706.054039209
174346.578579501,0.126249333673349,1380970.28718264
202172.532393943,0.196324093547611,1029789.71526443
176774.832746948,0.292695341321426,603955.061084562
196490.337321447,0.175216102427707,1121417.12205085
189361.005106317,0.131193557104081,1443371.22406163
165828.370174946,0.25448499849547,651623.36151574
197601.721503751,0.187399839489166,1054439.11821053
179275.58328298,0.136364686834937,1314677.48318145
184144.179437376,0.296416321547694,621234.952501585
165644.197949643,0.144855097172249,1143516.52916068
171821.747063304,0.246460819229353,697156.438904022
193686.370374372,0.218025708427177,888364.825284197
187776.190834516,0.285155590392921,658504.32942863
172745.663819357,0.265787040596597,649940.130382598
185195.951001711,0.154658341536411,1197452.06861739
196353.513316776,0.117195158142353,1675440.49113593
197722.834341371,0.180570128958613,1094991.93184212
199989.008249704,0.19320112267066,1035133.77916864
174693.898901941,0.187521098697557,931595.965015626
194344.929778265,0.219086338206257,887070.053611925
193607.040648514,0.210841186778582,918260.059178254
178600.642578995,0.269388551371785,662985.274131071
204143.989982543,0.210109042832753,971609.728121229
187942.960120324,0.081073255949608,2318186.90293063
187698.184221189,0.225444772158768,832568.359975114
175484.992735808,0.154688047076096,1134444.42575114
185410.484862535,0.170001929249377,1090637.53382795
189412.768211823,0.167149976925049,1133190.51367118
180663.46546538,0.0886549176970952,2037827.90800898
175777.988226492,0.227618872066809,772246.987389073
181221.464763239,0.126425224682473,1433428.06167354
176266.688491721,0.118413872948393,1488564.50771221
181967.888496059,0.188898905066549,963308.32850488
187761.605735439,0.231645023491293,810557.476718234
179943.492418298,0.236518337895245,760801.44152711
185983.887309543,0.0697490610225554,2666471.55650453
189283.950099625,0.210635809117324,898631.390801144
202342.5174894,0.199575677197985,1013863.61469624
200784.36666859,0.00295144520384316,68029169.7122288
186965.921616639,0.0978605471640527,1910534.1941652
213243.819266323,0.253590964015711,840896.757082841
194771.042790211,0.21041921795405,925633.33655552
185666.388530454,0.141310878904783,1313886.02186501
174653.174982916,0.05744091417045,3040570.95025769
186442.530234414,0.257354985307705,724456.648902664
186108.573977437,0.106937226892469,1740353.4707757
184419.1490498,0.136914878497426,1346962.0765377
164065.121722158,0.0779156076899012,2105677.2395991
175893.49766572,0.0451340416157991,3897135.98358869
210827.261884172,0.37207361101273,566627.827515986
180992.900051592,0.116594192264744,1552332.03760803
188896.600989455,0.10512601600359,1796858.74315835
172040.414086246,0.215114737982259,799761.167923489
193615.783046894,0.215991333162958,896405.33354557
196234.283364953,0.22486800877275,872664.29954145
159736.351615827,0.151026212277597,1057673.03044202
235066.867620704,0.430126586679374,546506.249324057
200218.007089628,0.298727444729655,670236.39984208
189707.267975109,0.262065927612517,723891.387573302
171993.550316523,0.159806412018028,1076261.88551884
208043.038268421,0.208732124169958,996698.70699454
169088.249243269,0.0907822157146086,1862570.19518922
202545.03778274,0.224850992165906,900796.72689766
178710.246259205,0.243208174897677,734803.615603763
197905.703159802,0.176088603844597,1123898.41726759
189202.190265477,0.142647179572915,1326364.7471471
209678.517722738,0.131367065817207,1596126.97762847
179756.96434513,0.149270210638284,1204238.69958034
183905.835771978,0.194361747848401,946203.858566975
177659.34164338,0.0544011236537039,3265729.26644474
147747.201829932,0.218757631212203,675392.218370712
177664.289572994,0.184955891108963,960576.538047799
193116.083039051,0.183721546913409,1051134.64524697
185557.840895162,0.200764252217211,924257.375732429
167516.637456781,0.159904733065305,1047602.74599482
192848.004172034,0.0589739592937372,3270053.53687545
172995.276428715,0.230016806830478,752098.417556996
181668.396439269,0.0857514439645432,2118546.20797273
189483.771999933,0.186888592927065,1013886.23581687
183271.566088882,0.28837327035259,635535.900622129
178728.465910007,0.0153624442538444,11634116.4828169
193172.045529593,0.313604121710846,615974.192162258
181498.20218364,0.300605280002275,603775.829161305
198900.997997769,0.140765601360325,1412994.34006347
175970.312701738,0.109716641450273,1603861.64191412
179516.810158345,-0.0289551723417039,-6199818.39651457
204578.282215256,0.318723252054891,641868.081152809
190634.084552737,0.295406718861006,645327.51755871
172153.764817041,0.217055346005974,793133.03258747
172685.104197634,0.229199374601604,753427.466797398
196430.59649575,0.276281097478864,710980.947622654
202267.076479795,0.243567912111487,830434.003914328
187386.038342394,0.128851130521352,1454283.23045519
168378.109216086,0.231717813598346,726651.553462129
180776.993958095,0.0569436393628323,3174665.26517956
182490.383014435,0.166075259194811,1098841.47644393
196572.546882848,0.268134693893349,733111.198810531
196778.927086714,0.149173099074664,1319131.45404469
171030.471429663,0.104571147020099,1635541.69867518
184674.986683452,0.059067310681815,3126517.60426784
175872.005517941,0.190186764264166,924733.149535359
176691.604320586,0.394376056008468,448028.224910267
167152.770003775,0.194367098004639,859984.903410893
162379.802152507,0.131013876683581,1239409.18521692
205777.951960988,0.00873484374726263,23558286.5492557
184107.36684628,0.313309952591174,587620.550587856
188258.539344197,0.285709306117788,658916.371686487
194581.858690132,0.300808106560115,646863.746177818
199917.993036734,0.20207160829705,989342.316427005
194653.730146935,0.150969216054127,1289360.40892698
192962.983092774,0.108178902774931,1783739.51059791
182954.222025447,0.141442311202628,1293490.04883941
193213.609325406,0.173503298054915,1113601.94008676
177024.778599846,0.225944119316263,783489.205806936
209118.216127781,0.110407886460654,1894051.43809455
193990.010675906,0.251424297834273,771564.293295848
168407.595817628,0.167403638050739,1005997.22788931
197490.162784242,0.163060715328646,1211144.9553389
196857.133038667,0.271653040244652,724663.83170745
196584.848568994,0.21397260586526,918738.395384991
188083.812328307,0.23180988870214,811370.961702077
186439.078917483,0.208463800647482,894347.499846059
192487.981523625,0.310459225524142,620010.506045202
192379.643294662,0.315771974389494,609235.964232113
173913.707312935,0.0595074600893306,2922553.02195492
188951.875179169,-0.0204541322392626,-9237833.85033892
201239.137169402,0.182796767711307,1100890.01949543
172540.793735347,0.106936973565977,1613481.1747678
196643.437221874,0.27441283059189,716597.09495991
207602.766846914,0.395720953287223,524619.091110476
190073.022719871,0.217827126814445,872586.557512572
183763.589195161,0.165027023136929,1113536.35121132
211964.247677829,0.151911252040775,1395316.31021601
185550.870529669,0.0433347000032062,4281808.12411165
182414.352126952,0.317198321862176,575079.814596912
183614.697215522,0.165151748694134,1111793.84213231
175249.313587282,0.126914009130108,1380850.82008261
183178.88554882,0.151000248402427,1213103.20669563
192440.238735478,0.205436360867623,936738.939118383
209216.809199105,0.120138024456724,1741470.3641516
200039.203559858,0.25887066652217,772738.009475192
194567.308282816,0.216769210519878,897578.156123669
197909.76705628,0.227190839690886,871116.84311548
177589.490086744,0.0806213564760947,2202759.88707039
189541.921796664,0.119007367655819,1592690.65042122
190255.811001262,0.190165801513724,1000473.32110622
195670.986215646,0.0774078511355661,2527792.50870772
178991.904424028,0.226107155327615,791624.237475722
176268.649676824,0.201079036865378,876613.755589226
195293.689899617,0.0918676087158695,2125816.62491756
208469.043827739,0.250524731138969,832129.598063911
188381.707747426,0.2271647143735,829273.631985347
198983.236700161,0.39703997962776,501166.751234261
158146.485458244,0.0829467416673797,1906602.7462829
199088.717868623,0.134249432976548,1482976.22905716
166004.628092164,0.169093442128988,981733.09385666
177121.826782146,0.0572215825775162,3095367.49603535
175471.55563974,0.317093166779922,553375.392543624
189114.489358868,0.178377645460907,1060191.64492399
186201.241255569,0.0278207599367719,6692888.39265167
181528.107712104,0.167881300512579,1081288.42913331
197761.048646789,0.23485041679368,842072.376735553
192222.88401527,0.204328101943253,940755.981126154
223721.540288592,0.0340108328312673,6577949.484463
178234.695666508,0.265207203309787,672058.275349004
186747.642756748,0.210533556743908,887020.794428067
204479.889480685,0.224940165842418,909041.24976921
199121.862938014,0.159854456761663,1245644.7381689
204349.968078186,0.288667971693404,707906.619772932
202309.313097469,0.0552414361089996,3662274.68631124
181385.947290968,0.216748656077865,836849.236222282
196291.373979223,0.161695130131008,1213959.71431041
174872.442959184,0.177425738196054,985609.217338871
182144.851761961,0.108032574810648,1686017.87082472
186122.99146937,0.136351107056948,1365027.35831572
174423.477707295,0.302216520553229,577147.395476594
208655.012482306,0.111548628027969,1870529.61718175
196526.865941174,0.118558300976474,1657639.02082379
199711.20636413,0.0558902453770617,3573274.81775729
179819.222870624,0.166977705857732,1076905.57818439
175921.179372387,0.0918280437240119,1915767.47405309
196014.910926614,0.385490658902377,508481.610124444
185897.974700145,0.179897641502379,1033354.15154782
184584.708578004,0.300911029913863,613419.550060502
202700.975288531,0.271924073206176,745432.255771045
174125.203624672,0.184745771135705,942512.527102821
203862.406226657,0.426634296674993,477838.766867724
176693.93074433,0.133630581336701,1322256.69436493
195052.482149701,0.227188787110433,858548.01476135
199803.159649036,0.155066893411749,1288496.56592074
195423.205426878,0.0807739512174875,2419384.00290326
185364.498974116,0.198010480473129,936134.787063815
185592.294366593,0.170566041904365,1088096.389495
161354.05224466,0.302119397225138,534073.792436505
196843.948128886,0.248271968814956,792856.112868703
204300.777002521,0.0635531226306189,3214645.77263891
169876.734354784,0.192178708670104,883951.898367662
189963.327278793,0.113185349388021,1678338.48025298
176682.402329774,0.266846045927262,662113.62329099
193260.124274127,0.264219877569153,731436.733875355
186586.27336992,0.217058635087917,859612.303810655
204547.023696424,0.136374434937055,1499892.73129406
201735.437583259,0.229390350705253,879441.689517583
189625.087865048,0.0755723344198055,2509186.58687553
208481.432293444,0.333634929323592,624878.913955792
176094.284910004,0.194859683541005,903697.890245974
175140.608634458,0.256309670911009,683316.427397964
185738.978512844,0.261445678872611,710430.477618812
194574.399922736,0.193783825064165,1004079.67413333
175190.624883359,0.147658178375819,1186460.69462854
174369.234485858,0.196199452781062,888734.560745368
197475.85130473,0.103506849475823,1907852.98079097
197317.866701321,0.066270381010731,2977466.9119432
194210.952101352,0.254547099277694,762966.667671511
192290.504113023,0.368346362670141,522037.200853866
185334.083315607,0.194850021602495,951162.754776075
199186.067554607,0.22157771471614,898944.498140445
204035.809000182,0.230267272420082,886082.537287167
197480.646113586,0.165927617035723,1190161.40677215
175797.134695538,0.103267705522066,1702343.76571844
188650.047539683,0.146926426266017,1283976.28890887
179055.859366559,0.0867867057701471,2063171.51662358
192576.035760594,0.233643025063412,824231.905524797
181003.905478889,0.194692964401762,929688.990226556
210549.028746742,0.197663483112177,1065189.30776532
203482.538281036,0.168456403169276,1207924.03525655
195046.211809693,0.139585420783956,1397325.09823914
187669.84610149,0.26195502057305,716420.115525731
184590.637403585,0.148190826546349,1245627.96298225
177538.774046165,0.236855331601029,749566.297900441
171674.627553229,0.111546438262595,1539041.76795931
206269.996445911,-0.152150906593027,-1355693.50892954
195141.929621615,0.145328718616137,1342762.33548203
190301.976103629,0.267979094036595,710137.396306152
179095.693864157,0.139714937548916,1281865.03895802
183385.842759725,-0.0347563850622783,-5276320.95314645
153696.848906133,0.175785078807443,874345.251308244
184903.671493793,0.321613330795075,574925.395774747
175709.251381998,0.0640155138778171,2744791.70341996
198149.127343517,0.250304845418776,791631.208784638
168697.833873897,0.0702629046424884,2400951.60785431
157020.787554597,0.208324211923217,753732.780769961
153589.389128804,0.00566580138526396,27108149.1716725
183065.167823942,0.182390376119823,1003699.71112771
174004.971059411,0.136292162018507,1276705.63356227
155916.8349672,0.153227840333799,1017548.99519267
183639.455794801,0.261310707429547,702762.843517665
199639.354777844,0.124226556359303,1607058.59220973
199729.474270324,0.254865910994984,783664.922039161
184466.707083844,0.302318136754196,610174.133329708
161164.163628493,0.227671383271847,707880.636171378
195949.067501997,0.38239076687485,512431.482337876
206080.453514972,0.234123224679605,880222.172733999
205577.090894746,0.221037895131469,930053.603579935
188600.468811071,0.169384015015676,1113449.0394127
181783.012544899,0.126643703339623,1435389.26730063
194056.009200782,0.26775147268112,724761.687611309
213710.184673527,0.396272325354188,539301.31124477
194279.34920149,0.25779626165695,753615.851342396
202218.298100031,0.246530615014494,820256.332415922
172898.84124349,0.104262621162992,1658301.30985485
217649.589940381,0.259869124501221,837535.395396146
181185.401228744,0.212390801398697,853075.557112408
188779.747200899,0.0942981460331447,2001945.47976102
186456.702838989,0.30162140666359,618181.265386615
178650.165601338,0.0930614516278242,1919701.04137001
200778.530484069,0.112307330376255,1787759.79992949
204482.273706899,0.288326298822645,709204.379003527
183883.55028183,0.121900498812807,1508472.50070901
166138.572526257,0.229781180856396,723029.500967212
211290.885069094,0.311533833031754,678227.732162745
191272.233579046,0.179328983589456,1066599.66364908
192554.924174457,0.0725390681783191,2654499.55465527
205007.017798036,0.344612216670341,594891.904236082
168215.569086902,0.173387816508982,970169.487532523
175110.062150653,0.209777682549658,834741.14129944
182778.66455729,0.142938587848516,1278721.63359411
203989.839117231,0.207339823353876,983843.025510213
164706.569884127,0.212896417888877,773646.506208934
176420.654367623,-0.00628235818881828,-28081915.9088425
188251.162463889,0.136066652285466,1383521.67339974
185371.931275553,0.124360042414754,1490606.8514943
192170.721321956,0.209112557683901,918982.214413182
174656.35079737,0.158209127892547,1103958.74829671
179478.254951299,0.143307756251331,1252397.35549646
205351.645339306,0.170662776954119,1203259.72074457
175944.090033731,0.12751321406958,1379810.64407744
185474.0214051,0.205589141342703,902158.646092727
206781.485064497,0.181677328816067,1138179.90616675
186565.709591203,0.114812075937115,1624965.91119377
193675.023581516,0.117599698043737,1646900.68769977
176042.890945267,0.270710335730423,650299.850836034
174653.703924052,0.158214351216925,1103905.57228647
185996.782938103,0.154644884264693,1202734.79347527
183178.462247543,0.0381223585500329,4805013.88724766
196560.031381394,0.411995610034466,477092.538352411
187607.040737683,0.24080827267417,779072.24139068
183386.361280772,0.225387632930561,813648.729951703
187701.386763821,0.178490146674439,1051606.43464641
164978.998299062,0.103239471305465,1598022.50256515
164748.099508104,0.236896511643967,695443.332469603
206121.27311481,0.254360620973212,810350.565768266
194587.094555788,0.440727654850165,441513.23933131
175244.12084886,0.166398265872233,1053160.74016913
202621.28319957,0.142928695552601,1417638.93119
183509.652267989,0.210542107814131,871605.467301551
186935.836955374,0.201969158680295,925566.250693166
201662.616200191,0.0838050182304148,2406331.03432705
190258.472256165,0.176140306986648,1080152.95028745
194942.64362372,0.181751563411538,1072577.53366508
205123.868397625,0.197140845630204,1040494.0069213
198981.699981245,0.126829264046589,1568894.22545377
192449.68016337,0.20132771439729,955902.572775447
190286.79944606,0.132643950716422,1434568.24392145
200357.786870558,0.151995406334802,1318183.17212316
219953.094618352,0.24137834326709,911237.899975845
184341.142975264,0.130586185991287,1411643.5178493
192151.121025932,0.175768125827853,1093207.99844065
187251.88044902,0.0286274462731819,6540991.41998695
171580.428851002,0.0646229585632467,2655100.17903429
173665.460840512,0.232673816178625,746390.219977256
169053.437794085,0.18783025576599,900033.049013689
190304.082979888,0.0559766173880102,3399706.73220153
185615.985959195,0.00169050131375159,109799373.978168
173132.044955297,0.0648840238280242,2668330.88857413
210808.755084238,0.322173805068226,654332.387574451
215403.704122613,0.117615002166813,1831430.51612673
218642.954473628,0.132960937140574,1644414.96258759
197069.110001135,0.38575382911328,510867.540716657
188133.135721894,0.234538335770245,802142.366637197
201535.962767121,0.200605694900201,1004637.29540371
197357.10373452,0.0604911192687727,3262579.79882348
196507.819425887,0.323062538450777,608265.57101986
191917.667163328,0.300803664208143,638016.387428478
172616.425447929,0.327309220416414,527380.271256397
215706.422810801,0.282663343781391,763121.315714803
178392.090460781,0.203099889558863,878346.565565608
157014.512964301,0.0398656012016918,3938596.38965229
192498.443918035,0.188785778046716,1019666.0252151
193336.973708213,0.0209501453107732,9228431.15597835
202748.316741925,0.227198721224193,892383.17737651
193457.749169573,0.276181348074144,700473.621837912
179948.584110038,0.138837134792003,1296112.7754446
204075.62769775,0.198753328639847,1026778.41470292
183527.741101402,0.0972273457930722,1887614.43197269
155665.101980717,0.273839229843127,568454.352102482
203742.677408041,0.279511787026625,728923.383072333
197877.423730148,0.264999888632179,746707.573167333
201554.017341362,0.195279374274573,1032131.62214442
207242.345009516,0.200181235113466,1035273.58541897
206008.755675341,0.197355488399336,1043846.09389983
189330.529054642,0.16281896935722,1162828.44561715
194327.160379051,0.0536966204973773,3618983.06781788
195085.128962466,0.101884243696308,1914772.31301797
189465.396899031,0.27452323964753,690161.594851832
168889.766782882,-0.0764543298114677,-2209028.15052274
191176.300950497,0.21047355940242,908315.046760688
202325.66681042,0.263460733677723,767953.781901761
176756.279496421,0.203004365797466,870701.862997213
177531.967126941,0.150387300931706,1180498.39332885
186581.064187544,0.139064112130245,1341690.97497128
185318.066263096,0.207332206316117,893821.898468316
209210.655474993,0.176890589766187,1182712.18243733
187483.425236393,0.194508042155995,963885.210905739
179050.001152212,0.127579035357376,1403443.76057285
187826.697837913,0.213811036888976,878470.543760769
178799.020585193,0.289527134476995,617555.314489531
209520.636680159,0.252983422329093,828199.076252532
205616.313183778,0.313266397198224,656362.492187987
164869.208312903,0.176810420556817,932463.187371488
191309.467891647,0.125422686028591,1525317.89861395
185791.342345554,0.19336617329791,960826.493987211
171083.086182806,0.183634968965235,931647.643947349
195123.144949524,0.102808211652695,1897933.46088624
190149.246478036,0.252715627991943,752423.773665862
192576.664075755,0.145344209899031,1324969.63043479
167597.788879801,0.198795913624179,843064.557134924
173909.541997701,0.108106146111108,1608692.45878918
186637.687332162,0.112675444343399,1656418.47183092
189415.601452024,0.237954462779872,796016.175696819
164589.515488891,0.253283702948598,649822.762273392
190026.578931244,0.28697046937789,662181.650060347
208618.259340804,0.295844383370965,705162.142893259
198838.189414002,0.12879897775593,1543787.01507083
161550.883406115,0.192403478537063,839646.375598118
190356.025269303,0.151229909032308,1258719.43246779
166329.826204202,0.0971466284282845,1712152.32988749
195337.63689822,0.183856609166263,1062445.55354317
186628.703997997,0.213663661616807,873469.557648525
183443.506626115,0.213100705953804,860830.121632169
191690.770425881,0.155780617165642,1230517.4668942
174177.876951168,0.206989186333434,841482.978103935
210354.757596256,0.0638983385845124,3292022.33197407
192281.508512719,0.155341704782992,1237797.07955008
199409.284916672,0.388372207887221,513448.905114699
199677.853271991,0.23219658780512,859951.712294664
185953.488399629,0.202360205274577,918923.205021034
177281.195104459,0.0589666051410624,3006467.72321994
183458.533351552,0.226586547681094,809662.070538092
183225.866183502,0.0638840999352216,2868098.10843844
163612.581908408,0.132055275487687,1238970.43343538
176083.483189174,0.383805601591096,458782.994461795
190649.070951557,0.310333645844447,614335.80762016
192897.465807722,0.135034051745507,1428509.79670867
178732.161463198,0.154459887963151,1157142.8920487
164822.327169996,0.0453973780235147,3630657.41560277
211944.462155038,0.200949468828647,1054715.21467801
158711.81029286,0.117366956442131,1352269.96681229
187488.946685162,0.119129389170741,1573826.13971474
172448.576773692,0.169134764867764,1019592.73073468
209097.355098295,0.27550858668733,758950.410992439
204293.423764766,0.181616745605671,1124860.06223419
194465.447590694,0.210126463212229,925468.618363801
218844.218270249,0.279861769070565,781972.539504204
218487.694920785,0.244754572689487,892680.747574729
207035.742243242,0.175213696593235,1181618.48228043
185896.609120342,0.133327262110243,1394288.05615637
194244.974627218,0.167308737331573,1160997.19432024
182304.547427073,0.365712450239896,498491.498737566
239730.998460523,0.239769964662792,999837.485056466
173430.966545405,0.122796272949207,1412347.15337934
195855.020868523,0.318610498864892,614716.155199819
169864.429866225,0.164050065308319,1035442.62263461
185934.341084101,0.173387400685373,1072363.62243815
189448.376326805,0.196426581489207,964474.232003141
173011.90755181,0.258314300030034,669772.860161804
184428.777651945,0.243917671760626,756110.766065931
212371.420859005,0.308685893824152,687985.50600432
179835.466475603,0.124692473671663,1442231.92611561
196019.006755253,0.279617155418767,701026.39611538
201299.865571215,0.229612405068674,876694.207836936
183492.268299801,0.184515735498622,994453.225379101
186186.154453115,0.128518381438547,1448712.25710341
204460.416744899,0.0770676570321753,2652998.9961877
184064.677999213,0.229977044850706,800361.088728233
176211.056072918,0.260610936634041,676146.052613133
196019.841557547,0.183187869176703,1070048.15569128
192860.778169663,0.15165370106075,1271718.2424213
185378.008760763,0.242994685332714,762889.149229495
186086.15857035,0.328518625343522,566440.208301022
204113.277197566,0.23010355675291,887049.640074649
187306.333116433,0.268337920738193,698024.09067327
177423.632924393,0.0984996412183217,1801261.71760503
188459.578449172,0.204741271486243,920476.741602316
178850.899291989,0.257925551192229,693420.634230589
192394.637583204,0.224637568668522,856466.880066281
194879.320098158,0.276452107911733,704929.767294015
201764.695639268,0.150177433145534,1343508.75103679
199129.271603764,0.198501058033601,1003164.78701114
187090.708306689,0.108007311789729,1732204.09994947
199777.906457729,0.120423579805519,1658960.0373977
194082.71093358,0.261957054866536,740895.147994631
193491.414502406,0.104085586890227,1858964.53373963
180450.220697983,0.218800329753475,824725.542695929
189011.076979163,0.33553778394074,563307.877757649
211450.779957439,0.183421581873172,1152812.97761159
180993.506180012,0.226054309860067,800663.815222328
195424.174048868,0.414720660694036,471218.804777716
174305.990457579,0.195703511058098,890663.58347466
182478.909068754,0.0949000768994964,1922853.12120461
166472.659887259,0.167942384797359,991248.636180361
178699.538405422,0.0359055962047737,4976927.20060344
196025.865048634,0.0207657665834512,9439856.90395137
200943.321380014,0.105978683502786,1896073.00957585
189239.864472101,0.120940287657041,1564738.00532658
179036.620100412,0.186167649487068,961695.657616648
180370.407326258,0.197933498057689,911267.719189642
189016.957700145,0.226191594050523,835649.788373324
187075.970931398,0.216314178915468,864834.528505427
172670.213710203,0.244353303329614,706641.618334433
203657.989430521,0.124377070322263,1637423.91505797
189815.082345476,-0.00847350489795984,-22401011.6983797
194210.489340463,0.0507129905254522,3829600.41062834
200117.689376937,0.175982989985325,1137142.22831209
187989.07592176,0.353663986549152,531547.12685351
199056.58995844,0.0731406401816607,2721559.30634514
182999.278503206,0.431474935314751,424124.934093129
204324.183522383,0.317212204803284,644124.596810809
168331.49134809,0.0967253966969903,1740302.93073306
203281.412767762,0.231195721761476,879261.135193008
194279.613571836,0.266050690434903,730235.329418817
166390.640503376,0.296661804589675,560876.519757971
196470.497361951,0.451629382763946,435025.94131401
176259.934343305,0.127359047710404,1383960.83758489
203505.993076257,0.23846284710019,853407.545665821
212469.755708551,0.233642462661021,909379.884498186
193751.202555355,0.17448327508151,1110428.5064849
193071.688609578,0.209760038205251,920440.758218477
191896.077125541,0.201084551930287,954305.416718779
173374.882517378,0.082384339261419,2104464.07741683
187411.889428563,0.169797605369342,1103736.94034675
180863.045885492,0.21311177396607,848676.929104291
178284.009885408,0.0929489878242344,1918084.468252
172057.598304567,0.208039448857205,827043.136528707
172546.075383182,0.152682110387022,1130100.14693803
187135.62659953,0.207979643045079,899778.573804791
187734.465370136,0.103442550192492,1814866.94808653
193629.997238553,0.296776096329311,652444.720560296
171932.066811291,0.136617450239914,1258492.72189871
188789.545823882,0.218206170739498,865188.849536548
192962.53833052,0.179422469434653,1075464.7338125
199451.378369338,0.244341231081398,816282.12105919
191286.420823295,0.00655663863136735,29174464.4745509
209729.033290714,0.260698406216976,804489.127241381
150702.83712137,0.149244960436131,1009768.34782882
192059.067471742,0.320718542737295,598839.923106849
176102.779096939,0.138044118543058,1275699.25438011
204156.02278862,0.230888887809279,884217.619677127
207275.913754747,0.103602875675918,2000677.2244733
184964.629631091,0.180276840350711,1026003.28068353
205773.984222542,0.217942167253706,944167.835052316
186003.191534156,0.236953914173542,784976.235496706
180553.25251474,0.215468958987477,837954.81893628
171060.004406383,0.329496018753602,519156.513797826
185395.433427312,0.364212684995415,509030.687466708
200292.278705303,0.161159591690989,1242819.47232373
179793.492474083,0.171455328879914,1048631.69694778
170172.011030756,0.103874454129694,1638246.98244177
180909.416227643,0.197000840689715,918317.990899255
194863.707147783,0.112712187123623,1728861.0231124
187454.126711842,0.301144814478385,622471.706964415
189337.107347499,0.297648730933514,636109.237736986
196318.508863332,0.168090467103099,1167933.62673517
189719.511506726,0.235362408726638,806073.971341263
205992.954485336,0.193962597765553,1062024.10597905
189049.757908256,0.11975563159264,1578629.37545456
180561.504830696,0.259368039559626,696159.423255335
186875.081747921,0.148368528599525,1259533.16051501
212855.318163313,0.0463915261917583,4588237.0259491
177648.85575285,0.244416694052294,726827.831632651
196244.957571518,0.167565792103254,1171151.67187938
184136.11553903,0.165197700597885,1114640.91129963
192722.294844616,0.146429048303097,1316147.97117097
192789.78132044,0.171849677400485,1121851.28442898
187086.595866648,0.0776417131577337,2409614.47471632
190044.29131576,0.211957386529838,896615.562340909
196166.334992246,0.104519585649266,1876838.04689504
205487.876729004,0.291441817562239,705073.412071762
185635.441482599,0.293507307384097,632472.980441566
202073.725965077,0.278996404016716,724287.922911615
175621.304031751,0.16961643319906,1035402.64772366
182472.805615432,0.234131839264656,779359.211410668
177508.006796457,0.132965012452958,1334997.85787076
203285.95346896,0.191282836649061,1062750.62117528
211860.775435224,0.17243962189678,1228608.4433776
200681.906624693,0.192257473945654,1043818.49249419
162153.706333779,0.318683532773992,508823.612322564
206376.519674669,0.369685499884097,558248.889229822
178928.879861764,0.0995759923696847,1796907.82490497
195769.599470381,-0.0207879980604427,-9417433.98768681
192616.507860035,0.151395719361979,1272271.82295359
201247.43956835,0.122799274714245,1638832.47711889
200048.664283444,0.286368481188448,698570.818454701
187022.299822947,0.190043160147263,984104.345970804
161293.176336606,0.0592132709900743,2723936.26698385
198411.77819816,0.248735321817219,797682.358695969
199464.831676286,0.111491158111558,1789064.12898412
205522.975153297,0.045210700220391,4545892.32529962
199392.763682652,0.236163064052518,844301.222473602
178184.134846616,0.154207032624229,1155486.43803304
154216.655832076,0.141509885704867,1089794.22224756
189468.0939512,0.215337778202217,879864.627252151
180846.588923493,0.140376952542309,1288292.59823821
214897.005870207,0.246857041444788,870532.210110242
160110.519293122,0.218732019646262,731993.969388001
198613.295913574,0.204145750038079,972899.489097994
185425.131050643,0.24666506920951,751728.372585861
190607.273228287,0.23917630581862,796932.089806733
229372.439833425,0.0196558714840973,11669410.8434215
193226.076377487,0.284202752416298,679888.124709122
157430.149959655,0.115702522031596,1360645.79401877
197041.230149564,0.108355081333492,1818477.06378547
186183.927266931,0.254028152586631,732926.352339776
169361.001674188,0.106229470937852,1594293.93913926
174851.263332978,0.204699502715902,854185.090892238
186880.512259068,0.151304329114272,1235129.97515046
171783.103419588,0.000393242193346799,436837924.124008
195924.146580732,0.167504210137254,1169666.99774406
208942.298823694,0.222924831768841,937276.916016038
166750.934285529,0.228681481990191,729184.247164716
178856.655730985,0.0789680972147472,2264922.95039855
200249.934133688,0.183387936774014,1091947.14579538
191808.984571171,0.0335002803230031,5725593.41957102
190343.086737194,0.200465451037702,949505.691638585
161873.991675654,0.161713302761602,1000993.66540234
212075.23491591,0.260840283643104,813046.328404104
169745.043399387,0.163579191169846,1037693.37765669
187259.347193335,0.189715361671904,987054.213971261
195960.364813476,0.148547529815265,1319176.19267836
207373.382297133,0.263104694752141,788178.190786332
156929.038627588,0.21317725450385,736143.445476048
193396.493905476,0.171713086718685,1126276.96351597
208711.73270458,0.152998609416353,1364141.37030889
196158.891663203,0.299516404956108,654918.690319981
225342.427606127,0.34746895291966,648525.35949659
184279.33071107,0.200005738793744,921370.215787203
184421.29088743,0.147958309554722,1246440.91597453
173952.857105823,0.234665855907301,741278.940786931
171801.768344485,0.154558748953254,1111562.8814804
175284.278167295,0.103915725063934,1686792.62026465
193359.937669169,0.31897584376577,606189.908885881
194259.785292607,0.295555090023454,657270.985511337
173272.611096584,0.17722998482017,977670.969573228
164770.050354665,0.348034129361156,473430.725478314
187834.638506226,0.214640566055707,875112.482034154
174380.133960014,0.232018794848723,751577.621432394
182579.754598298,0.0315277288396926,5791084.905819
191649.579456147,0.231898387009542,826437.742528416
202691.105087786,0.0946465734945564,2141557.77228897
173663.206922222,0.197559130939692,879044.1934837
209323.642979919,0.217854119295751,960843.171827973
182491.508470939,0.0704282522452733,2591169.06430383
173862.720687618,0.18360141942291,946957.388641642
194473.585329446,0.269878775546511,720596.071090186
205217.02100844,0.237847491738964,862809.271218484
168299.69151375,0.197549600196932,851936.381273242
190856.131412488,0.125108621369683,1525523.41575668
201118.75025957,0.170095944880344,1182384.1561952
191419.183578152,0.210663913606805,908647.239580992
188744.989103387,0.342862835798989,550497.077536986
189796.346473658,0.194393156610762,976353.024883955
178632.827946735,0.141363425224951,1263642.47090418
196970.413868128,0.253435063065224,777202.694393695
175440.133143004,0.268256228829552,654002.085649527
186891.008294482,0.0541531500100747,3451156.73344417
187392.870017968,0.0983792387027849,1904800.97720723
178200.932355175,0.281030725526871,634097.68458978
171547.301484571,0.130165086104642,1317921.00799335
173984.822308295,0.37038782429852,469736.883597093
209333.012307034,0.205314190943145,1019574.0067719
192273.917376072,0.279142285568093,688802.547363141
165595.399810382,0.201889896542355,820226.284952507
172122.00934193,0.164740005240691,1044810.02711184
179935.518534383,0.202417268142752,888933.637852902
160144.981001533,0.295274926284818,542358.889108856
173716.055994319,0.21432685572504,810519.313628056
191258.525889386,0.0890965604742721,2146643.20228854
212533.376013829,0.197649785749027,1075302.84036685
176441.492583799,0.255896634383229,689502.982362643
155454.001311106,0.0118261893487813,13144893.6530959
188620.484647016,0.237677500203895,793598.403236338
170468.753930821,0.182892232724607,932072.135548303
205185.069862476,0.18744983126802,1094613.25451447
200639.486932117,0.263307633745724,761996.468077618
175789.52356096,0.11204720997268,1568888.0035819
206645.776484166,0.0989687559213175,2087990.03847693
175132.439029217,0.167812424616149,1043620.21721462
180997.630991764,0.25476974657197,710436.12291946
179230.868280212,0.174683724259219,1026030.72518792
178448.671388405,0.20413230926536,874181.417094696
196150.206912306,0.208089642864499,942623.59342907
182477.633886843,0.199575171857275,914330.335726033
186542.449513992,0.229354977028357,813335.084029716
193151.292256983,0.1924228483999,1003785.64117069
175837.344205354,0.227136183162144,774149.418896548
199304.999385411,0.326852583837401,609770.303925636
192092.630821852,0.346109247177562,555005.774588001
172367.168231177,0.172246050465904,1000703.16715504
193408.198070341,0.357907204505022,540386.434349151
175885.267477119,0.24573419081158,715754.152469493
181151.12351741,0.414361807799242,437181.033839822
192993.936115986,0.0332898977130068,5797372.4575483
201766.12051018,0.181571743862775,1111219.81987829
191853.034563392,0.181201662800347,1058781.86545551
202357.572336341,0.263855763299052,766924.966148988
179463.690684119,0.367304019011763,488597.133151356
195847.692120856,0.227722122671466,860029.275255812
190862.573165405,0.252109818878948,757061.244239159
157437.929017298,0.202723556592032,776613.885746547
186915.676222487,0.144917938760828,1289803.5800176
198499.076541859,0.0049648796647449,39980642.0186537
169851.081196762,0.329491034606499,515495.304446174
203516.992760972,0.239634475924334,849280.939130119
207355.581668381,0.181103633278685,1144955.39329848
187022.773674063,0.194374789697631,962176.082428157
191030.459168422,0.388293610550742,491974.253445662
206466.568564789,0.192548665705539,1072282.52041245
193112.778416545,0.10239838640086,1885896.69431474
202872.674952704,0.138360009696688,1466266.70088735
173765.83435134,0.0440535278574603,3944424.9485212
203590.131533419,0.0945438552702312,2153393.58598721
179323.304371948,0.0898858689412378,1995011.07887358
216147.444882389,0.276568536414739,781533.024994054
198453.513703683,0.278354296208116,712952.939498754
191702.594687754,0.31509376207777,608398.571344737
204804.065065153,0.129451074844478,1582096.28858782
181272.255841101,0.181043341203634,1001264.41898357
185414.736194571,0.247466904660755,749250.637974201
191702.852619852,0.160023247824464,1197968.76532677
184837.739737579,0.231795609271697,797416.915352021
167390.351501709,0.168120540290417,995656.754448643
175731.384242371,0.0951519723950945,1846849.62191526
202143.371750419,0.2089981982619,967201.504278562
159732.456263037,0.284001539870903,562435.176709412
178574.252651985,0.281508737449611,634347.105066139
196363.397681331,0.217074630639461,904589.343779518
203604.263912416,0.217144757926905,937643.007624218
188896.212003184,0.199964026952544,944650.969886769
170745.100685527,0.291397791176004,585951.938744784
205753.579147139,0.298808807785959,688579.365085258
186854.486355051,0.339648630595871,550140.555630206
205094.398320925,0.124620328741709,1645753.95035274
166507.000965412,0.155748346546127,1069077.16619707
196675.651779982,0.202622160156529,970652.230871722
190806.788287503,0.0992485615103529,1922514.3960157
183383.051408303,0.125462290752704,1461658.72078461
179978.825206785,0.213593133753547,842624.582747364
161065.530596355,0.0998668493411335,1612802.76346933
205665.268070691,0.0515955486384361,3986104.87722348
183490.265144755,0.0186383306985176,9844779.99198441
182460.973456009,0.288869716164702,631637.597317322
172013.330289921,0.264878530288247,649404.578403287
176127.121149491,0.117121520449238,1503798.11049181
206222.191878045,0.341832045155198,603285.136080255
177679.636203842,0.21429271024218,829144.565874594
191426.233013263,0.375426156382588,509890.506452048
187492.76930485,0.179305780711959,1045659.36781504
163338.021048433,0.0976574484537598,1672560.80959121
219479.830450833,0.0572910445043326,3830962.27952755
180365.045808594,0.167360021611307,1077706.87450968
197796.717868485,0.133114725743166,1485911.62070317
200729.136568175,0.191821522427651,1046436.99011348
186977.157436238,0.343000031684002,545122.857622637
166663.190129931,0.297379353098278,560439.682155242
193984.443903907,0.194620093792026,996733.893835246
191575.171644347,0.133099687413165,1439335.99971323
182421.522493315,0.0036865524762193,49482958.3113369
160337.338046385,0.117818222971127,1360887.424738
208124.126111471,0.245879462172339,846447.784913384
188105.803600375,0.19246869661868,977331.934517392
183816.828507193,0.154588114570395,1189074.78118887
188436.502774952,0.246279957231227,765131.29567435
159142.049517255,0.21987455134245,723785.670263379
236300.652763012,0.302522802792237,781100.302463137
201711.401558846,0.0649100026399864,3107554.97388604
177894.925781634,0.200515998344219,887185.697154438
232032.2795432,0.239859031302905,967369.368094291
191606.8385938,0.270344807661612,708749.837850159
195627.022313773,0.156297128085571,1251635.42484715
196404.698311837,0.210933473013887,931121.530905182
202331.143963165,0.245729761610713,823388.842429676
193461.589028813,0.382275569920649,506078.871503536
183124.023778429,0.0285484596460986,6414497.52625984
165597.329374754,0.157662530204225,1050327.74217343
208456.54579496,0.171046727258878,1218711.10389305
201954.933375679,0.176264338209216,1145750.3850607
160485.35722436,0.111186636579476,1443387.10263662
185488.596682225,0.203370889327779,912070.539177648
170084.585746051,0.308557129929179,551225.589196689
187445.032154074,0.129352803323997,1449099.10985516
190119.193876469,0.144931931668191,1311782.65333364
171048.870877741,0.137405875194642,1244843.93869943
175058.580465885,0.215418243159385,812645.103304283
181821.514973581,0.0222008009490576,8189862.85183099
168979.852056047,0.249881379318618,676240.27255182
171819.782885571,0.169574911442293,1013238.2286046
202570.225659319,0.124986133152327,1620741.60188984
195377.693596,0.256705984286304,761095.204458091
181957.439809923,0.236816423564592,768348.060793573
184908.137107847,0.338007809679703,547052.854438679
184544.116764394,0.232499988394393,793738.176241753
186397.844389745,0.16213771120595,1149626.71548373
186048.365549994,0.219293895132017,848397.377583136
186067.802314674,0.100999988402987,1842255.67999345
200030.819569779,0.0517467863331927,3865569.89803771
176418.244484211,0.063620628780895,2772972.34976698
192548.853575707,0.296285677488202,649875.67137252
199647.12976078,0.247298144104007,807313.497980858
216433.649156623,0.21293637781898,1016424.02004516
177356.182656208,0.0817932397981476,2168347.69100593
196708.544387717,0.145181854181463,1354911.36613981
209493.363081284,0.197827369262909,1058970.57551663
207539.817275258,0.207903202697962,998252.141294658
178154.540127009,0.0814774721117535,2186549.67452419
195142.859696608,0.156971346253466,1243175.0402491
166134.572829975,0.1552170423163,1070337.18946549
188115.8509072,0.245176809810157,767266.08463851
183848.669020966,0.160282693529348,1147027.57342484
190128.84505022,0.207994134054618,914106.76514701
202671.632629207,0.312243640105909,649081.699663965
178770.287568413,0.185695649608105,962705.846613491
208028.044167,0.21747620981128,956555.405979909
194904.393009425,0.100247658619941,1944228.87968234
168116.73146579,0.184926114080845,909102.169271204
180511.802978652,0.261977962463429,689034.303806569
201501.135133152,0.305630847604394,659295.803131671
176003.962595075,0.0441600057767617,3985596.45768192
185518.386271589,0.126862929510313,1462353.00562335
204356.300806579,0.425443849384793,480336.714473804
197332.50680915,0.13224791200041,1492140.81208736
168100.982894834,0.0871242754547175,1929439.0916594
223201.499357866,0.288104701596549,774723.557515659
199263.423650078,0.201103474177319,990850.230038205
183835.041277753,0.174496679359535,1053515.98639294
176526.58107108,0.188646556302366,935753.000378869
185712.359166003,0.203651993664775,911910.341873198
184673.933724603,0.289171557395421,638631.044449767
179109.12367071,0.245840571423369,728558.035127002
205235.633551128,0.0519382613818007,3951530.68452621
197888.997506626,0.1946308074395,1016740.36145659
163019.751872105,0.0938870151667126,1736339.7013169
165153.400557062,0.0451592951549153,3657129.722475
183864.529944098,0.205827198283148,893295.596878131
190547.872755501,0.121747679863999,1565104.75574038
179590.697388812,0.171636718159898,1046341.94427735
172119.450755846,0.431798666903866,398610.426451748
167658.260145468,0.248412401557685,674919.042262612
192649.626601021,0.324185764515899,594256.897395546
211681.930488171,0.175000399079214,1209608.27290658
192631.377021713,0.181846382647864,1059308.27007284
183389.098219508,0.295926203911413,619712.265407919
179314.118654708,0.0624755192357077,2870150.1139701
188679.694488391,0.302351921430145,624040.004759763
203979.88671597,0.17664288423244,1154758.58312842
213393.904834894,0.205254896506878,1039653.17498646
215652.638566589,0.344586381391835,625830.416441697
188737.231558175,0.0509277116845541,3705982.95731825
213388.541267367,0.162070560647377,1316639.74268371
228190.350694913,0.181918350403352,1254355.87003162
188455.071966518,0.212613913159773,886372.2470735
175918.230616598,0.246442270416122,713831.398808153
189455.090457588,0.140907224581882,1344537.80506829
215483.693135268,0.183096217111646,1176887.73986998
206974.394863121,0.209292428671153,988924.425872691
179059.061297238,0.174158243120277,1028140.02994723
170028.922511599,0.132445417261019,1283765.99226918
181444.216154711,0.0168499388235311,10768241.8348797
206349.479313208,0.135379151909271,1524233.80116534
184504.352080576,0.186146860692385,991176.275518697
171580.155250352,0.18833406878466,911041.514461916
170731.459996542,0.222321063072783,767949.998244875
197078.746869486,0.248551744584329,792908.322567096
185549.851434643,0.175171731700499,1059245.40240253
178459.994973687,0.235824515011897,756749.123239728
204397.645727737,0.128052826266057,1596197.84809011
208671.768601458,0.261782408865707,797119.139920917
216395.932393501,0.274072974766459,789555.89319923
206550.971716179,0.159469678239076,1295236.64935549
214902.596498041,0.250942032694604,856383.421264373
171659.708821261,0.226502602903188,757870.799809891
174090.399026544,0.249693581483805,697216.155865966
189485.871777696,0.224878335099396,842615.059800862
176938.29727959,0.308368874825908,573787.796772556
213756.074125593,0.164254310986303,1301372.68752366
179334.455394184,0.292781759551886,612519.221377254
194646.341747967,0.131907340256519,1475629.34230529
179319.077507217,0.160891485543588,1114534.28937752
182409.935349231,0.190058051009297,959759.05456543
195879.081104866,0.0686669609213495,2852595.75313409
197368.70773887,0.0577826369625027,3415709.59918201
187287.850720123,0.0883741288158565,2119261.06915714
188255.044657402,0.135775271781389,1386519.37269189
204940.544419581,0.162031752560263,1264817.18046813
164380.523990073,0.0308376721617549,5330510.13474157
200393.493284185,0.182077857612928,1100592.3285312
220431.839972338,0.136822817989108,1611075.13506911
159336.515100493,0.153058029745114,1041020.29384433
196108.316310016,0.219619281237358,892946.717633902
177558.674348439,0.0693449937498677,2560511.79395741
196143.02929952,0.0530225700676294,3699236.55245951
183335.985962944,0.088617639042478,2068843.04235484
193971.625607798,0.215764657301873,898996.286200916
184120.238194932,0.0990013814409115,1859774.43461052
183769.693599717,0.20681840953599,888555.781915239
205740.242661873,0.29182361200963,705015.749908146
210736.855913794,0.178774684061864,1178784.66416906
181987.838042217,0.203730570697011,893277.024746912
198111.563951821,0.162696577130367,1217675.05774308
206021.423003726,0.0380857388998284,5409411.21151925
196786.559859502,0.209838271046215,937801.092614612
210726.275021749,0.369570442214547,570192.447640105
181613.621606503,0.217712445005129,834190.354172103
218933.277874232,0.260762512540208,839588.77271699
179969.464260173,0.388806899540555,462876.210460357
204022.864908402,0.327365815818841,623225.929677719
195094.054796792,0.142949579115231,1364775.30052416
184297.835694403,0.367579820274514,501381.810233127
172971.419737015,0.18917291392816,914356.163074712
213930.340896084,0.457931738509695,467166.441863811
172481.878252552,0.279618205568905,616847.811828361
170018.916757052,0.260483110889697,652706.105114996
186570.907527146,0.261123211887136,714493.767822472
207449.325518568,0.251651724743823,824350.898964624
198702.054379874,0.226700589346131,876495.535159335
206643.156848509,0.207571308568093,995528.516315735
176554.617819068,0.25948091485189,680414.657547527
192415.539511257,0.090539533407105,2125210.19570615
162430.290141473,0.345033309590614,470766.98285797
174197.689845598,0.288044626894958,604759.379556567
210578.378768618,0.128435461794161,1639565.70737531
210266.70818256,0.311178694379058,675710.49040532
199219.14763891,0.248350937064613,802167.89190966
164209.590991693,0.218859475414414,750296.923086193
172780.63889158,0.0649704019131969,2659374.63527503
173217.475951331,0.143559393538179,1206591.02607078
188050.440078218,0.255826727539847,735069.560114386
165142.369959045,0.0862870086690205,1913872.92833963
188161.850795911,0.0408288043023566,4608556.48386085
202658.597749129,0.104542083889908,1938536.04413076
172706.654535176,0.15060390646216,1146760.78856274
171644.661606306,0.151214454899564,1135107.49828984
210332.962907547,0.18730287229075,1122956.41991569
196637.078251552,0.222152400437224,885144.962937812
198123.720922383,0.219347033139843,903243.221876954
193509.154590668,0.317581908807649,609320.459459395
194655.273792184,0.135034841547957,1441518.88179951
176107.769805562,0.311519848740681,565317.974175569
175004.883504734,0.219156049793856,798540.052484737
180574.973916543,0.190665302829064,947078.315966237
162329.308328302,0.23880099195903,679768.149188226
182730.457745445,0.222924947721854,819694.967354841
217397.501543549,0.268537824653959,809560.075284327
198557.423529948,0.251679982630064,788928.151754529
175185.979937538,0.153840610093874,1138749.90375194
209388.270591758,0.328756640886894,636909.630256856
174904.61756907,0.122756388291136,1424810.71660609
180016.474158793,0.15625372056764,1152078.00175783
183265.383676629,0.0825203657929658,2220850.35512835
164981.074800957,0.332511685016354,496166.246887964
190859.393351828,0.222561835368431,857556.70120116
169839.118054199,0.266070847682783,638322.911109321
207090.515142095,0.201514173347976,1027672.20638367
168582.755779003,0.0910839099641644,1850851.1091073
172160.379536496,0.233231086812917,738153.65648316
156120.810626695,0.0660457083739217,2363829.75473301
176653.824551036,0.172695221569804,1022922.4812664
204368.747188209,0.321195753487701,636274.748246427
191848.132034474,0.176052345311401,1089722.10336155
199089.960682782,0.205687109020875,967926.291688884
167746.482846105,0.18520445821159,905736.74341284
202090.445613028,0.224318777431372,900907.395836958
214272.336435383,0.0941110352737697,2276803.5205655
185535.284793686,0.183618627762178,1010438.2494024
209136.911952999,0.216078930890593,967872.763397239
169948.02640664,0.136797390887849,1242333.8289103
189974.173665855,0.201327055239307,943609.756970031
206344.627210426,0.242916609364264,849446.350129985
186381.809483008,0.131945006368766,1412571.90864882
172158.957201055,0.193674641628705,888908.097380669
164267.850747184,0.174042868501355,943835.57431372
190187.091973607,0.337047200530065,564274.355860263
190234.334609131,0.190789287850626,997091.276728654
171338.999199929,0.22227887476077,770828.984015392
203320.480582035,0.11757981888779,1729212.39805676
198064.473284699,0.199753113948701,991546.361252539
196824.323646191,0.122232816877722,1610241.24841276
175030.53689877,0.148941714765471,1175161.28489845
186404.345249703,0.170499494126717,1093283.86107214
191685.125950415,0.207850015523682,922228.105047097
188780.805369999,0.0887996331100427,2125918.75392162
162294.051797479,0.209072679887848,776256.619872753
204493.720915508,0.295467756041504,692101.648095852
188205.982366837,0.210662184752889,893401.834731783
209242.933368375,0.0945530465354171,2212968.70947461
160465.507968648,0.153600211747096,1044695.87732636
199511.841646679,0.168053615662113,1187191.60465917
205372.386122575,0.33067017133049,621079.262445219
193311.395270769,0.128777667213838,1501125.15200148
187050.586600827,0.118456634944412,1579063.8210228
197320.023933755,0.0905685681505101,2178681.05859686
211608.021816703,0.262627276997388,805735.124835522
196439.599153672,0.341441567402558,575324.20744212
205397.292285976,0.23769405279449,864124.658867935
174240.685845924,0.0938354993932402,1856873.85874856
187739.80180325,0.0921074527334058,2038269.39332088
189825.409308862,0.177358913892053,1070289.64681412
202508.605988602,0.188900090199068,1072040.81149561
187876.257022066,0.256007186645604,733871.027152636
210592.468255575,0.283604653841949,742556.461619055
186759.956561762,0.220768060115688,845955.508527344
189985.853455256,0.219947517951669,863778.119546696
196623.270957396,0.26685744019911,736810.151557661
205226.920528806,0.316377654454787,648677.040363273
168810.612178513,0.22498119274582,750332.106067336
168018.177436445,0.141552215820803,1186969.60314028
185893.970754665,0.205594815362684,904176.354966612
191687.449192436,0.143053174779672,1339973.40141293
198631.098147546,0.251698939277951,789161.443100871
206227.053376922,0.189890020314913,1086034.18460283
185558.23605337,0.136779464131421,1356623.5050832
180981.869752283,0.178707799884499,1012725.07338378
174398.375475584,0.25684447246433,679003.810369345
200598.230985288,0.0946102125847477,2120259.80605002
179096.477635619,0.216677329646654,826558.449504986
184537.093218575,0.18803717889786,981386.204048583
177486.20417765,0.319302023607992,555856.80971302
194506.934926833,0.105531694375427,1843113.92021129
195233.073000363,0.143097027865814,1364340.51714504
210931.916352903,0.284862382127706,740469.537526862
182004.06573499,0.374873675958948,485507.725420871
155056.070584722,0.160693144098076,964920.261253248
192272.856034139,0.297071888426963,647226.693351062
184992.553026869,0.18805407381397,983719.997525125
190900.801473176,0.153745132085941,1241670.54191001
184799.603477821,0.151960669957406,1216101.53159775
180104.729574977,0.279024151791082,645480.788737706
218257.255368566,0.278754757643023,782972.305886413
176844.668927985,0.284948337505532,620620.111266842
176366.398109085,0.226577794268473,778392.245711896
189100.094072703,0.154780749701591,1221728.76431519
173415.817129535,0.16170333446829,1072431.91799203
214295.053340995,0.390216009934808,549170.325883852
188441.691008066,0.182415364447423,1033036.28824742
190477.406782402,0.158061317173165,1205085.53382308
183543.421005644,0.323108364430548,568055.306550558
161944.6973845,0.0733211265285401,2208704.43556897
199691.928526009,0.178210224659461,1120541.36572464
207792.684458779,0.187322541928414,1109277.51844296
201733.743398444,0.0895960479385576,2251591.98469097
199220.45299876,0.204785013908053,972827.304092716
173891.38054479,0.0972516291668343,1788056.22110947
193260.895418716,0.267980544593132,721175.097662926
167737.444902798,0.23204879524979,722854.194188927
170871.425614651,0.154874738033558,1103287.90727398
181762.927753826,0.217055725546333,837402.133928169
206661.280664808,0.250792671624067,824032.37433743
173831.929267664,0.221462612548029,784926.752500783
186155.12557652,0.200766417281484,927222.431406555
174862.393149669,0.307229694303187,569158.503855776
164710.845182992,0.178141340519648,924607.644146618
193280.580542159,0.114886198202502,1682365.53708112
195631.139546187,0.0213405614538457,9167103.68512509
175607.891287694,0.16215344021657,1082973.57769995
195439.722041509,0.263014315750755,743076.366332533
190942.87280486,0.110173674314267,1733107.96788171
200730.168486054,0.115666585206671,1735420.54628303
169860.888125631,0.0302859497739452,5608570.62081512
193507.281002742,0.0947869341201911,2041497.41521729
183746.151623911,0.169937410821231,1081257.8038935
170638.261459965,0.170488276553871,1000879.73735864
200579.005759923,0.018858901867368,10635773.343038
206170.654757457,0.294247432179399,700671.041478308
198841.547936891,0.196245915886297,1013226.42582839
187627.08257872,0.298583542579907,628390.570215392
196006.089220654,0.212104795884669,924100.223208682
196274.252532173,0.120981807237307,1622345.18572846
188737.704407915,0.22164035767937,851549.358537615
183910.702240545,0.256937129366478,715780.948802567
174760.885506202,0.0780360739344269,2239488.44034686
173877.421183395,0.265509834961292,654881.28230257
193667.06604611,0.0707369310958597,2737849.42385557
204351.6255519,0.298104053999285,685504.349271247
169110.079789579,0.210211412918295,804476.205368109
173102.295820009,0.13735850246214,1260222.64888714
182812.841614361,0.113073611005701,1616759.56032874
167416.818605329,0.201537520948179,830698.015028059
167723.625397155,0.276211351172244,607229.29990145
186480.028826199,0.242530890431545,768891.865668689
185652.348986709,0.0984338818054725,1886061.44125861
190301.7018564,0.101310694914773,1878396.96506366
177666.957980464,0.0848242362008351,2094530.59571098
186025.722098582,0.282063757988168,659516.569677079
187510.617319206,0.0924363534624943,2028537.58608389
177134.971664112,0.329966655520347,536826.884476482
163623.200712891,0.262043905940627,624411.394439999
179591.462809717,0.103229485185636,1739730.2959204
192756.498619752,0.179785342824516,1072148.01602541
178159.364124945,0.225008160952094,791790.677151824
181301.257167819,0.0523419687108814,3463783.68320962
152192.6607769,0.204666567434938,743612.709610136
206347.569114628,0.286639700594663,719884.819466875
188960.282452522,0.228080246184948,828481.578800541
187057.824947272,0.0641176861972371,2917413.83760871
176714.644565902,0.170389146359281,1037123.83295402
210491.544233826,0.281146070253813,748691.041791188
204366.586145141,0.315738109849756,647266.135349922
165744.981555976,0.0640210258752071,2588914.80244404
171816.310647729,0.142084420721578,1209255.10182719
166512.309607113,0.138025433024284,1206388.60504656
180870.680683371,0.0836097823356693,2163271.75637448
177418.75334971,0.243749496784145,727873.311290669
206558.365010898,0.135388040884969,1525676.59344741
194955.978257267,0.372242894332032,523733.243067282
205112.714844261,0.231382440182114,886466.210153301
222221.248861108,0.365813961815492,607470.660108897
179967.887509316,0.202477442228441,888829.321077014
201073.200612495,0.144905996493029,1387611.31684546
192641.933211812,0.16611536468282,1159687.62781
183489.310520555,0.230061491471767,797566.378217944
191546.670122526,0.214224270116153,894140.846033315
199923.875066681,0.112073841779636,1783858.49804077
206795.010646582,0.206639194150996,1000754.05102225
187739.785368019,0.280224633751165,669961.747669653
195815.435438198,0.147837184184317,1324534.3958531
188615.334257554,0.272215430523806,692889.943434191
187209.96597318,0.21309000869139,878548.774402224
216933.472651578,0.254275849025278,853142.260592793
179808.178675376,0.263995911391375,681102.134225139
201335.896207155,0.109710256562689,1835160.19846431
181128.806681777,0.23099794191921,784114.374253281
192858.069332172,0.117294321706985,1644223.40762543
194974.389629124,0.327421130657498,595485.053874176
193536.050595153,0.115881036773336,1670127.01977901
182037.455861659,0.275540657362094,660655.518515512
187754.810457801,0.298088527971016,629862.583896744
175407.783143264,0.131930747926605,1329544.37005729
215283.638103386,0.124554457932867,1728429.81035187
198605.947066987,0.202990995512329,978397.817921556
199567.824420644,0.0295031428203648,6764290.35495468
184323.16024044,0.244889616455038,752678.545169275
205921.786953141,0.240769585209131,855264.948744579
211781.587311657,0.241116609552719,878336.783619013
170242.014937716,0.251054417034897,678108.025138042
183362.168968073,0.253904763540727,722169.077929336
184214.167404744,0.27600956305742,667419.510266826
212554.408153261,0.255053932611132,833370.440428896
175228.710445999,0.107360009734955,1632159.97165606
192373.560863054,0.17479959956745,1100537.76632836
185623.048642726,0.206925212432993,897053.802483518
193129.156068359,0.18072722871609,1068622.35115524
169783.25940269,0.291212284012701,583022.313012335
192149.472573046,0.139314185509352,1379252.74350577
193100.279597961,0.125215846937201,1542139.30841203
191202.189235345,0.16164452170423,1182855.98063879
188465.97321207,0.221904104256765,849312.696776423
200386.635746855,0.231639696770642,865078.993542577
182602.694171629,0.416388632421679,438539.095338958
172035.070321157,0.262852804143393,654492.048817207
200445.135031186,0.205499704453491,975403.519748375
202979.073063251,0.23298461753933,871212.336707105
189428.340719346,0.215987648018799,877033.21211618
167042.194673295,0.273089951575851,611674.628485546
179700.683866156,0.0335416650973818,5357536.16716492
214828.031796966,0.172007964194584,1248942.35451762
174619.245711261,0.236002013258858,739905.746141796
205464.217501447,0.322412948498168,637270.365407222
156926.202997739,0.265729288250068,590549.1413128
178478.411512809,0.191562453473628,931698.296176706
195195.626068878,0.234317709620518,833038.298236189
184351.107974961,0.0954767135066023,1930848.90759476
186175.278528706,0.215839765678709,862562.456659816
173783.285252454,0.106412670628819,1633107.07480158
202576.458183801,0.250359460054404,809142.41522881
200028.754779428,0.190208283703988,1051630.09141454
173445.022161096,0.223523558128606,775958.57731158
207585.862879521,0.199744512400403,1039256.90065217
190389.159312416,0.17537664280841,1085601.57306926
199558.052841551,0.194722318357034,1024834.00221052
180213.142568939,0.3270678377505,550996.220870892
192486.587087334,0.188910119217605,1018932.1137721
179640.255778716,0.16876016329116,1064470.73927503
175272.926693227,0.27108632615252,646557.608348766
186117.960824356,0.203447243620909,914821.737133762
162918.75799868,0.096335458882886,1691160.86525045
175474.22313346,0.41170112180024,426217.50061347
194600.743672978,0.1890764227747,1029217.39695097
195687.308897051,0.139044254255232,1407374.29205701
203069.688627809,0.208929820926964,971951.671268587
189451.680680652,0.159870596254477,1185031.426161
189368.047509789,0.184521150185748,1026267.43502933
186312.625985833,0.165303434225668,1127094.70833791
218387.959824221,0.111908183935922,1951492.30506027
168006.872322553,0.107871046693063,1557478.83675034
168242.105977288,0.213771404870663,787018.759965012
193374.552535495,0.223533814095259,865079.644966324
197418.171379774,0.208425824297926,947186.712801876
171735.03621984,0.0578053736569335,2970918.19246878
195483.567909335,0.229815398578956,850611.269384433
200841.825795137,0.313768522361886,640095.521001609
196793.896353592,0.149895338376676,1312875.36013337
185569.643745904,0.0975005357304122,1903267.93956294
171324.326738029,0.532630088658054,321657.24465487
220938.263572674,0.199390040079693,1108070.71147771
195476.005729224,0.0738542044750912,2646782.36152625
167400.909027172,0.253417953229754,660572.413649804
194518.315492954,0.248573204566948,782539.356290772
195237.191512918,0.214999480395107,908082.155148135
190052.069294974,0.254806862584502,745867.153526708
199631.62798044,0.173477946139495,1150760.84553084
210489.25940448,0.24456258243201,860676.466985694
188561.31993895,0.156622353649625,1203923.42181738
193714.429072067,0.0293601690091377,6597864.91732312
186949.403876703,0.266712291656231,700940.338054101
197033.881346561,0.390935986767059,504005.484314659
196709.110033409,0.0949660427287035,2071362.60900502
193212.681241101,0.253778758313534,761343.000198596
179869.913783543,0.311449495333591,577525.141246049
178649.545687404,0.349084966441316,511765.222973119
187736.764715603,0.228652760551213,821056.191331458
188698.436655955,0.108493020968884,1739267.97291481
196905.027141467,0.0901699941651045,2183708.99282667
186440.465932017,0.193878860215396,961633.804350224
195386.54116595,0.202731540672501,963769.823471046
196804.739723055,0.123388916944852,1594995.27669099
180107.895228634,0.131652427538875,1368056.01382056
214962.574684696,0.199776847203942,1076013.45047382
206433.471538062,0.247867189703259,832839.036845497
178806.498809103,0.169680211585732,1053785.21831204
189714.474341747,0.176519842824379,1074748.7155339
171245.139274263,0.109954947976065,1557411.8530031
195904.70441337,0.144511493321443,1355634.07387682
184340.02518158,0.28040354670517,657409.748726911
165498.84103723,0.241791220269046,684470.018609759
200662.510996526,0.181359061273684,1106437.74613341
175806.577746112,0.184104742278912,954926.937622127
191058.662685683,0.228116749565963,837547.7164619
180603.117862653,0.239144502405787,755204.974589801
187668.490960621,0.220166987881596,852391.599514218
199356.025297301,0.201302873586188,990328.760567575
169099.260969218,0.0502494933346666,3365193.35315484
182053.108479746,0.15304210998037,1189562.19633339
195815.335405914,0.106983217430712,1830336.94544413
197845.043382232,0.341804731742271,578824.764577609
167156.672311235,0.11509205669262,1452373.66604427
162160.242322716,0.244756095006487,662538.117052481
179553.980250036,0.116814843160955,1537081.89294604
195101.123510491,0.220518031321263,884740.002173592
195143.819731277,0.187922725601652,1038425.86949772
195080.501548193,0.251332195016535,776185.882335365
180871.338743817,0.113397886432201,1595015.07862722
178907.653969954,0.207548506520576,862004.053747396
187669.65652388,0.0977258829748405,1920367.98042742
176431.53353963,0.025814493248368,6834592.1743315
183553.452399126,0.17051294623628,1076478.1000545
173135.420770483,0.0965979531163158,1792330.11865176
179102.773703728,0.173932898629017,1029723.38824605
164690.153976407,0.30449998938326,540854.383312045
178507.160376151,0.264713486644539,674341.011630636
186570.115310073,0.21588205114033,864222.450752969
179650.364430562,0.268372978016331,669405.562953622
193356.911349327,0.273166901710113,707834.331827357
228553.10396209,0.214195288594124,1067031.42474423
205773.058821636,0.24026528643302,856441.069271988
175904.104064482,0.102869275988765,1709977.07890637
170006.034278617,0.151424430317318,1122712.06120677
198921.997014614,0.337576606683262,589264.756729003
184642.779754367,0.0921560187228142,2003588.93877278
184959.135756875,0.145599203778499,1270330.68146619
167009.624207619,0.156214104950176,1069107.19912831
184749.411832406,0.135594645087258,1362512.59563765
163564.561477698,0.0323752127895582,5052154.02106797
179329.841763571,0.194874236367551,920233.711270783
159489.542288819,0.132240103153486,1206060.32879229
186321.595102355,0.286475296956119,650393.234886479
167602.265539787,0.229462988794172,730410.888573085
186206.922253275,0.210356908621628,885195.183145649
187677.771256577,0.048237979831428,3890663.99365053
212713.013287567,0.254566612136469,835588.813090442
204567.45251074,0.249718890985925,819190.937870495
179823.254619517,0.159467969863609,1127644.9733029
187411.364008817,0.108003213560612,1735238.77512812
186902.991585019,0.282303614218667,662063.757498505
192846.46061324,0.248750530179863,775260.500847172
202335.192411567,0.21987522963872,920227.31593744
192104.614470246,0.172341452741333,1114674.45245791
195794.466318393,0.101872963467857,1921947.2925235
189478.564974471,0.166579369161868,1137467.17812547
194250.99528331,0.0489943345566113,3964764.43738327
209100.234008482,0.169630891889936,1232677.79635419
181021.253210656,0.248212105271216,729300.66409476
182609.373249233,0.0531717959772522,3434327.72756737
219623.494994539,0.333379972954415,658778.309471426
168456.994392866,0.0787592940369578,2138884.00667758
185125.758519786,0.184080004004114,1005680.97834053
173741.855647577,0.353860605272927,490989.539549262
178040.834330117,0.109209583596282,1630267.49546345
193778.566953668,0.244271899532869,793290.457577144
177042.441012444,0.191351109395253,925222.966158751
202900.749755432,0.0655199648674056,3096777.45044655
168236.76595287,0.250432521000149,671784.81964317
163170.707598747,0.185057964836871,881727.55894394
221325.043176426,0.109068186755888,2029235.56134464
156561.639270134,0.197807760864467,791483.805215337
187494.097738901,0.187256487816779,1001268.90087971
189754.551631269,0.131387239241807,1444238.8220217
182477.57862011,0.159044467901368,1147336.84879423
212038.185229765,0.227744923296608,931033.641323425
186617.691744617,0.216123812460499,863475.845720263
183396.727018285,0.13764656929454,1332374.12278578
208938.683432234,0.352283855101364,593097.527481399
189910.718803333,0.142374408039814,1333882.41200079
205903.248802733,0.175873331846708,1170747.41599937
196270.319618456,0.237529654487834,826298.173344534
207767.955644516,0.27633944288007,751857.764056817
185332.108091205,0.271922071455186,681563.313707505
195322.443776156,0.0577488192879061,3382275.97004847
192186.264316492,0.228789576117712,840013.201552557
168064.975331343,0.247666643497853,678593.503580954
188739.524044144,0.21146288048419,892542.102954353
209872.591645296,0.157407563174824,1333306.9098605
184736.113530342,0.126371952490641,1461844.26124162
182854.18106139,0.190186188027437,961448.267920542
172869.618743721,0.249262676129235,693523.881826949
210795.577315678,0.389586945611984,541074.539816905
184066.570689102,0.201049485360617,915528.683691714
199107.568021557,0.27273422773495,730042.465425552
178686.926217936,0.354499158796677,504054.584570741
182130.655327602,0.238900772655145,762369.469564289
182008.722227285,0.148582363413327,1224968.54973947
178609.736695815,0.197681800958667,903521.395645114
209772.763072209,0.188570483117462,1112436.89682621
188768.625110507,0.397136667851798,475324.089642991
178931.961411924,0.155673321779897,1149406.71507551
174775.725770065,0.193118563170416,905017.740919269
201881.345859244,0.220691984166536,914765.194674686
187599.130384642,0.108187935505052,1734011.55599166
200303.617493502,0.192225435533009,1042024.52156289
208282.009557659,0.293764978674961,709008.985676656
189944.81634196,0.273585873928962,694278.595653227
165409.020666593,0.217100512901457,761900.644341973
183160.359232355,0.159335679395486,1149525.07766785
200559.743566804,0.0435682810686063,4603343.04332516
173978.452074096,0.171956193772355,1011760.31091045
189910.25324168,0.154172744479111,1231801.72917925
184963.135662923,0.135887949053838,1361144.50877202
172403.473298452,0.135178494840186,1275376.48279244
167720.194878455,0.0589851764766238,2843429.56818861
190386.088678361,0.21199868673521,898053.151226155
207822.204352124,0.272684805955788,762133.422226024
185270.153999425,0.154336165047045,1200432.53597075
180595.234417595,0.164752364251641,1096161.71663404
167320.3951138,0.0808196068077015,2070294.59462621
191146.914109647,0.21161897136237,903259.820606221
211048.691951427,0.437550377691158,482341.469032841
194070.320922709,0.151874087180703,1277836.95379054
168592.534542249,0.185707364320045,907839.78955029
198245.623270887,0.332652806974172,595953.556123996
187862.001217548,0.101847003482687,1844551.08931588
169686.957888304,0.172314141851753,984753.520893777
203120.291236906,0.318088879546674,638564.578322839
185018.230213358,0.28437609819322,650611.044278578
185474.347344506,0.28886788662192,642073.265787627
202318.916353046,0.0506193437896286,3996869.59976947
189915.300867563,0.18426935771413,1030639.62030079
183725.744543554,0.210807668632917,871532.547819591
178263.632087166,0.151644178698085,1175538.9070495
195360.047601429,0.221582023822965,881660.182675802
183998.449795863,0.223692635610335,822550.323544767
169978.089112477,0.247417827795711,687008.250888148
204836.680213052,0.188922159233225,1084238.5088357
181076.409319298,0.0927611407152839,1952071.82579917
190045.888521916,0.263566844414307,721053.852369907
200262.534505091,0.181027101813807,1106257.19849986
161762.087455659,0.116897008631176,1383800.05912758
210443.347317387,0.0650667888384837,3234266.68311194
193682.42046506,0.183641073604223,1054679.19928674
194020.622241027,0.325063312948497,596870.254231881
188135.255567802,0.248152542964125,758143.572983655
163318.499425769,0.104613982484508,1561153.63880689
185254.72312241,0.18965417106851,976802.788352539
204676.678541961,0.262313239560998,780275.821702725
182737.360206791,0.33230322944846,549911.478471303
164525.796553723,0.153206264858037,1073884.2612355
181414.282003671,0.148015617116264,1225642.84457344
182939.777901869,0.16717018583947,1094332.5628503
184825.480892625,0.223677194033098,826304.539859684
203123.713773043,0.275382154515341,737606.669286655
177777.466688197,0.191157597579283,930004.713071698
188055.274450534,0.229653040250761,818866.905681695
213339.344705292,0.206700725777348,1032117.0566914
172304.747928913,0.166091243496933,1037410.18672122
168474.429216157,0.155356877048903,1084434.96301181
194928.734913263,0.103480252948486,1883728.82128827
179079.150248261,0.190916201117563,937998.70938133
194705.735088638,0.0322659051450065,6034411.06684002
168339.110532852,0.23984913759299,701854.141408314
197074.998733761,0.258994167117554,760924.467632167
194746.243886153,0.196323715993362,991964.943719473
188932.502693182,0.178903025582307,1056060.96978086
189591.690974875,0.0701944020823455,2700951.71909098
186265.575753987,0.109548214084105,1700306.82208093
175288.546544818,0.154525765745274,1134364.52296098
209826.295427089,0.248209675782849,845359.048817498
187478.029432125,0.137378094409384,1364686.4897794
161894.464325946,0.19549391585672,828130.449055004
156303.81093198,0.166023700142828,941454.809147812
190093.254399028,0.13029425446209,1458953.4679316
161292.234628913,0.295115396971011,546539.544477773
191126.668250182,0.12982773123173,1472155.95956953
205800.559140089,0.184831876416955,1113447.32915999
217023.568652295,0.288009275663452,753529.788762409
185022.852285075,0.131756376687191,1404280.05791588
183202.577021813,0.209270038630913,875436.246011908
204718.637722768,-0.0426307044893527,-4802140.62082642
198233.759415306,0.226680015137827,874509.203181298
197272.57345827,0.0352727636332725,5592773.37917986
171138.570966238,0.16176517195618,1057944.48147712
184948.734890671,0.226472767292289,816648.893824718
181189.145968125,0.364766992610501,496725.717070567
186120.915544976,0.258833411151763,719076.083403494
198374.970708054,0.0884720240171791,2242233.89158063
166560.63888649,0.37361119740678,445812.759474504
185210.881240599,0.212487776825349,871630.754520198
191302.997851814,0.196862908627707,971757.448802059
207831.684013999,0.258290236268887,804643.981190369
192229.010757328,0.198331569063144,969230.52474882
184505.011901054,0.143611136384571,1284754.20880297
191099.381047513,0.115145823578286,1659629.28666351
187018.765898207,0.248749783955828,751834.88774976
169500.814517715,0.0875533159173486,1935972.52990081
203518.759846729,0.425965017932022,477782.802059131
167240.317378712,0.10571319501467,1582019.32460281
161562.480599439,0.15396681517279,1049333.13336465
180257.953234102,0.136503276734993,1320539.38590833
209658.693849134,0.42162679937161,497261.308250823
196015.895788277,0.166112140847824,1180021.48902438
187214.993795175,0.285940559654998,654733.955969939
182930.569496299,0.114938636209183,1591549.85242189
168658.103793371,0.101903859334419,1655070.81768006
206074.534192541,0.0611312569982043,3371017.45181837
189995.736452125,0.483126124642968,393263.222088296
162832.717607909,0.189876180258865,857573.168924684
190775.615013679,0.0166891019724305,11431149.2211403
177735.425287176,0.16769958764467,1059844.1402478
184217.098145585,0.098200657008259,1875925.31208922
194394.538338779,0.11483329574044,1692841.2363795
184659.80179324,0.228910849732291,806688.726240795
219318.025418957,0.327150148924857,670389.502006101
196836.62742834,0.127216018121255,1547262.91810774
177360.077155977,0.236230672859352,750791.906102618
186138.104093822,0.139140695894764,1337768.96038096
216816.903842444,0.0987837202046838,2194864.73472744
179101.473742595,0.0876615983557706,2043100.70888418
158506.316470145,0.094815456708658,1671734.98891844
195228.366404164,0.211014788717735,925188.076108318
182090.548487939,0.245100891565405,742920.792025549
186789.519821454,0.034410453606499,5428278.33534214
161398.007110821,0.112150199868391,1439123.66897449
193880.548427738,0.271168534738117,714981.731250566
151808.796189696,0.120090904949494,1264115.68181238
206448.451789908,0.120484523003653,1713485.23979008
212445.53424427,0.241731896761702,878847.752780005
204072.194925657,0.208306844807172,979671.095851721
191007.549011076,0.186062942144116,1026574.91497221
189768.982445232,0.261480453613408,725748.253159301
181820.785706772,0.16266838489025,1117738.92529544
184803.843811459,0.281109765806294,657408.12412331
194969.189000381,0.149820961507933,1301347.86907009
195512.121879689,0.0704555148159375,2774972.58220961
174599.417686968,0.141521999020869,1233726.33862543
169936.18409264,0.0516589214842896,3289580.56440107
168522.668669637,0.154213362422925,1092789.0166059
158933.901699209,0.0448883830162153,3540646.62212929
201136.692702188,0.172611045165644,1165259.68838882
177662.559797724,0.144256229733647,1231576.34249667
188319.584904261,0.0917674203071892,2052139.90187221
187603.095238794,0.213486601146663,878758.171384779
174153.872628591,0.123466571465166,1410534.61323112
207261.646841736,0.28142835334424,736463.275213126
188952.582210493,0.230522583318083,819670.591448169
164875.821953969,0.172141789344383,957790.7989798
192495.247333189,0.0406820176870035,4731703.5456352
189603.73896645,0.24850628744042,762973.608914856
192306.60606022,0.190662467438776,1008623.29457669
181517.085168577,0.19358266856397,937672.192015445
197209.19528187,0.173447064804881,1136999.32312905
206122.117750264,0.178567677263241,1154308.10832804
172954.030755059,0.130545824107611,1324853.031013
197845.280491276,0.181852919874213,1087941.18141257
214213.670063457,0.21425502482258,999806.983480753
212148.897434172,0.210788945640846,1006451.72254736
176480.550072037,0.221114985419014,798139.25653933
167048.685024954,0.195529524077293,854339.956143503
193033.532434041,0.266374048972311,724670.939901156
195306.18984722,0.133724285629994,1460513.98911653
191312.134685788,0.278973635678262,685771.378433863
183236.434418472,0.225890267698618,811174.541892816
205829.981249127,0.3769273266163,546073.38527794
182376.10357186,0.156861113741726,1162659.75181169
172123.948014698,0.154508972398514,1114006.16639111
201040.672507522,0.288431363075874,697013.911259841
201425.694935949,0.120135993134829,1676647.35338633
183860.96323847,0.206453296016207,890569.280250373
193895.762757798,0.267827360498838,723958.009355955
177704.011387058,0.120396173349229,1475993.84966827
183318.371165261,0.132669658318048,1381765.60857489
192156.307312087,0.209748741328494,916126.152152422
174725.707895415,0.138574525844511,1260878.98789903
185839.412825211,0.382443491310205,485926.462465208
209829.432469681,0.229996738673391,912314.81663595
181529.412429891,0.1706327401299,1063860.38395501
190772.984653091,0.323275529075045,590125.0403918
203788.405326453,0.207619995825063,981545.175919192
174557.251449653,0.0744400827709093,2344936.28905352
184878.713913315,0.127717546312202,1447559.23717314
200007.116512407,0.164696333881355,1214399.32388835
206958.43618704,0.315254838706804,656479.808639884
187028.920315912,0.184820796813285,1011947.37573206
182025.777834067,0.295194933337354,616629.072105531
179739.132303465,0.121789652301035,1475816.12154696
187102.680564249,0.0776003130166077,2411107.29185082
202066.737234832,0.224157119877485,901451.3451336
190787.173960465,0.0405384625610667,4706324.85563715
190760.308329401,0.174573346600687,1092722.98460165
181676.194856747,0.372647582037998,487528.173034602
195214.172160525,0.282524383756947,690963.978275468
186956.092846382,0.27736588268496,674041.417915598
200582.860681441,0.211922404027149,946492.003062334
177983.686124099,0.151856941092044,1172048.40848347
208347.229899379,0.327580312696638,636018.777148926
193086.087494114,0.195393179946035,988192.564077424
177618.796931831,0.221318173621431,802549.533214799
205547.477897423,0.0693064855688169,2965775.51451988
215988.604496091,0.261403305578277,826265.773565031
197080.486077061,0.05110354818517,3856493.20009942
163138.128486931,0.130594540325232,1249195.62548827
187195.131747009,0.315832783764064,592703.29544652
185098.623281214,0.257297354826457,719395.748961585
186371.518911598,0.187184151252388,995658.647725503
184208.014272613,0.193215414747819,953381.56385213
187915.238992429,0.132695851218387,1416134.99794476
171215.224967142,0.0829092170494399,2065092.77328049
184371.268085985,0.15700622387223,1174292.73527414
227450.550489737,0.244377823696513,930733.186216615
183375.599810881,0.300468305410182,610299.311138814
191629.860295306,0.196043909957279,977484.382641954
166072.687022583,-0.00833206184740654,-19931763.5975392
191992.63995634,0.159045350940525,1207156.56773982
162939.023502011,0.185015343653079,880678.436095204
167492.309956361,0.343715656948272,487299.040850991
195460.323996188,0.166168577690696,1176277.28847758
190823.26828356,0.184064393177514,1036720.16618406
198267.398553839,0.168920923038729,1173729.07386009
170141.910733128,0.3577440202264,475596.798586466
169804.73278981,0.0777910241954117,2182831.9468228
189934.063139011,0.316176067531538,600722.453858924
178889.686597843,0.232529901908391,769319.064471628
198892.49264828,0.265868745890841,748085.270353441
182855.312342497,0.20976975899719,871695.296865676
212289.603993486,0.247642180944015,857243.314463779
195199.768081291,0.126670963833953,1540998.52225936
197207.473778266,0.19598325876531,1006246.52850794
205444.262101023,0.223859774526002,917736.39340086
169580.909072368,0.206135499198761,822667.176354976
195654.68271003,0.176638099028895,1107658.44846431
210270.56214805,0.308956712642367,680582.597962354
180053.169925637,0.13010721933545,1383883.00699451
190736.814354326,0.184173608073726,1035635.97601874
177247.722789063,0.333717325962482,531131.316834864
177299.922247934,0.183878895477514,964221.161909333
189015.741425611,0.290112924921643,651524.717406724
178477.102434523,0.104601813976451,1706252.46016005
165969.879989604,0.23187904833697,715760.570780047
182616.431820083,0.190694076515912,957640.820085176
168463.587267048,0.192430890394629,875449.814328509
183030.085299697,0.103229378329586,1773042.59951394
187516.941246572,0.23312211049736,804372.184373714
175929.966159616,0.0406258725823897,4330490.76799096
215054.476161887,0.311648873464948,690053.757521683
164893.346464452,0.188112917981844,876565.778860368
194345.393500606,0.0973977419664421,1995378.84120113
206381.180848922,0.141943575628272,1453966.33792996
179611.682997466,0.237422050567156,756508.009969621
193249.80749279,0.178947414497375,1079925.11674777
178158.96930683,0.263000645373878,677408.867394837
193240.367082881,0.222570995610052,868218.999305017
195103.906204737,0.289023065347045,675046.145436407
179057.952877767,0.195241595367851,917109.658627851
182101.965320177,0.151178322318724,1204550.77505264
197564.334864111,0.292740279029642,674879.232605043
195274.069889514,0.255396253217545,764592.539747169
189511.512777663,0.186787854338651,1014581.56071579
164804.235610608,0.0444883052454033,3704439.50835003
184956.370055281,0.203434335679002,909169.87753298
191231.283307258,0.286620577188211,667193.141480854
180831.506564376,0.117591986882056,1537787.66189017
209484.308810583,0.255010492513351,821473.292121951
185662.290721974,0.208581918696098,890116.899310349
196540.134615708,0.131214594493493,1497852.69980356
195861.61906946,0.106871001705353,1832691.89905656
150541.372523972,0.293491769622932,512932.177680425
169459.239776043,0.190152182411521,891176.938528659
195034.766229903,0.177026744031793,1101724.86816385
166142.170389221,0.294710427364809,563747.173368796
167620.235001908,0.156549822682044,1070714.94639984
181715.020545454,0.0759324979877999,2393112.63768314
174640.20604261,0.247233501575567,706377.594175808
161015.859755044,0.182339141981261,883057.02223602
187598.07326842,0.117877716885356,1591463.40992396
193579.150965883,0.253761540041806,762838.808962113
197396.830613534,0.43764188481654,451046.477638407
196405.007191612,0.227757012955689,862344.498827014
209830.249692767,0.201548059842121,1041092.87808145
155156.468916924,0.298910290719044,519073.694464274
165968.787004799,0.140807244301324,1178694.94448474
176849.145090926,0.0602034359552501,2937525.77880073
181022.958199318,0.195287467710036,926956.349641967
173687.456846602,0.0180463342098811,9624528.44032452
182661.177701832,0.238872827466333,764679.598091066
191610.510497569,0.0807519174220324,2372829.23569676
193528.745250705,0.107949734906762,1792767.2116829
189388.786920078,-0.0608668776838914,-3111524.59476659
194852.115983031,0.184949215718255,1053543.88893361
185109.783431751,0.122994656579598,1505022.97074958
195040.171372162,0.224567927320017,868513.031668244
176281.395630196,0.165521551512511,1065005.69877072
182680.274590318,0.151296313237205,1207433.74826265
171040.621483983,0.0924138485479169,1850811.5847518
206061.206097318,0.285510440363362,721729.145298745
203014.441893435,0.217306119767414,934232.510850244
188582.089116284,0.0760370328580375,2480134.77154441
187038.042213828,0.27412163685406,682317.690644046
194512.758170796,0.113923290641264,1707401.15630352
184103.895703449,0.184003817529816,1000543.8918332
207874.396226656,0.145562631309689,1428075.28523167
202055.141886926,0.166474319005527,1213731.60193085
182105.029915048,0.178287849662058,1021410.20972671
197123.980318828,0.332521211799677,592816.25750114
199141.039287661,0.351050060465252,567272.482516416
177148.068602503,0.346982975137563,510538.214539984
187252.689103669,0.141224178879395,1325925.13965744
145638.623889483,0.151186710952661,963303.077180405
200230.486601027,0.195633030763366,1023500.40695951
202029.157464003,0.188729533093839,1070469.22732306
172769.244450664,0.0655759743662003,2634642.42995242
186262.479272222,0.163419156708343,1139783.62772149
174704.941448164,0.0967791209859459,1805192.480241
178552.892264021,0.0717550054824108,2488368.45685684
176941.805850076,0.0722507774240603,2448995.18259235
187628.896991724,0.123216941612547,1522752.42784161
189646.017524207,0.110215927709088,1720677.05154896
175398.573061176,0.130552171048646,1343513.26103814
154436.302766361,0.0137278753133785,11249832.8576641
189797.189832967,0.340550087746677,557325.329406906
197995.133787129,0.240709388353118,822548.447909612
206580.892895525,0.241836429173644,854217.429530416
195256.946436222,0.25205638492651,774655.823510093
195185.859727552,0.360625139178934,541243.076320049
172249.096148266,0.0914420878333777,1883696.01164545
192831.154506949,0.195790671944458,984884.277641436
185306.354957456,0.154649224452494,1198236.56157021
196592.369748333,0.133608097566939,1471410.59058818
219802.056342441,0.170874724933189,1286334.51453035
184384.843622131,0.163459730487715,1128013.87272561
177870.305918888,0.211522105182166,840906.465854732
213655.55856803,0.134241063012357,1591581.24774654
174610.166619683,0.309313914276409,564507.959585834
192607.693598748,0.154389791463435,1247541.63972276
173786.600353763,0.106810306130838,1627058.3490406
200530.219304557,0.280119727007485,715873.249795071
219792.880711869,0.288045026257821,763050.428494947
198665.204484817,0.203737197796781,975105.217079587
212633.68528646,0.127884053760919,1662706.79598554
192749.043179992,0.219531919015509,878000.083288004
192324.454858741,0.164439014126957,1169579.22595093
188685.503633224,0.300192638534861,628548.070179647
191118.103039145,0.238839705690069,800194.015006657
201941.069501666,0.230605015145044,875701.117664985
172712.695688052,0.235416820345412,733646.37001996
200919.953705523,0.191786959901649,1047620.51501602
165824.838970401,0.163556808286495,1013866.92921968
191329.282325857,0.268676605012598,712117.388549277
203101.474538098,0.111769902616406,1817139.22785763
185391.234006827,0.186886477667503,991999.187531717
199224.20757242,0.145181149704778,1372245.69427599
177306.109262382,0.200654676964743,883638.058900249
175675.393888285,0.00298901410096364,58773691.9112051
187545.781443123,0.161551294297117,1160905.47128764
207633.749964528,0.119101662856911,1743332.08272649
199528.265512733,0.396820149039003,502817.878567758
216958.639739977,0.0955531976887571,2270553.41932847
222207.137617189,0.116621217379216,1905374.87612259
182926.791159566,0.171412454167355,1067173.28124227
192492.091746171,0.218082699264025,882656.406930877
148163.910208991,0.208373279750076,711050.430202468
214079.095177761,0.126634396280731,1690528.80943324
188093.024973954,0.321568765354636,584923.180479047
226506.77255318,0.229024209880768,989007.985972754
164868.02682923,0.120266642973081,1370854.15168803
189909.188352791,0.0435167307669821,4364049.98734147
187363.309148989,0.18169429583467,1031200.83263085
180979.601129942,0.266974532197495,677890.882101302
157346.782568951,0.0727531686415954,2162748.17312893
168842.740595759,0.262340900073003,643600.523398273
198519.260249751,0.262212988527017,757091.635181517
213233.173927302,0.264916460191615,804907.229143366
207794.980039811,0.0898955070808793,2311516.85759843
194353.048432097,0.32264666362142,602371.170526476
206622.900582014,0.275906633696483,748887.034043965
202720.496542396,0.253902556499416,798418.493052323
187497.700317457,0.289987541132154,646571.57195595
166929.076687907,0.143255840199714,1165251.45819667
194198.221028898,0.278203646944174,698043.40511707
206874.831304348,0.148854294124009,1389780.74177694
216481.995855293,0.0145134107395729,14915997.3310081
176700.690508561,0.192148495242458,919604.862299837
204936.714958294,0.345408938623026,593316.188559784
193099.29602966,0.054034541718796,3573626.97799082
191273.485899014,0.331783128586178,576501.543987739
212281.1357161,0.0785837582280682,2701336.00762655
191454.418154101,0.251979062751721,759802.882284485
205278.191534483,0.248617460498921,825678.900920852
177351.781680984,0.298465201481339,594212.594301628
204418.167944873,0.474036822400502,431228.457970223
171127.128333252,0.138724047008553,1233579.41195805
163671.873381856,0.0904198237820458,1810132.6295037
176150.113489198,0.239787455735121,734609.377080095
179454.659658253,0.193594322371638,926962.410156629
181419.564378046,0.0782260513488429,2319170.67587906
179254.209184548,0.248451867331435,721484.652580303
175927.518376426,0.0838220262487885,2098822.06681884
183924.24573169,0.273083132535423,673510.092051666
197108.146814742,0.190752029437123,1033321.36175104
201883.755056863,0.238436746572481,846697.323122102
218296.951993012,0.189994778710463,1148962.90032096
193127.102722146,0.140494783878744,1374621.15952167
184393.461085157,0.201356412091223,915756.588876936
159537.50837999,0.102596221537536,1555003.74174716
192026.508144392,0.143469434579817,1338448.90869464
215701.749188831,0.359447271572723,600092.882177268
193796.263279196,0.362405730592834,534749.444944424
185275.673580745,0.147026407588941,1260152.3537101
197240.775464715,0.193616541036891,1018718.61984733
184129.739207181,0.205246887141827,897113.43139614
197435.074861778,0.0513486511549761,3844990.4801958
174370.610005892,0.181020834006456,963262.659587975
192539.917099881,0.411878152973559,467468.147338812
191918.470118003,0.225545504449307,850907.982345256
218842.324673853,0.300529267253214,728189.72565978
196896.581992345,0.15976762576741,1232393.49052472
166899.699435365,0.148637942617802,1122860.66730969
180262.853650067,0.179878590975509,1002136.23351436
187807.043918399,0.254173959254743,738891.759285899
185691.62210417,0.30363611154557,611559.742215646
191270.863529924,0.080971052481922,2362212.88555719
197591.310017541,0.209057678526516,945152.129355917
166132.44557039,0.227341617460813,730761.254476545
205442.158514987,0.171335728180696,1199061.9860577
183076.61805253,0.134730640696184,1358834.31642966
181792.922840659,0.297586064133915,610891.922542621
179425.228104891,0.135476865569205,1324397.54456259
171644.813470014,0.168164799328288,1020694.07007666
197542.472191631,0.208423203247799,947795.010888344
165966.997805334,0.184873454793794,897732.98167902
200385.811568619,0.154442760466152,1297476.23626901
176023.628818642,0.0782735555580658,2248826.28064675
187333.513619093,0.171121899524843,1094737.22614852
181377.049421167,0.164596902183765,1101946.92011073
192648.528214441,0.179324855163963,1074299.08719734
180048.470498311,0.152749102209174,1178720.31910049
186915.966961536,0.222227046730666,841103.590725722
190670.863029145,0.0786236650364547,2425107.79598914
181910.089723403,0.281510773106574,646192.284991293
186968.289430643,0.253145816290519,738579.417074273
172587.573314674,0.135574415876063,1273009.89791796
179372.964637139,0.129045975368315,1389992.70705796
177972.135634958,0.033187760312189,5362583.49345718
224835.88784005,0.22900681134168,981786.901982546
172778.732387478,0.0859951096872386,2009169.27736785
196302.840666019,0.21157694579504,927808.27291166
172443.776140941,0.346658459374339,497445.74660654
193613.201197115,0.178694435184373,1083487.58033427
189750.276128853,0.256489521496768,739797.3804994
198784.256384656,0.200156954969716,993141.889147607
216447.434960155,0.315629704411376,685763.830003935
185483.150574228,0.262934235661574,705435.52499936
201023.235555867,0.375121696401781,535888.053088129
215990.35353802,0.272431653133407,792824.002107608
184791.915682847,0.330773741380605,558665.615086467
189205.673222944,0.171567099901312,1102808.59985264
164614.487218564,0.0595869657912188,2762592.20506949
184593.014844949,0.162371626598099,1136855.11879395
162708.013622284,0.13763650341355,1182157.41890364
179755.924284266,0.208549259103752,861935.089373003
177329.967582342,0.0380044758534063,4666028.50323085
165413.485983155,0.0734340901291858,2252543.54880899
183814.321795532,0.247485546908173,742727.501027504
181654.724431926,0.123459645670174,1471369.23523353
192579.226161249,0.122135392615313,1576768.38824116
173910.251110503,0.128621703195725,1352106.57913511
175758.292415851,0.287268579837564,611825.673783166
191637.446559372,0.153858839094027,1245540.70268434
191251.338477271,0.194855602115687,981502.899586762
173427.224816122,0.224429963191087,772745.413982268
176437.967138903,0.120099618230117,1469096.81928246
191022.083839984,0.13876137921954,1376622.83925385
209303.23269269,0.340347752771388,614968.751779242
197864.570907056,0.221946197248946,891497.909671867
228006.479992751,0.132882324177187,1715852.58915794
173508.326063522,0.174047594614872,996901.602963584
203890.40612534,0.129404017988167,1575611.09226132
193020.582936409,0.127811762197236,1510194.20762343
173509.338583595,0.196279147394566,883992.726108603
172175.247066621,0.0659741296577829,2609738.8167107
194901.090556403,0.0338959217883716,5749986.43710777
190057.161685966,0.125134087500671,1518828.04663395
181708.644882018,0.30262594242289,600439.748909886
171433.066685057,0.234075720215295,732382.950813433
180924.182601237,0.226562437195345,798562.130779172
165612.412052448,0.188969734724173,876396.489068379
184287.619000503,-0.0173005436542915,-10652128.7817906
179497.538534816,0.161358703508013,1112413.11830386
178862.119098378,0.199485957910938,896615.084948649
190686.929642438,0.099111470654066,1923964.28369026
207606.944379147,0.285424692601727,727361.541451619
201368.916720846,0.0481404898770258,4182942.82495338
208080.318900305,0.224248582290778,927900.26485203
207194.389124785,0.194359946161547,1066034.40274968
207287.689975111,0.336657151649178,615723.411665766
164659.389464053,0.107778246164184,1527760.89168513
177444.417441285,0.147771273427373,1200804.54966435
207907.861668326,0.197009763240678,1055317.55507129
198923.060705671,0.239589226441279,830267.135381504
179049.096746981,0.106574016876353,1680044.5549004
202550.93318482,0.177890276485842,1138628.46911108
175149.327072785,0.25349493836889,690938.163104088
174337.469590483,0.155613798523196,1120321.40623118
176460.524549892,0.115868922282723,1522932.30206564
198669.065754375,0.195547608197429,1015962.64759114
162582.506198719,0.223417320172269,727707.708933922
162993.499815103,0.152590044517498,1068179.12223895
191736.580280572,0.136420179532519,1405485.47097366
167800.177111314,0.0772561496633134,2171997.67063977
212932.926705997,0.121546904650762,1751858.07748715
192257.377121576,0.0858458468013614,2239565.27059999
168320.250349789,0.107171269551875,1570572.51494363
178373.392119699,0.117486188974314,1518249.87836397
183024.64549441,0.0219770212488589,8328000.57031901
196661.699987857,0.208776549372674,941972.173497363
171062.315104274,0.293515603969395,582804.841687771
194090.201551133,0.156793510605686,1237871.39404796
193144.015659271,0.0782721784598108,2467594.73748953
179738.899415841,0.0701802970409847,2561102.00432573
189497.319109103,0.129210580389565,1466577.41601173
204139.596889689,0.181118042998159,1127108.00928743
178161.867597638,0.191552267142349,930095.322052439
194025.401229075,0.220028386756214,881819.860107644
184076.296857688,0.260645354982448,706232.792332263
187503.006683311,0.195666386168284,958279.09103431
180532.486804371,0.237836237494959,759062.154303539
181347.738537207,0.131814336576122,1375781.59741736
187043.171578406,0.191370488175038,977387.753786391
187402.738142252,0.195336080369774,959386.191160872
164647.748962793,0.143828534210117,1144750.2393528
176966.916548279,0.286292858134567,618132.487486288
176047.075075844,0.218039966088926,807407.367711862
191259.4916829,0.144033473016016,1327882.24624447
158360.639856527,-0.149598640973598,-1058570.04332329
184997.36072839,0.228690975212282,808940.363985358
193001.641534584,0.19885040768821,970587.105042317
179901.458018626,0.275928867888664,651984.909716715
208278.677137043,0.156980461594118,1326780.89376218
185002.46019668,0.00900934879627713,20534498.5947405
173234.05899831,0.18024939635771,961079.828830727
178145.47857719,0.333562636105802,534069.045193311
175731.1027551,0.243376403713216,722054.809233575
178968.734056487,0.3069230498557,583106.202485051
197768.653394031,0.136284200407301,1451148.79643405
180243.299165171,0.0863783253047511,2086672.76807295
200580.374291602,0.148668412232291,1349179.50141419
190249.637455321,0.180649174532146,1053144.23909236
203194.181994056,0.0799692843067883,2540902.84482898
200336.386901683,0.196071770474375,1021750.28264901
189735.762939716,0.108979650911085,1741020.10195021
187509.448608842,0.167927770966341,1116607.73873087
184094.501086925,-0.0467459966587129,-3938187.52931886
198776.358591923,0.0928902402176016,2139905.74387875
187507.251342495,0.30263523836768,619581.68636888
174986.983889342,0.139313108804092,1256069.76537589
160977.95680995,0.223557099003397,720075.352236988
197301.870525606,0.444512990204004,443860.752944603
183100.747485477,0.276941812416906,661152.412803013
187716.354360918,0.0889137488140934,2111218.53329351
167710.198127828,0.265632672751156,631361.332139057
202677.4083566,0.0763239603371388,2655488.62324927
182927.095195109,0.185311469455342,987133.153348568
188364.032003423,0.131560044029367,1431772.33933865
163774.976724329,0.137249167370697,1193267.54297888
188993.406515933,0.154619009512518,1222316.75853953
167851.760316952,0.115074936433117,1458630.05029345
184644.024839423,0.0363888533645659,5074191.89578595
188358.782920638,0.205647117151173,915932.037025222
179870.054798445,0.164030778322097,1096562.8319171
182640.280944944,0.142456648048342,1282076.22071078
165177.991361932,0.165024175348499,1000932.08169717
204657.765738224,0.211828478282607,966148.496167658
179227.90335851,0.2017679030709,888287.485921536
173411.092658834,0.198556426218521,873359.255912406
179031.259033331,0.0950934213009247,1882688.16690046
184082.251571586,0.256739608759247,716999.813395393
192060.612322988,0.352981974742069,544108.838598147
181703.846282119,0.0610007799767253,2978713.49106435
198964.420495329,0.223980034877523,888313.195433365
213298.810523018,0.237008094315849,899964.244422664
193111.632560891,0.0334854888938338,5767024.4317816
188017.983933353,0.289854067176018,648664.294295295
173496.838502501,0.186230522672754,931624.075433495
200922.524595303,0.0921351444913078,2180737.0651517
178574.662685009,0.208797427688273,855253.173672303
195820.749524426,0.1912900274263,1023685.09304475
163035.516091217,0.123758685809061,1317366.25211708
181833.651505504,0.10862162817756,1674009.62917134
205879.626324182,0.16393418611132,1255867.56007303
196876.684306834,0.126087420344605,1561430.02821977
178694.768316751,0.215520820005689,829129.957430721
177811.466924184,0.148456738560897,1197732.54247564
168425.05164433,0.402416874391449,418533.770232745
190784.58202385,0.190252154093105,1002798.53825195
214698.635652646,0.0905274182486979,2371642.0925959
202193.150044729,0.0381621103969723,5298269.61720573
178329.224819816,0.122143894124412,1459992.95419692
174903.790158489,0.201536251746894,867852.74928179
190422.652300231,0.259355896352746,734213.700085844
187525.022420714,0.093955105421611,1995900.29279645
194329.032243111,0.121936824126394,1593686.18655902
198822.99174717,0.282526726455071,703731.622993154
190786.296633387,0.152438507536689,1251562.34941141
137630.759929158,0.171779454584501,801206.176035766
202462.749316531,0.214215894187499,945134.11380819
213146.867616778,0.293770660228677,725555.327583975
209386.011968712,0.259605530037045,806554.513452904
159222.263743297,0.182461904683869,872632.914904417
175717.544597864,0.187339527055547,937962.998837738
177861.794740254,0.215896409227692,823829.332671646
199506.822068268,0.182710897117813,1091926.2354649
201260.099781219,0.0397171382827842,5067336.38129355
168523.358679817,0.168799931042205,998361.53746817
174780.967521319,0.377651916281533,462809.693228255
190730.561046273,0.15669491388826,1217209.64844005
171642.915552553,0.180848554012638,949097.527982219
182206.038284631,0.207159227707051,879545.846455333
194073.243841665,0.145386952295235,1334873.87126435
188280.476135289,0.229143892645204,821669.18769602
160465.336948822,0.233767009918588,686432.773404194
173718.101287253,0.31193837428631,556898.783885459
208935.296423008,0.0929695755057978,2247351.30053356
207819.23170107,0.286829975256953,724538.052603803
219842.996501105,0.257235614760508,854636.698366141
189129.430493591,0.152434745334157,1240723.89191187
185412.658308656,0.105684569730409,1754396.68043902
181918.625083872,0.189819906990835,958374.851024741
167375.546476522,0.463613459256524,361023.915796005
190752.196386948,0.154201110625361,1237035.16539767
190192.108019011,0.235494480866733,807628.727938816
197740.305471238,0.14145693802146,1397883.3999732
178915.564338066,0.157966648434195,1132616.06871781
192461.429526369,0.155800934684071,1235303.43329863
164164.835661717,0.267880374526067,612828.901527994
202066.300162639,0.278801264771359,724768.233488292
205478.888024853,0.203995851853483,1007269.93298097
174029.107356323,0.145862022002346,1193107.73954254
197367.803671804,0.260055698809969,758944.351440751
186647.013597606,0.226941557314521,822445.284179176
177912.910531341,0.168941818738658,1053101.66458289
199722.401016995,0.167601744559505,1191648.69996974
180711.350788618,0.0405217805981316,4459610.31625916
187620.954663889,0.259969929758822,721702.524741794
205134.942178758,0.212535850131168,965178.0725565
197139.248354599,0.167796908245145,1174868.18092373
169044.266729347,0.0474451227152023,3562942.97612139
217113.719672771,0.235299371009699,922712.707395304
172976.634273158,0.206303271878656,838458.026855239
204267.731032641,0.326372652254408,625872.693749516
197366.095988157,0.186745171296967,1056873.89193212
184918.797804174,0.297270728724612,622055.183830362
181428.664889903,0.239833924596087,756476.237444116
177102.097560394,0.266290130243283,665071.955158808
200698.98419865,0.185642673917967,1081103.71372552
190965.779017876,0.117126964605787,1630416.86993773
191371.677436065,0.238367575942632,802842.738486052
193776.197050746,0.100117940238631,1935479.26164761
189601.380119991,0.141633600963154,1338675.13662464
178333.032104604,0.131434180129151,1356823.8636964
178541.64214193,0.205186129892461,870144.791148921
181181.934652273,0.137157277312915,1320979.3763908
205105.677568888,0.306998021705845,668100.974818049
178572.128635514,0.158095865169165,1129518.02024954
200471.263857949,0.283524588579952,707068.352914362
198694.86450574,0.143745945021478,1382264.13604955
190087.642639491,0.184482802710765,1030381.36805366
197989.160170486,0.0779886092955758,2538693.30353244
158813.823621346,0.0436079402698785,3641855.64918884
187215.72775014,0.189656962718097,987128.155312781
182874.815133384,0.206900847869772,883876.58637576
200801.839086954,0.230822565014584,869940.246415104
192683.634459327,0.185216835659945,1040313.82337776
192227.055198955,0.181416366566228,1059590.48148382
171816.475474713,0.220799759748849,778155.174037089
212558.157042613,0.158888067692879,1337785.52492359
187025.634134519,0.290601271806991,643581.609163556
160114.475049927,0.206437294448046,775608.280848801
170597.580676559,0.131827535975231,1294096.71063421
182294.124611066,0.14040623182547,1298333.57281224
194665.763412687,0.132379371303753,1470514.33690536
164012.10986801,0.141123394168169,1162189.37926454
188212.23862547,0.29152302339077,645617.06460207
162292.769973134,0.190965181289451,849855.292348519
179212.963225975,0.371907503704291,481875.093782647
179881.778896288,0.413984028856109,434513.812992556
178164.289739891,0.0990626578836924,1798501.00477891
186941.680742919,0.220669818129093,847155.638808555
166965.419414321,-0.00340590011070196,-49022406.4087155
197236.235639436,0.176503203745271,1117465.47062164
181969.588992063,0.0162768982641944,11179623.1713481
171245.428808569,0.16540045562833,1035338.31365841
165515.967801211,0.422512681109288,391742.012018802
201739.097081776,0.223271555384989,903559.330403357
190335.775176841,0.130957901878895,1453411.91670019
179437.114714466,0.0914673689497826,1961760.9730633
199076.046322296,0.236285114270717,842524.705531006
194053.027097946,0.242404983689796,800532.332892439
206309.478198547,0.23360623849642,883150.550800504
188859.522901743,0.159595810617266,1183361.40636332
202955.495246941,0.173442369710844,1170160.99114247
184538.549367463,0.175034892629599,1054295.78408675
190643.030391008,0.152271048018957,1251997.88713133
198195.418430192,0.261657480175163,757461.312772381
186077.076593926,0.0255201991924738,7291364.58499124
170589.733331087,0.213557149116347,798801.323378544
190615.075070523,0.171399372386268,1112110.69455348
170360.626635396,0.339075965438227,502426.1345543
201754.418396138,0.309599534459275,651662.538021929
206979.397293385,0.383920336086405,539120.692077127
187233.404163419,0.336092925608339,557088.203580961
181763.222309251,0.0823489126752324,2207232.81467102
153379.414250439,0.0458712555433264,3343693.39652299
181038.761737188,0.22046151220349,821180.803523138
236384.053216101,0.17658135668032,1338669.36838665
184715.688009023,0.211344280149491,874003.724531211
205375.642722803,0.291944110375315,703475.889473429
188127.376032388,0.20556208457789,915185.192924547
185582.463243095,0.201848055177104,919416.652690869
182342.08409856,0.149556739041394,1219216.76861443
209712.511219892,0.362178954044779,579030.086861324
198330.325223246,0.0293168083264475,6765072.20754748
183989.908772938,0.105317588342296,1747000.77801768
184142.364413716,0.151600940084378,1214651.86371026
208940.594692123,0.268253543788719,778892.206757531
197034.394673189,0.309017086071557,637616.505863895
222263.535235788,0.125328518635158,1773447.39773727
180519.574641831,0.284769285088267,633915.187116746
220710.434058546,0.379809135660629,581108.807913872
196927.938255444,0.102032741360623,1930046.52849054
182840.529687317,0.165340027716748,1105845.52459705
188204.291360909,0.374608802101233,502402.213469744
189990.039871164,0.0940829433659268,2019388.77626538
202330.907275681,0.21101689812905,958837.463111335
171460.91991403,0.25974006498513,660125.036635555
197430.073748781,0.303687867526334,650108.532016548
172817.637945427,0.206109801752507,838473.650821051
181320.710191343,0.22094992612182,820641.642085783
191853.460627115,0.149154267290475,1286275.37188382
180230.501910377,0.117082622968347,1539344.58710497
175071.041804377,0.172058982328431,1017505.97054094
179436.730374875,0.118771400557778,1510773.88607188
195353.47214888,0.300420987402943,650265.728229099
173532.24458365,0.179212355135795,968305.139744184
172612.87002268,0.174341000856566,990087.639594848
164284.578536801,0.308618815420557,532321.97885579
199301.77346982,0.12613820687854,1580027.00689832
189665.419926479,0.198664311865032,954703.027161385
202507.726594771,0.359019135860957,564058.308783853
174175.310187562,0.0667108895813006,2610897.73020182
204033.879872843,0.0788396109804526,2587961.52512005
185337.66162146,0.180896645577559,1024550.01876747
200273.994987028,0.20318057375946,985694.60298959
166419.653553057,0.233654332813497,712247.239540359
182236.844712255,-0.0113982813312556,-15988098.5050384
178055.927030522,0.214974654727042,828264.742448838
186569.533499318,0.209065864082447,892395.964870397
178296.233759739,0.299111549508797,596086.089128081
159364.985600559,0.228218840924149,698298.987740131
168783.755045327,0.131696906104509,1281607.59457315
179418.143120561,0.0545629941374,3288275.24876571
196955.014263691,0.217692836168308,904738.151839853
215745.780541901,0.279468277168291,771986.655258129
174361.159988504,0.209703475409556,831465.28519841
162022.982903825,0.101104052747534,1602536.97552967
179445.351619632,0.363266194708543,493977.56860807
190846.091732345,0.295024661893477,646881.825090448
179584.78762374,0.200772982751341,894466.900689309
206449.58597532,0.185741197886255,1111490.54881053
156362.999707135,0.36978298311429,422850.717440416
197188.682613946,0.0129028088501073,15282616.7468416
210337.982122944,0.27668380712391,760210.669028224
188293.999883491,0.302973976651486,621485.719547745
205974.131886764,0.150031820268742,1372869.64537134
160745.038332391,0.147441199556474,1090231.48764346
170548.272172688,0.358364678048812,475907.037214918
187038.643856049,0.223581650190274,836556.32605303
189043.030338392,0.20196755527568,936006.924876395
209614.669314426,0.274627261844784,763269.705659804
194965.180980464,0.232350569625216,839099.216735058
167835.376845839,0.0474434795757653,3537585.74089856
201072.084494428,0.164080025016749,1225451.32763055
183218.561353716,0.175346979969761,1044891.45684353
191542.649309592,0.193953396480292,987570.482319732
192939.540802966,0.216924630331206,889431.230139155
189303.712946241,0.211410414778932,895432.29525467
197852.422794547,0.12668341633546,1561786.28993262
203806.873610736,0.159174423555704,1280399.63367238
173942.238000144,0.0900616530726552,1931368.47998803
189934.491801446,0.0716646227351855,2650324.30999171
191039.8668635,0.222914122817836,857011.051828318
204742.447738483,0.123825635232775,1653473.8332139
194771.128463163,0.066770716538451,2917014.20264077
173599.679992431,0.233560425952798,743275.232883482
175186.760155281,0.155344778735961,1127728.66639468
171987.314391169,0.136280081485942,1262013.58640155
186911.237506595,0.444421982335944,420571.539967855
197312.728728011,0.12155137118928,1623286.73710109
204105.989672885,0.280005655663554,728935.239501492
182407.65284982,0.0961272238726272,1897564.97172453
194645.086081486,0.190904720039268,1019592.84213323
184014.186311897,0.126665849573705,1452752.94746926
172347.760789204,0.0666233772532779,2586896.19011657
198291.251149794,0.120773357681281,1641845.97461537
180672.796415583,0.305537784002997,591327.180712325
169422.576541227,0.0351892275488964,4814614.82227224
172570.971325427,0.0997575301520308,1729904.20936072
171694.113445488,0.173110913882822,991815.649253095
173933.883191588,0.102249139320292,1701079.19096263
157574.288261658,0.121213838613792,1299969.45945848
165128.916649392,0.119910071274799,1377106.31720804
205942.196697996,0.201914339624324,1019948.34582411
179819.786807642,0.0823234653929681,2184307.7906072
168273.668258848,0.160126774918442,1050877.77071983
178450.100470822,0.0992717818919114,1797591.39072492
202644.190473228,0.085519851686081,2369557.31889102
169039.14545972,0.16095715763806,1050212.04362861
176220.162007899,0.216594348077619,813595.38497629
179562.93556754,0.125651013543523,1429060.78115592
195247.24503324,0.0689530503395286,2831596.92097495
197907.824648474,0.233353641787914,848102.575696438
181583.288401732,0.203970011711111,890245.026111554
194734.661096173,0.14544941852428,1338847.98627549
158462.402943595,0.341447987103706,464089.433613987
176003.548532655,0.0450688678975422,3905213.43763891
197797.767037541,0.139591232584465,1416978.44037487
179343.233384765,0.279829322411333,640902.217963923
185537.612261144,0.226923548853407,817621.675663996
193557.474130754,0.18270071709342,1059423.72427462
197174.16729854,0.143624694762571,1372843.0728747
167904.290362906,0.172671567344239,972391.071357866
168743.447389201,0.252903630009393,667224.299560009
187192.262246606,0.28923950574986,647187.740697128
199746.532297534,0.155625929104274,1283504.19141079
179396.422163161,0.177187704295929,1012465.41274412
172496.003041297,0.164039543672471,1051551.34658086
184299.007509297,0.174325072003301,1057214.57843888
170280.907864577,0.358310816073278,475232.39664011
175625.655916058,0.175212141143569,1002360.08058454
213284.136379458,0.253676375427464,840772.563152788
170460.85658302,0.115718349740344,1473066.77778857
197761.036626118,0.11161781138686,1771769.52467462
186179.769740972,0.130700786388914,1424473.21768191
185523.887490804,0.427705000246554,433766.00082734
165976.056215571,0.126659925412038,1310407.02633949
220914.699147146,0.279026374761439,791734.112361322
183961.135464935,0.177400988531352,1036979.20168254
151647.355984172,0.175692988712003,863138.347727426
166506.203388823,0.0858840687071376,1938732.12919854
168434.383256062,0.136711560199135,1232041.99418629
205195.172185654,0.132800460565296,1545139.01015247
172293.286398578,0.196652876404267,876128.992104789
190182.574469589,0.192215345447261,989424.512528168
191943.430659992,0.0530034816297665,3621336.27373258
206172.240447709,0.211936513246811,972801.889061989
179313.702179856,0.219932463406621,815312.570970171
193270.326917697,0.314555547386901,614423.520816106
145890.563021842,0.263240374333107,554210.437481108
166568.106270698,0.144877584367597,1149716.2034954
199496.430419806,0.454602639439267,438836.9382674
198377.423651216,0.325957930243419,608598.243040358
183803.179544921,0.185236513056525,992262.143742864
183066.729540502,0.0390923700330573,4682927.36883686
196664.403965992,0.0776521420757961,2532633.34028865
186494.548764186,0.198402360681088,939981.500844928
188523.283224974,0.245229626168736,768762.266494082
192651.389754143,0.23459567745791,821206.050519441
193248.707567106,0.17511093007998,1103578.78562373
174462.193500344,0.034270744696358,5090703.31112135
151999.955051402,0.234156057232957,649139.539021963
174320.067947735,0.209659064653397,831445.414658871
187789.547105155,0.156178270789001,1202405.08590891
178845.758095071,0.0529896221569395,3375109.14052913
197367.423045281,0.220237094875177,896158.856241461
182378.375839867,0.385672351036853,472884.238005539
188584.847003848,0.170746824601702,1104470.59524391
198072.575495845,0.139291275725688,1422002.73824699
181341.842438831,0.133706979668258,1356263.09777366
194313.008082198,0.186646738079494,1041073.68862476
194556.660557086,0.240219041880071,809913.564863095
194793.469227674,0.168354013790179,1157046.77804977
154163.791328404,0.298771103103813,515992.978326412
176355.149973958,-0.0186765437262945,-9442600.97363035
168512.074136035,0.175025464890438,962786.039400153
180930.778014156,0.200048126626992,904436.25273991
164046.201714301,0.155921829728078,1052105.41718495
186813.541834667,0.0791185250187906,2361185.85110503
185992.230153753,0.243641291156375,763385.505268804
195261.224057416,0.151143023382154,1291897.0369126
169623.932327551,0.251647023198112,674054.992472582
196179.76090296,0.124722021951501,1572936.02070728
217032.461851229,0.201087274111783,1079294.86244158
196614.66213813,0.31282277731328,628517.730795632
199013.345935007,0.275034806018185,723593.311029329
192024.147225146,0.192113042885319,999537.2742067
200527.342760461,0.292869663675386,684698.238267259
192525.533115352,0.375644786294197,512520.179009139
215682.749493965,0.231499563659803,931676.699878875
192077.006195631,0.131247672474079,1463469.80921559
162506.03659948,0.241030203377398,674214.410984139
191652.426561997,0.279060330333823,686777.752798955
188097.644629411,0.0880102285388382,2137224.81752681
183322.517635617,0.154441332524644,1187004.247107
177918.144604239,0.217585002881714,817694.88819485
200459.035903606,0.157604190551832,1271914.37741423
190671.425071019,0.339848667058716,561048.029763426
212086.871048924,0.24615311709223,861605.465550362
190328.052847136,0.266278010574289,714771.949950544
206193.492880807,0.265188438969018,777535.754131786
189642.34844411,0.4322662640989,438716.513858506
175301.671051256,0.290110355026004,604258.579586181
181730.210965791,0.143308049454469,1268108.88612038
176492.407294709,-0.000891471143595335,-197978822.492121
169675.856657245,0.187298624677631,905910.851984537
169270.958883505,0.200773530701982,843093.998953287
220720.564900508,0.242775995780224,909153.164797719
199980.561681752,0.265761560272597,752481.139396637
186615.928588529,0.050182411895338,3718751.68092241
169926.865732134,0.105315484068271,1613503.15421784
179402.331429779,0.200967974703154,892691.144918841
176738.661491845,0.290111746124915,609208.912953651
170603.892866299,0.185816531617208,918130.864791688
198713.997378811,0.193066600873533,1029251.02777863
190985.389546338,0.0751992475802962,2539724.74049568
200303.182406619,0.116387852812036,1720997.31687726
170369.14378411,0.20400414159134,835125.907028851
191751.419881584,0.186476234443918,1028288.78142781
178927.535813489,0.182949007806828,978018.618184663
204164.0653363,0.24504248950115,833178.220446302
198995.448197858,0.240078189644234,828877.660618588
176147.744081005,0.242426398954005,726602.980702711
187457.02156473,0.238517430815642,785925.879394624
186179.031232081,0.306079615595026,608269.94594248
172401.510836963,0.129175515946129,1334629.93798965
172819.955034165,0.147293203910491,1173305.69534754
202254.357315405,0.214003272084091,945099.368555124
180551.578073591,0.256213178144652,704692.785051265
150179.934239489,0.164207678528823,914573.152638095
200445.577748011,0.250481266621746,800241.792336132
194588.255976329,0.156412230330893,1244073.14929704
177318.646559274,0.192763634542755,919876.028379952
208797.433600777,0.209996019244121,994292.341123141
175271.358200727,0.259771290958451,674714.12084856
172978.816744513,0.101100350057778,1710961.60048563
161322.188135649,0.167416500716555,963597.89772918
159459.371633638,0.314816659761897,506515.035621815
190087.408918093,0.0784379203929413,2423412.14511852
185947.955565868,0.10688808866688,1739650.8618035
221823.57540069,0.278851054228757,795491.256126706
164819.435561572,0.044860117196816,3674075.01051447
174668.190142917,0.278801556650114,626496.466668295
204141.201705785,0.232580521265473,877722.694037532
201019.078257846,0.194883500201146,1031483.3120832
211147.952018343,0.239603879086223,881237.619455902
177808.11938683,0.172077273331638,1033303.91018079
180156.854596545,0.185687484516068,970215.386707741
188704.447835757,0.174553142490032,1081071.61603541
193059.393797583,0.268457314089606,719143.728500329
163097.398263978,0.0442351601229382,3687053.41657403
207248.475667864,0.240143275328131,863020.109077301
194083.133548733,0.164133720803697,1182469.59002931
194127.104832171,0.153884646369121,1261510.54970437
186301.310858125,0.138786482160416,1342359.19779845
202472.359031092,0.133325664090439,1518630.04330321
190213.805692463,0.231629651953596,821197.994678891
167866.908597339,0.0447045223888752,3755031.92131435
195037.258848013,0.237325793735497,821812.310318806
170060.484103225,0.229654585830639,740505.500850906
211699.02531699,0.325581193451394,650218.838111712
164721.25966182,0.0587650768027409,2803046.78601453
197485.997238412,0.257836848309713,765933.956038714
176575.388950818,0.242250211937968,728896.736717956
173724.762205344,0.212299292375794,818301.18349067
179330.719095723,0.145796854492739,1230004.03348657
168282.473067855,0.179775264682516,936071.340876862
180730.997972645,0.335011734069084,539476.620049898
185991.660721939,0.100974241798553,1841971.35238705
175782.130862926,0.0612347169085488,2870628.61947168
177645.410266102,0.23167502682809,766787.049507584
202106.66605757,0.0774941780788763,2608023.86795894
183150.216480656,0.217062967193983,843765.377614966
201955.511964843,0.332046941869877,608213.738779094
193614.911582186,0.21382260982247,905493.164370871
203074.763399659,0.279863753615307,725620.094693649
210370.480733959,0.134580833650251,1563153.34827447
181887.267831625,0.175776801969607,1034762.64099443
204769.85340102,0.1369422230161,1495301.075819
188157.045732706,0.0840012840305512,2239930.59039757
190103.994926373,0.173228009822046,1097420.64878344
194418.716679099,0.346929310848651,560398.647792301
186329.851588627,0.178264252928667,1045245.1825167
179787.839281778,0.20076744676082,895502.942247225
203887.386263481,0.0861799777241221,2365832.43170661
182074.59641977,0.277206033648794,656820.466795645
183676.021677393,0.127279261693819,1443094.65055855
193658.620337264,0.125229314120486,1546432.01312227
171867.536101929,0.176745072083649,972403.55318415
201169.283450063,0.268490386581059,749260.657008023
179325.974421794,0.281303545037922,637482.099266184
198263.21787044,0.135274423526143,1465637.13008264
198188.755401052,0.149863669223381,1322460.31628679
170454.77708071,0.254860346161577,668816.391596065
185132.173575973,0.203228811981538,910954.366021638
186267.207626678,0.194625522927858,957054.372029727
204023.136962932,0.132540203705422,1539330.19007867
177204.31888245,0.0935496905891764,1894226.66998059
176100.362251356,0.332650918089586,529384.867664579
171972.783034748,0.186343729607051,922879.365983461
181723.191919911,0.170833597670469,1063743.8677048
153526.356002955,0.199940800839663,767859.06307373
197211.243761736,0.23103870201079,853585.317288208
200652.259813653,0.166183831121248,1207411.44586597
184369.827354904,0.186260870896126,989847.338670093
199663.227674126,0.240558633363178,829998.179166112
173051.037643569,0.296187758447466,584261.275856417
182728.299190016,0.114781094184942,1591972.09686461
171855.613101447,0.138195811375767,1243566.00529778
186086.272410373,0.138091774135078,1347555.08484052
185220.393503086,0.161366689215972,1147822.97637147
206259.186189068,0.252673164770931,816308.239048887
188090.86380694,0.231253624573609,813353.149183052
181354.276048056,0.307986169601556,588839.025735068
195036.019919527,0.215483873164523,905107.268842418
153028.043376352,0.171463282461061,892482.875516533
165264.954373556,0.156184162268836,1058141.56808735
198223.509094516,0.155476757574937,1274939.81857048
219673.935652034,0.45915241428569,478433.585052108
196175.018570173,-0.0199876813731708,-9814796.16907923
175107.334743335,0.23579677987281,742619.70344883
167185.694634017,0.211956264406733,788774.49129409
193767.288379015,0.068601356939626,2824540.16980369
198099.844777725,0.0656383701159706,3018049.41877319
149469.275038354,0.257623112899405,580185.812352627
209433.932625611,0.234628912282802,892617.753660199
176831.317644655,0.044210737547415,3999736.88416774
188840.556450358,-0.029275227545524,-6450523.95089684
210555.99256248,0.223381670339131,942584.018835658
178038.985149717,0.26438473244243,673408.723359188
174442.140374223,0.0916481550926534,1903389.5466621
179743.120949201,0.102710909980631,1749990.54124919
170289.910379993,0.229138824003376,743173.53735517
194632.493183603,0.0429780890113495,4528644.65733237
215624.552706179,0.259085657290637,832251.985544285
176608.815878957,0.271454708299221,650601.409662358
214189.835048574,0.262309693216146,816553.259707712
188372.792472804,0.238494174512647,789842.321548256
180438.757282587,0.183167062773613,985104.824799215
195285.808752601,0.142405467224825,1371336.45609469
181591.812713226,0.2219432840256,818190.167413583
192847.19340056,0.111247981940237,1733489.36346691
183830.602582997,0.0753931348000471,2438293.65990074
191318.460361955,0.308830637620373,619493.136549266
191993.218885052,0.249163863077415,770550.016819252
204120.778840313,0.349026291521808,584829.234354568
185240.678245913,0.0935714061009422,1979671.84597056
178655.562309143,0.259867918084767,687486.026077551
181414.68127811,0.195253241372184,929125.068568282
175466.190962965,0.203218985392239,863434.046894251
193657.619809413,0.126116566327967,1535544.65878658
192046.372683174,0.155472661509335,1235242.07290709
206350.674714834,0.0809096761929005,2550383.1485231
220898.522887098,0.25171962336272,877557.815859238
166417.787992302,0.342570334213123,485791.59189181
188754.866681516,0.188296863101208,1002432.34843515
188773.145287137,0.10952950712859,1723491.23296531
177063.882083334,0.0742195424433417,2385677.3600902
181075.512418188,0.206762100083485,875767.427130377
180561.311324073,0.157714300466921,1144863.27992777
186923.911183723,0.253327747685888,737873.813236984
194727.475483388,0.220123081210865,884629.973432228
173002.111935977,0.131825017151334,1312361.7631498
205577.693068598,0.272514730769458,754372.772760356
204617.574305015,0.214682368395964,953117.742429665
167044.321689997,0.165650344628073,1008415.17755399
208387.870336184,0.173001354699191,1204544.73144746
182067.733371327,0.0879694644014425,2069669.68152123
190119.34264927,0.15899742190961,1195738.5243476
176675.24190758,0.176666744009532,1000048.10128865
183216.951559808,0.197344630475965,928411.130913046
190289.761735303,0.090686381555653,2098327.8687608
188975.553188454,0.303818339953131,622001.79626288
195379.008486042,0.2878348053831,678788.683064224
185118.21430728,0.268310555784358,689940.109758708
195909.034932399,0.135205767433037,1448969.51255742
191716.114055469,0.243389705919551,787691.958175251
169153.810091745,0.104311196432817,1621626.59308284
184356.799595404,0.134535877989081,1370316.99165309
192297.222533181,0.186599031748442,1030537.0865612
159473.487913826,0.404964044414431,393796.659514355
177068.09613375,0.180005235976732,983683.031068265
183689.71075668,0.271126206324351,677506.292169078
186784.084048784,0.212189044935536,880272.042816961
177263.541592267,0.213879889028613,828799.483660442
170050.576350466,0.101205434935602,1680251.42581197
201581.425641129,0.207458975224126,971668.858497696
184056.383940091,0.1277387854953,1440880.96051972
160470.390623298,0.176619736314503,908564.320000748
167829.641228446,0.08111995254188,2068907.04406909
191766.58591289,0.154535090923441,1240925.82964147
171457.74819104,0.176252138387285,972798.116152724
185104.922344775,0.322149804472525,574592.688789175
197980.615504153,0.233781060382984,846863.365149505
193835.83144455,0.234858545985549,825330.117884987
185746.063147243,0.193275834962188,961041.317884264
172802.841163116,0.124358340032256,1389555.70746839
169642.452524613,0.122896248435391,1380371.28622195
172437.991272835,0.175814921380359,980792.699043909
215106.195464328,0.274556533814458,783467.770647536
217697.458687846,0.124450491995702,1749269.5705483
174640.817543975,0.252252605049041,692325.129843646
170953.704448774,0.201199733775063,849671.623521613
189168.313623862,0.0975520100700153,1939153.41660404
200974.613836258,0.138420358685802,1451915.1354928
180639.059855828,0.254980854793335,708441.65928551
196229.918831914,0.376971973516685,520542.461025233
177410.072271976,0.28811432678464,615762.757277207
183814.696752783,0.159620178365948,1151575.56290513
173281.025050188,0.114162369707225,1517847.12856412
196918.578230165,0.164356919208328,1198115.53525509
214072.810257318,0.230813314849925,927471.6685929
215430.0348573,0.370099283333465,582087.144068296
172619.021301667,0.0152545849729101,11315877.9218322
176617.670384313,0.106227194451885,1662640.82653817
191527.029557661,0.00845724167468631,22646512.5303121
174811.894570314,0.237420105055509,736297.772800001
168142.105425325,0.0464949758890596,3616349.98642701
192209.791788021,0.141852730821842,1354995.35803385
187987.974458838,0.157071693991732,1196829.10193057
190651.272358605,0.171201338602716,1113608.53784575
191527.383900023,0.116085808835973,1649877.6708413
196398.572825653,0.260077507618796,755154.010140396
183399.383336601,0.304786692117573,601730.285736535
185163.523363234,0.317503714500808,583185.37675805
170981.70742286,0.12735179176731,1342593.65376867
199259.399517499,0.212587738842783,937304.289523768
193387.730026314,0.186711338726379,1035757.82459425
194203.241653862,0.027515037589648,7058076.55254403
203013.452025197,0.243965329644592,832140.584569727
172653.690111233,0.286973251505377,601636.874536366
220858.457452055,0.306087311879155,721553.781815207
206124.394976135,0.21828080056605,944308.406610246
194950.62473879,0.181407270375559,1074657.17517932
188311.241352698,0.24913272914873,755867.131533242
182878.79033951,0.242382176645565,754505.933028786
189173.150243362,0.304835342680341,620574.860447641
201471.902912249,0.141445145525281,1424381.8843273
186092.528908303,0.312849611557203,594830.62159493
205814.256056724,0.261773510691891,786230.262614188
177687.885822283,0.148218373260558,1198824.9628804
177679.30223008,0.218416147557381,813489.772698245
199063.556505782,0.160346531180376,1241458.45276723
171951.175168053,0.167141318367663,1028777.18596074
216725.220359915,0.317536013402395,682521.70214555
213863.263319298,0.404012872852578,529347.646299714
180438.950298313,0.273782111487578,659060.408723962
174043.803552199,0.142603472385185,1220473.81204078
186206.81454611,0.156889033341439,1186869.53817139
175356.623788761,0.105183133973484,1667155.34291807
196904.970786799,0.194763165936852,1010996.97080628
165715.523245749,0.064769474147899,2558543.59520263
204182.560967036,0.217744635911837,937715.687516216
175363.994683565,0.0865894483878492,2025235.15218712
195424.092671445,0.160937471073526,1214285.84261874
173466.315731925,0.146640941260676,1182932.36691356
191462.333377514,0.237439355180791,806363.095249017
178478.612609548,0.241720262395928,738368.438129557
204206.914424038,0.158249649838328,1290409.89747946
189462.404364472,0.0327112698528196,5791961.15641292
175959.168381527,0.33270582896883,528873.115709709
166573.509993057,0.166208636671305,1002195.27293563
180178.134027315,0.219220686860077,821902.971877461
179385.667661405,0.154456230975687,1161401.30137995
164672.88293481,0.302396640241757,544559.234531041
187020.295375756,0.238867630006697,782945.329890503
208340.826188892,0.0606529161456972,3434968.00200713
194983.93210661,0.193674472290201,1006761.13790797
191162.32840594,0.0975553602615616,1959526.65126143
199221.948177666,0.254917363049307,781515.804943941
187156.81957221,0.270999147396995,690617.74315488
200824.709105323,0.290085166065777,692295.686225425
188077.347879714,0.20188744163014,931595.082691047
177733.357294934,0.162381233466702,1094543.70742528
186642.283698118,0.158592014377275,1176870.62889632
192748.027096892,0.139301936266126,1383670.83949689
195466.716014994,0.199151225214043,981498.937829335
188363.088817441,0.125766008944844,1497726.53515665
179368.456713931,0.117696948189171,1523985.6213233
177333.018777728,0.245211285859574,723184.571852384
185651.539527578,0.230962810166897,803815.728573025
205258.845192549,0.0625449354609326,3281782.02887041
182124.26490908,0.171566883956938,1061535.07430252
196019.39298255,0.144905716539117,1352737.47416055
212603.668687097,0.278639532686154,763006.119905331
183462.748960818,0.141801331944972,1293801.30951106
187560.178347981,0.0326834206786825,5738694.86281514
166825.306772597,0.249760024734534,667942.38569568
185177.225117613,0.186653080670307,992093.055483499
181336.129976891,0.227140785736643,798342.443823101
196492.379239689,0.328046551722095,598977.121412172
179632.191432108,0.146434894702805,1226703.45614464
188001.281524829,0.0920975946320749,2041326.72819398
166489.013090285,0.0344375809816055,4834515.32728775
187476.18428844,0.419462486070807,446943.863906803
191704.725680069,0.14147065039238,1355084.78365202
159190.984592287,0.0857164520872905,1857181.21452546
170991.140061307,0.0391969964906641,4362353.12320506
193998.734611288,0.0797047349747044,2433967.50108832
194748.2515179,0.3455921631929,563520.450575719
187577.648077554,0.172559993043558,1087028.60245367
187395.33881139,0.222891915948875,840745.336203103
208116.055872452,0.329847200497373,630946.861330446
192003.813753616,0.177335178537772,1082717.00706422
159313.547757675,0.278919358794549,571181.39252222
212414.030306806,0.094745027905844,2241954.38010636
214331.569799494,0.270886311811616,791223.330430027
195807.230271223,0.14929679846102,1311530.00124344
175618.610795278,0.232720971808785,754631.649353779
199845.115402618,0.209588228716597,953513.070015236
191474.497735605,0.146543456512297,1306605.5782541
175177.676209632,0.182577851651542,959468.383623918
197301.234604054,0.14564483567863,1354673.74235916
184068.963145292,0.158630356447865,1160364.0517935
181942.793904505,0.221115441780678,822840.740742894
200232.647567853,0.241371681071194,829561.47415153
187364.783768259,0.112984350622113,1658325.0931354
187025.204592962,0.227656501001421,821523.67171713
173754.809492796,0.306897074920061,566166.391576246
193847.913373659,0.0776956835648732,2494963.74160609
201416.595777546,0.266142517375879,756799.769399792
182368.995214392,0.187695124112136,971623.509545395
199599.976772442,0.274832742620701,726259.814857329
183430.007866159,0.220407911422925,832229.690313556
169074.46043735,0.354248404928647,477276.560981002
185678.491060632,0.268326002982778,691988.43569607
197694.977420966,0.0461042882510956,4287995.43210102
214742.468971197,0.240876000489406,891506.287612251
203170.176492175,0.106896816829977,1900619.51812207
190397.086798391,0.27628759423323,689126.442056844
172698.436820861,0.23270592676816,742131.66471225
186622.227752677,0.272102308024676,685853.159818668
192476.793072095,0.240737882764937,799528.478282888
192257.27524978,0.302976289281075,634562.116085
191642.402688612,0.145636282258205,1315897.38296698
144789.36452371,0.187786262673563,771032.781963417
218373.935600432,0.163538708399292,1335304.26978337
174899.914326394,0.2522648200035,693318.689161521
177826.306940625,0.249105969584989,713858.071072659
202111.358611231,0.274317489770225,736778.97381069
209012.377576048,0.229927094662772,909037.614216806
175631.413435659,0.152360060539317,1152739.19433982
175372.82976678,0.125969189181689,1392188.28751715
180690.245814106,0.293729494275996,615158.672640224
189261.272960587,0.228156860009177,829522.605425821
203337.325640949,0.191906876636805,1059562.47740813
170860.410624842,0.228675826709067,747173.031289483
200227.724797591,0.195978579537413,1021681.68210122
197127.540043075,0.325923553304778,604827.53714561
175903.927280866,0.0683826963643375,2572345.5878906
179390.798014268,0.0445545936073651,4026314.3144148
197806.656355221,0.143118821384839,1382114.90593071
180027.186123475,0.136404354603848,1319805.27048655
201273.057614279,0.0710017350079569,2834762.5250527
188699.63964441,0.117550011261353,1605271.13200242
177779.405811759,0.112983676157409,1573496.38335433
175011.667278107,0.347972751364345,502946.470928871
196593.14563864,0.330989616109818,593955.629029198
195544.827195032,0.15373685784145,1271944.99705919
197008.043880807,0.114366674025856,1722600.09796445
187503.851609855,0.272824219198813,687269.818495172
213754.159236003,0.40124230586078,532730.861411633
190282.012711735,0.133728338416325,1422899.70073019
209974.356099817,0.212826608512268,986598.23396901
195603.787510629,0.271355743280882,720838.94427898
184865.125308849,0.292309284864336,632429.87780784
189815.390664821,0.261015614117334,727218.52792873
207023.802337175,0.288664251297879,717178.52628569
202297.666722638,0.267225603480785,757029.506482844
194733.139596551,0.238476632519505,816571.156423987
171616.939379913,0.0681158198364585,2519487.24675051
168609.314642629,0.116302612968722,1449746.5735183
206611.44183445,0.0525167559446503,3934200.39219876
164109.625656044,0.26702901997388,614575.995043897
192955.446287753,0.196322003798455,982851.858449052
161629.10240272,0.3155612725443,512195.622420777
205085.432943793,0.296973099877124,690585.891545899
170497.860183214,0.283857576520872,600645.796645408
171244.126454304,0.311735493152148,549325.085580566
177157.413037802,0.186689071559291,948943.671732483
188981.469029092,0.241878994702799,781305.831295094
205379.949447709,0.323665026003036,634544.769893619
187314.664305555,0.34513442933609,542729.581241368
188435.066464821,0.305040916348382,617737.019415496
210984.298783249,0.239974934343642,879193.068060688
182716.532871083,0.0978632961103595,1867058.8477322
173296.068433042,0.278193658953846,622933.208056308
185720.793068052,0.082684529584495,2246137.14320361
186120.893753268,0.219072249262584,849586.81156453
172527.434083398,0.159606023824117,1080958.16153856
173027.44176248,0.19671845653752,879568.927125443
195845.014481077,0.118942033973677,1646558.47843008
174605.241362092,0.172965694073973,1009479.03164785
198776.720449571,0.122067046443481,1628422.4632371
183587.256579774,0.236924183820425,774877.657567127
176741.048439294,0.240653163052127,734422.295546603
179358.826366798,0.218099852512258,822370.232261927
189138.345967286,0.0821116572385627,2303428.67661012
174768.316376025,0.155346765538144,1125020.6322005
177974.715547907,0.0705947765830683,2521074.8466423
192189.910723791,0.189699379085084,1013128.83389877
206680.703596885,0.220118640124902,938951.392211073
186333.794660897,0.264179663963731,705329.819355355
169946.591294564,0.304013754303806,559009.547721756
192538.532751002,0.161521387513095,1192031.19608784
189164.682806527,0.210001485258522,900777.832945588
166000.903213195,0.171447008789022,968234.467231046
179778.367429735,0.362786184492739,495549.100584157
183867.290808468,0.247032761252875,744303.265186163
175606.18822338,0.437614071248383,401280.945382829
195032.81551779,0.366405268544248,532287.148306214
207399.858989909,0.33868569475029,612366.752433471
175189.025589639,0.213161141623257,821861.922184998
206894.426682829,0.200618334726933,1031283.74066328
141795.59336371,0.0909111690459147,1559715.87266793
179942.948612825,0.329894417442478,545456.179609952
188112.330931609,0.134311401522427,1400568.59506598
182152.309476985,0.334818878322719,544032.374725941
190408.912065719,0.0296114434738898,6430247.55728691
178666.863073782,0.165057118951116,1082454.75390066
166947.636632227,0.179060531315916,932353.073038092
187814.189857114,0.201870654651588,930368.954225991
171696.678903389,0.311972358209711,550358.627567809
179657.981472115,0.189167197158542,949731.159369788
184869.451037728,0.124910341005768,1480017.1831185
215465.791998295,0.208353157818192,1034137.39563434
191876.831879302,0.220658981926118,869562.753369122
170388.597537426,0.157522661565652,1081676.73047102
161777.27790298,0.217934130218875,742321.901303409
193280.662050954,0.20814432884183,928589.614362393
173321.403380598,0.230592284076981,751635.745638114
198346.092805106,0.293489631120916,675819.762516204
189003.889907006,0.0280379608036929,6740999.86194831
195370.688185962,0.0641690232584317,3044626.18044121
199932.951866344,0.194231552590249,1029353.62046002
174259.547275816,0.166508910393144,1046547.88061715
174598.05824468,0.164536708048082,1061149.57759857
159290.638659476,0.119932534111085,1328168.70618223
203159.487589386,0.136001204001306,1493806.53709091
196006.221927629,0.317273729163663,617782.702792012
206677.769778424,0.414967769503382,498057.403411761
215758.181922683,0.361541225369574,596773.387881648
199881.379954014,0.158810466426092,1258615.91148362
192508.073524198,0.237844587531335,809385.975616686
183003.85861827,0.0972450346627584,1881883.83348229
199089.616199545,0.354719612481767,561259.116197806
222098.393717039,0.254825117796007,871571.827918601
173718.863406934,0.166488581397482,1043428.09548116
189993.559365467,0.242094502467322,784790.887149997
196986.193295755,0.16395456582676,1201468.17688443
193450.243123456,0.3071831305772,629755.425566375
194168.991433393,-0.020737602104189,-9363136.12624341
164124.266047305,0.205859673442019,797262.831049478
207105.422624354,0.320964661638146,645259.268005782
178672.410097432,0.17497812415127,1021112.84461461
150858.304106554,0.0971956065412767,1552110.32139079
178475.910860619,0.00413080770074203,43206056.4883132
174011.624690893,0.169198431282717,1028447.03329509
181313.650784983,0.212613870149705,852783.737285425
196004.923605042,0.105181421733232,1863493.76510771
186534.070151005,0.216011743036874,863536.711146129
176907.830384101,0.165626417020839,1068113.61113875
181996.333992034,0.118602179959102,1534510.86695702
165543.567300702,0.260126841539714,636395.561184054
194338.785530547,0.28740458730817,676185.39895526
174042.0385238,0.173416561130611,1003606.79158387
187378.243289508,0.185768014727129,1008667.95376343
180062.484789468,0.180509248299108,997524.982715016
192788.36923542,0.237204422350147,812752.002367126
183653.612273121,0.308607489602382,595104.196951751
198536.027369132,0.225976412451626,878569.693248988
192238.979113413,0.21025901494421,914296.013250237
174830.120508548,0.124696909634939,1402040.52386205
190311.608916682,0.156303438059822,1217577.88106902
174337.617252553,0.216495321518494,805271.984769704
185072.58591211,0.345795847623698,535207.658460692
183284.101980038,0.173679187408687,1055302.62269566
180017.196888854,0.1512035224116,1190562.19073269
187234.005001553,0.201953187764698,927115.868157059
185231.314852003,0.142661248419723,1298399.64884532
205623.727161364,0.20788429300607,989125.845863495
173403.633415632,0.118691624763585,1460959.30324506
175240.81785976,0.126993951303385,1379914.68145687
182193.976617487,0.137424489036557,1325775.17948072
177935.297589953,0.155307924493673,1145693.61589274
172491.088544625,0.110179164748279,1565550.88195402
194422.296095937,0.121146102977221,1604858.02942002
174445.734820515,0.256442959964493,680251.603883642
191532.982067298,0.142657632091751,1342605.92482085
188652.636419847,0.20143653235316,936536.358206859
189242.763241885,0.334824112762147,565200.521792528
193542.445806494,0.0301442513363781,6420542.46585076
166937.128422621,0.210840694399171,791769.01261087
203221.65870084,-0.0476993012393734,-4260474.5440818
178190.676874511,0.222734101175715,800015.246582901
198904.623135325,0.155384103448289,1280083.47521547
189677.368835047,0.2600918286649,729270.772590961
183541.396961553,0.17712987955713,1036196.70165448
201512.101414715,0.20108066116462,1002145.60787495
171741.253122664,0.16396650750508,1047416.66902519
197885.9015876,0.12518453509666,1580753.57658839
193658.569982499,0.185400242231082,1044543.2414329
161519.577489609,0.178281131225675,905982.45803787
169909.601734191,0.112225543142754,1514001.15317831
217372.780372069,0.157752470889896,1377935.82024959
200876.785511522,0.355006013928775,565840.514329495
195751.108108808,0.157665486909283,1241559.65865528
199424.582256837,0.17085190785546,1167236.49598077
177520.515744183,0.105578951829553,1681400.62643142
202954.211846686,0.272444053329957,744939.041120814
164529.753741901,0.203582093904015,808173.99304024
174087.832645846,0.193166003292457,901234.325287945
207019.622458564,0.18555675398151,1115667.40642161
193112.96180445,0.226111227745976,854061.798388013
223081.255524436,0.286361425755633,779019.921889907
203942.394412203,0.218079072730028,935176.364513775
186258.839937023,0.0492103560676211,3784952.08774918
195601.742237063,0.26897253381406,727218.275648479
166416.372401538,0.30172086864755,551557.381985183
200682.595633172,0.132027122461564,1520010.37280499
185414.495144659,0.227830147036591,813827.746487301
175526.682052079,0.0832822238623051,2107612.8123366
199955.929165554,0.298748981918378,669310.830388652
166519.341035358,0.244030741277192,682370.344669855
199216.362228242,0.156738242424855,1271013.11808924
169495.929626299,0.107102997103226,1582550.76151547
191162.661567353,0.224784691335361,850425.624768874
197773.999138374,0.172380813946431,1147308.65118106
175474.909020714,0.0971513817731712,1806200.85703374
195687.011526263,0.134086390347796,1459409.94472806
217901.59095471,0.185069224362322,1177405.86910393
217542.685863368,0.235139618815923,925163.89606666
179476.238612949,0.273640409939452,655883.53216055
168895.968096447,0.158291575812172,1066992.77728373
202554.922457784,0.228576360665057,886158.664301232
180282.524822992,0.216471597889486,832822.996553248
201717.810357295,0.271055948625992,744192.523277282
193742.729261147,0.319390412651468,606601.580970333
189139.914015652,0.251577591233433,751815.426359471
193049.540156494,0.264434747530665,730046.039558802
182293.891397396,0.196702319021169,926750.087668146
171237.402030068,0.193880455503741,883211.263276424
216101.771143078,0.151503286568049,1426383.38770304
183117.328087833,0.20195988397405,906701.491823804
173013.000219315,0.0960941032744015,1800453.8709859
196989.695982096,0.154577184247321,1274377.56704712
165565.750412881,0.203837006644963,812245.789604133
195709.043141994,0.172186448491334,1136611.18431073
185834.651637371,0.190823857057881,973854.393798379
187410.495120164,0.348309010171658,538058.131277747
166847.90423743,0.0753753844402351,2213559.57885327
204367.969047359,0.278799504622616,733028.45112294
198569.181924063,0.246105025332394,806847.327298059
171843.150210704,0.257542372370762,667242.243009688
177146.855028745,0.2020981452593,876538.747060039
178995.634967575,0.180929911234094,989309.25100595
217177.280709339,0.339836869686033,639063.32738406
205533.272955397,0.0759962691702054,2704517.93488801
191261.157192189,0.170241241161896,1123471.3509302
205133.425698021,0.221216951560864,927295.237777392
178478.056331204,0.151294222000594,1179675.29738515
205559.762623007,0.265991635475296,772805.36380663
186150.206605889,0.0863921297542933,2154712.55466576
191617.969252942,0.0940801763476173,2036751.80778714
191677.980288136,0.246249980888077,778387.797622839
192463.627794181,0.232001190126296,829580.346934464
177178.512476089,0.147788288068341,1198867.07391967
195992.520576469,0.21708109495006,902853.934017412
183074.750108453,0.23640768353324,774402.707104531
195448.787856585,0.0379731699152945,5147023.23489363
192705.150686858,0.13423145558704,1435618.42374496
184078.82384819,0.309060098632875,595608.506767653
184187.413677318,0.211993559672838,868834.949333214
193964.081802693,0.193809410996938,1000798.05621904
198051.07474966,0.187390817729308,1056887.83020175
184327.37989565,0.231159302131793,797404.119997548
176574.80318757,0.146255861000859,1207300.69878385
180856.087990249,0.12803640140192,1412536.48189098
185748.821500613,0.16761748443969,1108170.91738091
198141.807239375,0.200575031499383,987868.757931541
167088.763153829,0.139454713927911,1198157.87109357
167610.325463968,0.150270113019469,1115393.62083432
182629.452376094,0.185285732002114,985663.873859486
180782.558991889,0.230446389397156,784488.572221996
176828.070756575,0.159770409755885,1106763.58048247
193836.616980676,0.361486761116482,536220.514361287
191934.431736199,0.175923836295761,1091008.67612687
188142.173461372,0.176636747528423,1065136.08348171
186634.634384812,0.172104741703109,1084424.70868565
170625.380430787,0.166320546538894,1025882.75460534
187655.219103116,0.213357962200059,879532.299465618
211929.516064673,0.17075805934734,1241109.88889599
190150.429417541,0.0826359399578621,2301062.09857967
191617.773391504,0.342276602332634,559833.10598977
170420.193836901,0.173002680783406,985072.561102455
208292.528991432,0.331193764880547,628914.403224219
206029.990016336,0.0404128124003525,5098135.41248463
205335.020035995,0.184111692957359,1115274.19436391
197723.766184569,0.0862784353171614,2291693.92627176
188098.006325862,0.221394329313076,849606.251928298
206555.431669751,0.206287358035683,1001299.51557197
169361.256738248,0.492086493542323,344169.691631014
181155.986071804,0.15032683254533,1205080.84288397
211526.031712102,0.276294188259343,765582.631486816
177048.613654507,0.0515629183991558,3433642.22102303
162410.600919548,0.0559966204885597,2900364.33453567
191712.461499168,0.249063874483549,769732.109470702
195629.83982928,0.226361123593794,864237.801630369
199732.684219941,0.208945573518976,955907.707716055
197013.798377058,0.182990993313248,1076631.12161923
159610.486593864,0.247296251176152,645422.184261789
193756.226949768,0.137198998117397,1412227.71017596
176487.168289177,0.142690254409233,1236855.09581485
185074.314419783,0.267256707534424,692496.424606833
201407.197469451,0.175224239919436,1149425.43087677
223879.509558252,0.210881082541156,1061638.65843471
187245.873015697,-0.000334992723287519,-558955045.883152
220931.363320207,0.274403020412135,805134.589948692
173004.979315424,0.205674490461155,841159.148747708
208569.029546128,0.241461567080953,863777.337600905
183631.184197625,0.212777699135089,863018.939221828
198744.141061496,0.242922571624742,818137.811287907
197688.879883509,0.334576223688059,590863.504000283
184718.341790467,0.0842688715345374,2192011.57469826
203983.199215508,0.00240895298535093,84677119.2530318
184504.550094475,0.138539972620091,1331778.45068895
199998.121599326,0.351721813339796,568625.868552853
180761.323663529,0.348290868642204,518995.299441006
177497.822978248,0.253997485470575,698817.24478257
211199.556300464,0.0991071320954341,2131022.78145928
210368.10616421,0.30430173695772,691314.181336529
208040.793951952,0.273045606957977,761926.903969452
193975.955938264,0.37155333149953,522067.599704753
174681.773837292,0.180327393365498,968692.390973775
183769.331439193,0.234476287764838,783743.777210854
188551.557745527,0.215739501011432,873977.907900771
165539.20915232,0.242429325421717,682834.920504593
176030.45423661,0.196968813172608,893697.085346964
190534.458535824,0.157942648360445,1206352.1823504
202409.078126837,0.284929433814351,710383.18301197
190077.377107017,0.158262597518572,1201025.25857199
174341.657674437,0.0672581201519062,2592128.01786128
185016.828191432,0.162253579662824,1140294.27625518
156226.567547005,0.221492108845628,705336.945687258
177403.004571907,0.182964237189513,969604.810737708
175658.980273285,0.23409663975802,750369.507460079
186989.059015557,0.197729489822979,945681.188895815
195233.142435453,0.245448860873214,795412.70528161
197457.381917555,0.11559602221471,1708167.61800673
175477.75595551,0.315053658578248,556977.362990781
184727.797478855,0.10050316576082,1838029.63897153
210209.460108032,0.0546478756869037,3846617.2283145
222421.949082179,0.252382004511044,881290.841290731
199157.263086098,0.348192852383526,571974.013029799
174625.100980484,0.22658980660202,770666.181322067
179571.007206126,0.137680541178194,1304258.435284
188642.720759728,0.27767128494529,679374.249292274
201567.119859258,0.0233530508081395,8631297.1061153
200592.28143437,0.244595276128308,820098.75501089
205060.699401869,0.1207504630682,1698218.74129005
200913.65479727,0.0911745027381016,2203616.67750899
177627.505375128,0.307788557451489,577108.866053682
185439.112512743,0.343279744937255,540198.235542961
180564.961855952,0.154998443249905,1164946.93798199
190763.122336201,0.214820360276341,888012.300560366
197192.513375854,0.259478070136811,759958.301184696
190653.376865068,0.126432121323319,1507950.4707314
172720.931786244,0.123139366997595,1402645.92873551
204319.582688446,0.125078896070225,1633525.63148408
188878.210871197,0.3133935599186,602686.956682374
177922.981323622,0.292550865749903,608177.934690255
190623.828770846,0.311979457153785,611014.040827953
196317.547952617,0.178859010636653,1097610.6110272
187783.144070187,0.265126597743533,708277.274586524
143298.782405503,0.190476074000527,752319.067669921
201601.030145933,0.34037782033254,592286.036584211
192581.704364949,0.14422426638966,1335293.35378721
175625.49599409,0.225047084627143,780394.450721571
208055.673434741,0.12170657601793,1709485.88188111
163958.757565803,0.191596706534812,855749.352539175
200509.938552166,0.349162274503465,574260.030919165
192453.144569604,0.344758773336288,558225.517242688
186488.057215885,0.116472624958341,1601132.08818456
168783.637903237,0.102939972794522,1639631.65446085
202167.129648441,0.265156840275265,762443.576558563
163760.487581642,0.140649142633287,1164319.13139075
199816.568112262,0.159225242686196,1254930.21546881
201194.073487409,0.219104105502589,918257.889444392
193150.380198299,0.0835256919008733,2312466.68902218
181503.725915672,0.14517892600332,1250207.11278386
168952.408046925,0.225432594593549,749458.650163447
188516.319055505,0.204141904106191,923457.238634563
188838.688004969,0.127349104121989,1482842.68905479
217593.943994144,0.227481091640679,956536.397925538
201867.760035265,0.181884007432094,1109870.86157441
196821.633159722,0.249307217206551,789474.269397726
185824.762872176,0.168218570375836,1104662.5973399
179801.925719968,0.188853410239629,952071.373727511
178621.684799002,0.222128122307477,804138.09356272
207889.917542293,0.156255360485033,1330449.82838977
218244.732028368,0.113988844461851,1914614.82971177
178256.904659752,0.166865814822661,1068264.96996522
195618.847581178,0.164648989520913,1188096.2534321
198109.19380776,0.250618229079188,790481.979445972
185712.511531069,0.177294689284629,1047479.26900916
178192.514568103,0.233397449774619,763472.41471651
218801.075103303,0.302368435994474,723624.059448128
193302.483724724,0.323319391218062,597868.513226143
196692.823924387,0.132912594604014,1479865.95634817
196215.220682731,0.337734513083687,580974.739274309
181983.18902054,0.193500938533593,940477.035406973
174549.328523959,0.154728470396568,1128100.91172355
176607.214171553,0.0950537083451272,1857972.90022938
167378.240456308,0.226789652880441,738032.967247172
190686.41658729,0.171825528975982,1109767.6679578
187449.43384089,0.231211251811943,810727.991704112
193120.337782028,0.154753490107151,1247922.3418374
187539.381186038,0.305641775641621,613592.107271149
203894.309519392,0.272555170257919,748084.541292855
199075.85786856,0.326087883030837,610497.562860177
191010.407223821,0.196959984455542,969792.964554869
174173.390583381,0.196654362352572,885682.821879711
182030.283781187,0.131950392680128,1379535.74888149
198144.014147128,0.279210115343877,709659.153655992
181040.023445536,0.164835010095879,1098310.50661041
190671.63236729,0.194590415133512,979861.378251685
184051.026809667,0.175038180249089,1051490.74646315
196811.459425899,0.278630067280258,706353.988810322
213620.222366927,0.244561043906508,873484.259613279
183523.829229744,0.205829730932872,891629.350133082
174827.980784525,0.157429167530346,1110518.35899993
185303.708683268,0.23182780294458,799316.157637771
163169.728984565,0.116584822815328,1399579.50824378
175147.608017424,0.288154400713927,607825.55318774
175023.831774987,0.0763813820592453,2291446.25373798
193372.392653814,0.278288521828086,694862.983868485
225864.06393105,0.237147338964868,952420.823766907
196220.120321182,0.264812092560672,740978.700873432
173492.478584539,0.259949080186323,667409.472886708
191286.332179192,0.356673889095239,536305.959105727
180406.916193794,0.194807944763342,926075.763557572
198797.248895041,0.258287238612495,769675.071687509
190503.722614841,0.163442241377646,1165572.13734402
177992.570298609,0.289719993353064,614360.673692617
204886.000109362,0.24020347793799,852968.499324788
208846.48896695,0.174561811249774,1196404.22765847
194874.261339034,0.219316439511457,888552.913649019
177920.293219448,0.163827406660099,1086022.7653398
205280.686542789,0.0455659942265479,4505129.09961234
181179.329644385,0.22355489328688,810446.718390026
209542.905599804,0.223952949978942,935655.929602657
205277.170631444,0.251865654306416,815026.452085075
171223.507480538,0.222191124104093,770613.624513291
196020.706170529,0.202684224083376,967123.64791595
195439.616062921,0.156266189995182,1250683.95197289
189202.345549934,0.0774258313228267,2443659.20671947
210575.632597484,0.307721470939815,684305.947044783
199099.213009055,0.290882027479933,684467.22107226
188723.733815676,0.0901757908508317,2092842.56933062
187588.068304597,0.116843428643436,1605465.28360656
201403.091352871,0.229024188873034,879396.592752588
182919.475241002,0.293070189505822,624149.032521673
170597.885800037,0.113200869150727,1507036.89008682
176366.120230419,0.0695719417512107,2535017.93670075
183410.702955992,0.358445155625889,511684.144916772
204825.700910339,0.366776177366613,558448.758534294
177148.994459471,0.169044874235754,1047940.64452031
210759.839899788,0.093498774559507,2254145.47829876
182093.009931151,0.195586564275509,931009.80941947
201175.431759281,0.217392807218158,925400.588610083
207956.076394556,0.190298772836885,1092787.26969409
191454.91216726,0.279804282720277,684245.824638286
203022.108341899,0.257249544715449,789202.984077064
165026.315030029,0.237045757918625,696179.153253105
181379.33030509,0.218636806498436,829591.930151009
172661.931981442,0.103562116002905,1667230.63071248
178749.870645089,0.247416797499305,722464.57173382
166041.519006664,0.0829781061784711,2001028.06214374
168659.96512227,0.177203467022008,951787.049975285
218541.283997198,0.12837765206422,1702331.21172737
194882.061922439,0.170039304478633,1146100.08856469
166851.352403759,0.0948070008790136,1759905.39577012
173347.576111077,0.0401223497104399,4320474.18364362
188757.441745567,0.237638260386628,794305.771463174
198687.355113957,0.317118121043696,626540.528368544
187773.673709475,0.326344153807214,575385.437486344
193874.261509322,0.215532414612927,899513.244249124
206816.702585283,0.307074632925381,673506.308922428
184687.331260555,0.0590468206041217,3127811.61408822
198548.524156236,0.272314924061641,729113.635032696
190836.651221161,0.214347529363555,890314.209768584
179094.270409812,0.258434070319705,692997.909247248
201312.591357732,0.124927873236351,1611430.54902462
187943.852981477,0.241800565663252,777268.045117894
197191.625101209,0.245097420753955,804543.860537656
167922.53939693,0.205292375690075,817967.734225253
182048.454297979,0.163754717937671,1111714.2552636
160195.265605739,0.143659185012568,1115106.32328678
165725.111120763,0.256801716717155,645342.691783072
177673.388463993,0.099491707047755,1785811.03627774
172335.150406082,0.160094205693172,1076460.88538876
221257.071680469,0.137705160578033,1606744.95241658
185745.020019534,0.250092921067121,742704.028674537
201572.625782998,0.217656134644404,926105.878487263
196454.552480568,0.150511965294178,1305242.09219244
197321.583037889,0.184853623681999,1067447.74112374
190551.794819892,0.16467072643871,1157168.60513648
181772.384710987,0.26777857617433,678816.010257104
197906.805623936,0.146267054538603,1353051.14503214
170239.034112462,0.239299757669698,711404.958242541
188174.613289395,0.182406912443717,1031619.96860979
189319.95025286,0.239200481417285,791469.771010166
185555.891878748,0.212059770680237,875016.94113659
189723.164536659,0.215519340450745,880306.909532411
190700.900167849,0.162107165552746,1176387.85131802
176035.799671741,0.15901827098885,1107016.18485139
181310.331625308,0.0746203221593,2429771.49359185
186281.050949886,0.296618082818513,628016.502499827
172504.264566839,0.109551910247228,1574634.93039551
214407.598819809,0.222549097115172,963417.068858521
164727.278148157,0.175648020163256,937825.988559683
168126.647530732,0.115815556349013,1451675.86143676
190265.899209004,0.222428454653215,855402.693444255
183131.995793205,0.147720763991082,1239717.36163144
185828.206215273,0.254387155790039,730493.666781855
200830.297866563,0.13228988050315,1518107.78800863
191351.965839557,0.354894021969102,539180.583481951
200413.697663433,0.172373020671061,1162674.39581442
179370.679659165,0.111467256950096,1609178.19785832
198543.10573965,0.185041144987134,1072967.34330872
190715.109283877,0.25636600383374,743917.315212983
182187.810400293,0.20143306891018,904458.296673878
197057.352234326,0.203917869350016,966356.46921205
180004.679733518,0.0797841046444012,2256147.14278993
194712.742209113,0.201515693797874,966241.082962077
204080.04458469,0.141563764721328,1441612.15962592
161802.035246633,0.124690879046852,1297625.26724858
173988.143129526,0.0316836014657443,5491425.69280321
189473.029883216,0.203988415747417,928842.106984275
199465.856748644,0.343104174498077,581356.542922976
201084.108737674,0.178327621483366,1127610.55783179
188276.76490189,0.174345757297017,1079904.4830276
197169.188710305,0.193655970412099,1018141.54394894
175276.859083161,0.183652392419694,954394.640733061
197188.499661172,0.277040266462089,711768.372804955
192675.71779384,0.230671804523665,835280.749598823
180040.250776892,0.133762617644904,1345968.35757835
171779.217260595,0.232352311323223,739304.964440981
193281.655991677,0.1125081595149,1717934.56425781
217685.934695719,0.0574192499911645,3791166.45949252
196802.565846102,0.197884268933904,994533.658013193
186565.418902194,0.397525591280096,469316.750907592
191726.224830252,0.066931700691543,2864505.50112015
192223.619850332,0.258489307030371,743642.443312934
198833.583447713,0.100183650873002,1984690.93225366
186741.173164136,0.143222499826547,1303853.60812927
163448.103893197,0.0921208855115246,1774278.47100698
165163.86891445,0.0520493153278203,3173218.85742789
214910.469858208,0.300796253212067,714471.897715734
190576.754189722,0.299206836899887,636939.837887088
196315.515001183,0.115521024019254,1699392.09479706
209189.549073262,0.418654286199615,499671.342128622
203125.669630977,0.225776408478234,899676.237212174
182699.875896304,0.180580323025132,1011737.45198626
165340.035321656,0.207081641532291,798429.228676333
190598.163298499,-0.00126269062557416,-150946050.788832
172840.129078875,0.254379178306979,679458.634268783
181540.287722598,0.296447589083532,612385.778827988
203809.442111303,0.279775781456627,728474.212636233
165074.337073899,0.124912480987772,1321519.96156459
193862.197397876,0.32803566335575,590979.027751734
181811.978565213,0.20964169579848,867251.039316061
184602.429138737,0.149466438351839,1235076.12260211
169511.933916911,0.278009643994092,609734.005920002
196807.467924091,0.19782717236597,994845.478355258
182807.075650027,0.179915555677768,1016071.53956959
176298.286311866,0.0627661426632173,2808811.86626084
191168.807326827,0.238341182494386,802080.468537283
199192.337134395,0.160670773683519,1239754.6396755
186704.175853474,0.185636733200249,1005750.16934861
204709.578767126,0.126664958468872,1616150.04845585
193931.547399453,0.244825626989737,792121.109966899
195369.343370753,0.199542835084773,979084.732798114
184461.675693997,0.353782211669099,521398.955656165
170771.276564389,0.256545922672273,665655.78117779
181833.639094786,0.28048299961254,648287.558768164
185856.866925967,0.224373616209697,828336.548947302
184132.154107558,0.0938202667062876,1962605.31516074
202080.230272354,0.156924759916419,1287752.36221477
209369.796847562,0.224285429736229,933497.093831693
196183.913377906,0.107861279536099,1818853.94111467
193599.359529806,0.234168410284709,826752.674685804
197760.093251624,0.0870316176348596,2272278.7261214
192582.616212755,0.282393913591887,681964.472120575
194990.800226729,0.271042984448812,719409.139562342
163291.453640153,0.0921533308525768,1771953.8960711
203405.624811225,0.113456283086023,1792810.58112051
192660.635846354,0.182585380815737,1055181.06096777
192058.633142193,0.118810318943012,1616514.75099831
180290.520183559,0.128968179168278,1397945.76729129
177517.181387869,0.0665204367598204,2668611.18228696
177917.76692554,0.125662238767217,1415841.13629492
172652.765723854,0.132380897136132,1304212.08391048
161569.553439693,0.36726536555661,439925.918946442
174269.25606622,0.215587076827538,808347.414096762
183354.440562433,0.100829254209657,1818464.7104617
209448.702983656,0.231944276992949,903013.024072257
215198.648386393,0.404781290460753,531641.786460627
170522.842558691,0.283708088176345,601050.338940985
194021.504441524,0.386959668165117,501399.810893818
191068.322319859,0.209589195543042,911632.50006664
192831.753458677,0.198089770563241,973456.392575886
207146.356988966,0.39429160041012,525363.352334931
170068.113301455,0.213844580637274,795288.394939156
190636.797411242,0.148910766583161,1280208.28705343
199747.189709702,0.227845552339198,876678.028862001
163125.177310001,0.0865819031552828,1884056.26771035
182082.812754223,0.146903952896956,1239468.43610085
178850.492258026,0.261697123191874,683425.519075709
173655.324818961,0.267173128073815,649973.019633108
176034.599278195,0.0829963931049725,2120990.95746907
203797.041895728,0.22655173390034,899560.724551234
182289.557271801,0.311416012999581,585357.045438914
167153.045329212,0.107892968665001,1549248.73601549
179993.926005554,0.139763726955757,1287844.34936063
213877.436763674,0.332988668746708,642296.440802803
198709.616996646,0.180327425311032,1101937.85916872
169441.723653202,0.146754911229935,1154589.80032171
173722.058481108,0.1841872575419,943181.742317805
187178.969375932,0.349164705807412,536076.431159037
196513.761835555,0.210910340140775,931740.765788866
194179.106616345,0.241580298465563,803787.013468007
187224.80651975,0.108877253361575,1719595.23903479
192028.127027129,0.388898621474736,493774.254840355
179726.455210416,0.229121908839819,784414.096934155
179168.036736622,0.124423145515328,1439989.60960644
184335.95327805,0.221884981353455,830772.556815863
185214.029691072,0.262227434778097,706310.649180563
186468.113162127,0.136850743074073,1362565.587687
190616.220325912,0.234216098121422,813847.646915769
204691.215481029,0.23697141092813,863780.211626918
182399.236791479,0.356730012207608,511308.918648894
209294.285841745,0.242918672543246,861581.712309434
185068.006797698,0.200409005398561,923451.550640882
189268.826682213,0.371732116616593,509153.818628554
187122.81321446,0.290133713210346,644953.704772656
202629.382851597,0.0679100552664114,2983790.57499926
195001.54543799,0.177537901634858,1098365.72158574
180275.969495469,0.0931156338986335,1936044.05562785
200244.860858142,0.0690485391234834,2900059.34086502
200922.251552125,0.228820212332485,878079.123797757
164798.64930209,0.166688213736477,988664.078928972
173373.208418793,0.157616741991194,1099966.95927441
175629.648659646,0.126190854396513,1391777.95014993
184984.576414786,0.0107912424384725,17142101.7987035
158801.074323177,0.143435185397877,1107127.7516927
172261.591259953,0.0952382709086478,1808743.37192855
193123.349361523,0.375787822519039,513915.932844627
205291.756002658,0.240485369632749,853655.905621884
182854.2359698,0.230154529701,794484.628251076
174010.774246921,0.143944225367577,1208876.38113002
177177.490208499,0.319171693671738,555116.552380497
182307.897306416,0.214106235024294,851483.364254804
168982.875382915,0.206072514609508,820016.564087285
176235.259191589,-0.016019839149703,-11001062.9660321
202789.720825472,0.127310214086037,1592878.64120961
185222.491296117,0.196006171757796,944982.954541841
195086.452990215,0.245668540607308,794104.33467773
213180.048946346,0.28607329557309,745193.80957696
191716.818667123,0.258044388629288,742960.618851309
172646.397932843,0.374051987046889,461557.22710063
197626.026988741,0.163929132376712,1205557.69510567
198292.731647186,0.162822149721088,1217848.62800828
201566.261820207,0.288586464674718,698460.553399149
208078.526767764,0.23433888935084,887938.52076443
179855.028923378,0.110711191441734,1624542.43858475
203385.528047043,0.147421096639009,1379622.94870913
192125.361833908,0.258712651876451,742620.665979869
197868.397799627,0.351996107758146,562132.345893952
193143.919205671,0.209934482796219,920019.982582632
184616.444735831,0.0530505016692034,3480013.17474823
193596.798020784,0.176177930139487,1098870.88506209
203304.35862796,0.0998881841407571,2035319.39615075
182234.266062349,0.0794007700097482,2295119.63221484
177830.64173518,0.176155953513014,1009506.84997452
168916.591489525,0.10947463837365,1542974.64690399
192365.966910347,0.161598028040162,1190397.98469903
216519.375797516,0.306040600744451,707485.788718317
184476.768361742,0.358783684458768,514172.679396022
190152.828729774,0.214609070778681,886042.831460147
187180.966769748,0.351220184301596,532944.788301273
169698.861117982,0.223930124033356,757820.600736611
187612.344573888,0.137090398552819,1368530.15641065
153113.959845191,0.0538109027826429,2845407.75061255
171550.696151191,0.142013454505337,1207989.03701582
199058.904730094,0.173653147737198,1146301.73609836
183672.570383632,0.171242027897692,1072590.48867003
166377.870872459,0.096934368117061,1716397.12626523
186917.864402215,0.156453027625666,1194721.93820014
166482.759783325,0.198682347432483,837934.330526768
198831.766088107,0.178933000936627,1111207.91048783
151078.312545891,0.188327085601255,802212.342762897
191921.534046471,0.228341638627517,840501.693865585
195526.965777478,0.119031444920159,1642649.68730431
196880.403881682,0.164731338464565,1195160.59128016
199352.960593956,0.146434765836691,1361377.26212012
184333.600139086,0.101140178575036,1822555.61277588
198910.319936323,0.077953813474732,2551643.22398157
201561.285620021,0.312696006423361,644591.812749683
179645.567341838,0.0979418847842363,1834205.74085942
184877.407074894,0.248377136370379,744341.487210021
210135.317377389,0.192672687576362,1090633.65451892
203902.199634148,0.0813911549075427,2505213.24910273
183178.058849142,0.220327386005637,831390.333131148
175598.683855761,0.182268508426227,963406.599263607
219132.210252598,0.185863800970603,1178993.4839827
188546.761125679,0.222310703261008,848122.732553782
194343.352087062,0.15503376905096,1253554.9724214
185750.908431657,0.117166748080453,1585355.15813847
168093.724096495,0.19203061302943,875348.578253682
175394.955716489,-0.018772353476698,-9343258.74132967
179446.489366269,0.116296822078763,1543004.23828209
160173.318904992,0.284875896747679,562256.479869411
189892.624364642,0.253806207126307,748179.591487066
201261.297044234,0.182040028899444,1105588.14048204
180246.756279309,0.31206711289925,577589.719739232
177235.981872483,0.312893249235887,566442.332345965
184073.084729005,0.179125751369347,1027619.33067601
181965.711410516,0.150079292803967,1212463.81170118
182491.01018453,0.355631993284874,513145.649520761
178960.333866248,0.161244544899437,1109869.07481341
201996.283058795,0.278716765038188,724736.752133008
195921.109818456,0.109743452781478,1785264.67732499
191232.275224003,0.201226199303751,950334.876301757
190221.241239454,0.183277315306246,1037887.53628132
215040.632395091,0.318608052938692,674937.844199657
202998.22409205,0.21552560073984,941875.22686499
203773.042197686,0.0753245213327455,2705268.3321746
201864.56207263,0.289419109833385,697481.801353205
201564.209329645,0.000643671878897356,313147452.821669
207496.716605581,0.406460770568896,510496.292951375
191823.570027237,0.222858998669845,860739.62089103
184936.279026015,0.21496988561755,860289.237698314
189561.433135527,0.206055877415489,919951.595233058
180393.250930994,0.144998686183411,1244102.65830141
173686.794086025,0.0933094928800235,1861405.40179926
191343.884920056,0.241296786867965,792981.487253527
193850.882964995,0.075648797977185,2562511.07946828
187999.392977341,0.218330858060641,861075.684157866
216265.991036748,0.222000022427292,974171.032381666
171761.375654019,0.165789061601394,1036023.57112669
170847.240641411,0.070581159118065,2420578.56198742
156848.549568297,0.262031682139226,598586.20258354
169150.753916507,0.106203567000347,1592703.13318153
200842.362984348,0.182107428263595,1102878.47617965
191302.403423052,0.26577383669963,719793.96391548
196750.118846513,0.145866773780988,1348834.37637364
216312.634987666,-0.019083146837921,-11335270.6880514
180414.176790971,0.287091309084581,628420.892872861
183046.296860305,0.2477966962935,738695.469303182
216757.126253279,0.103630657332723,2091631.29745809
207976.364797811,0.234390081238765,887308.727820918
170240.104921325,0.0945481418001877,1800565.31709634
175348.107165784,0.00298894035250541,58665642.8318493
211277.094455622,0.101380830468785,2083994.5133481
188208.672703966,0.288001458113069,653499.02718227
170164.95201167,0.182724960361735,931262.766043566
206956.11421554,0.157899770123305,1310680.27555662
177502.229640279,0.0459272987798873,3864852.37224557
184523.563560502,0.183695176232325,1004509.57583736
177158.14724401,0.130850506155247,1353897.30196246
185615.373654925,0.247578823113593,749722.336186089
181620.45344221,0.237122217187548,765936.04596131
216610.503791316,0.0315312215452603,6869714.94207386
170470.887296433,0.111392681730081,1530359.84634526
187578.149591348,0.116748883224112,1606680.46161325
186559.843458358,0.0884278384231788,2109741.08137259
184458.12800446,0.110329982072074,1671876.71510688
179311.990226523,0.209326218575204,856615.054946413
180342.272653584,0.197895804880444,911299.119061847
159955.763242888,0.324616790751235,492752.586434962
200868.910093451,0.210849823490314,952663.401696794
181806.302795921,0.272717349466165,666647.36640995
225457.634535701,0.211044691376028,1068293.3224508
207535.261713943,0.26604626058976,780072.086914085
185972.762485541,0.191695857221862,970144.922173793
191068.533651412,0.121591346057597,1571399.1155333
183575.026902339,0.25379751276693,723312.947006386
176088.519842528,0.40494714781884,434843.215444263
201654.945091732,0.286235113682779,704508.061562344
173316.120137423,0.115420264154052,1501609.11004412
179674.079285555,0.137686539318059,1304950.21645147
170227.601468281,0.222084081850395,766500.68771229
193807.04302165,0.221095586251768,876575.811879649
206311.124735288,0.164967762944688,1250614.79317303
182821.5444399,0.114106256678041,1602204.38179603
188972.088530542,0.177301723498516,1065822.06197293
184730.661492265,0.150967476854126,1223645.41914391
186115.520185026,0.0819125776831543,2272123.83554744
200488.199908699,0.310442993605508,645813.254086409
180002.254293308,0.375829216022192,478946.943503932
151723.666599716,0.10349281248221,1466030.95384809
200433.584507092,0.302099822367144,663468.064749484
163795.235674915,0.153482255912378,1067193.30323385
151832.786861802,0.0805840957039072,1884153.26294268
186316.198515641,0.190832009257089,976336.198738211
179515.582152692,0.146297659012296,1227057.10648182
212709.273361242,0.291547119645837,729587.977475598
192245.556396536,0.0271037446758042,7092951.86683764
198160.1994856,0.122245610004909,1621000.53717791
176686.529693064,0.159475124532417,1107925.32823606
186993.557907472,0.250458345813254,746605.417760354
203321.857422531,0.222088983096387,915497.2686524
174905.705380003,0.0573169659027196,3051552.0601153
176286.728804491,0.239301018817376,736673.540612986
174369.793910721,0.0251484103088384,6933630.86450992
202250.484624771,0.161542558099926,1251995.05940511
202922.125791201,0.188051021450306,1079080.15721587
202706.497470772,0.167111459154345,1213001.780348
182650.504758237,0.222139627874236,822232.87445878
205843.070236868,0.13063961562513,1575655.81659039
167237.242044799,0.196389533404671,851558.83384171
182163.542778618,0.310684312498692,586330.031643889
178882.528005615,0.0958562491080566,1866154.05537061
200241.563496084,0.224543534754061,891771.672319156
179737.749718008,0.214632931760262,837419.254556749
189893.475168964,0.249771146815624,760269.861390916
189483.867734739,0.141800710200667,1336268.82028019
180703.11036962,0.0212043621019001,8521978.14304573
170992.074873154,0.273915709410753,624250.705594765
168978.317682598,0.300516457788425,562293.056846708
158235.196812763,0.276305571352855,572681.889974232
175271.457809161,0.166878232580666,1050295.50648218
204037.018569871,0.229906772960382,887477.197572738
199770.820058874,0.133318612627581,1498446.58687624
168849.377652657,0.162385461355634,1039806.00383224
216445.228327615,0.227380635548903,951907.042590103
190570.587681366,0.262713797078002,725392.384415897
185629.490977355,0.215727262357234,860482.300424139
176421.831650118,0.121848516139342,1447878.37587097
177059.992549227,0.238573077913907,742162.502565032
182237.96364705,0.133028352372339,1369918.21966625
175589.998714,0.138739935081111,1265605.31119858
184972.802085947,0.163634892116554,1130399.51133524
171297.712056346,0.353619182416796,484412.952050898
170079.093442859,0.181182006046992,938719.562464423
199325.731575271,0.265164803896823,751705.085463869
196682.816640433,0.218737471874173,899172.944421583
198914.774196714,0.0935519212104555,2126250.0184174
194184.548287619,0.147544549757086,1316107.90508576
188375.003622311,0.122211456103913,1541385.80479838
179807.584681822,0.152665207003215,1177790.19995064
199511.934703139,0.217967576087618,915328.501074579
183021.598397276,0.269295406216267,679631.342282512
181836.633672099,0.0698337882015475,2603848.91547483
187173.480689061,0.333827855214086,560688.623689074
205019.120095498,0.164117410709995,1249222.24405416
174778.033311,0.31859810996785,548584.652082956
180996.092602205,0.128531083326348,1408189.27156044
185706.735860501,0.18312859121778,1014078.32947099
183090.501860638,0.246522774979776,742692.036772903
216672.260157826,0.0880543234372629,2460665.77653283
188150.019210992,0.230306600469491,816954.524218756
189949.289422814,0.235676422997206,805974.93379754
199223.364254142,0.317177478144735,628113.210999274
172453.464172108,0.360723593807381,478076.474987091
186497.265064841,0.137744391362615,1353937.26902377
202931.331445687,0.340011563550345,596836.558517926
199392.733463985,0.110337883940401,1807110.36267187
185071.510648102,0.148224183677247,1248591.8698064
211527.78860633,0.232553727439494,909586.74769625
197311.440156612,0.234672511264931,840794.85532014
170431.344826445,0.289830912969867,588037.15269725
206073.399909434,0.238128481337337,865387.452824288
187233.835475204,0.189989230500134,985497.098874096
180580.560559378,0.184157132383372,980578.695064882
158322.959095535,0.104532371989297,1514583.0529106
186851.789819042,0.154187736720012,1211845.98589928
185467.367318477,0.112397737041337,1650098.76711546
183761.582851422,0.248724457129149,738815.896805854
196976.280666436,0.262956281774433,749083.761518217
179401.735373575,0.152601303363119,1175623.87358307
177529.851924495,0.229898080878956,772211.10870415
201883.271422289,0.177154033186401,1139591.73150671
191625.786037195,0.163734093023314,1170347.49757284
183235.640592816,0.0639696497731294,2864415.25383784
198316.223751579,0.310427835835054,638848.069852067
183693.844112207,0.25965198264919,707461.742591012
175341.241980692,0.350130479663011,500788.283697702
170136.532908027,0.145540479427773,1168998.02430883
217828.835407726,0.306049916178849,711742.83635625
160783.351037086,0.419067438130075,383669.396397198
181495.438509161,0.147390236957316,1231393.89864555
165087.388222663,0.181441832389692,909863.982568784
186094.041231979,0.0577902786170424,3220161.68956658
178978.29675401,0.0367359817764931,4872016.15688236
198634.896222139,0.253527222433833,783485.474716546
189627.95227203,0.137201940123691,1382108.38783385
198419.618230345,0.346064547448966,573360.14247344
161389.687490098,0.160468847998654,1005738.43149576
204841.915895927,0.177189117862556,1156063.7491001
168803.181653347,0.119887079816694,1408018.1276535
200108.865715674,0.283056258272446,706957.927505231
205867.217551625,0.315604784962552,652294.348376408
197290.510360078,0.217872040107968,905533.864108076
163221.771637846,0.185869713906277,878151.519188052
166384.807507681,0.142594194490492,1166841.38580954
181679.064058503,0.0323470701519275,5616553.93224779
193902.844202113,0.22277226014886,870408.389592781
183685.094740287,0.180514941838348,1017561.72020806
198686.156936016,0.206460316562161,962345.501762298
206594.76164461,0.457257728072387,451812.509578633
216506.267227586,0.268522169067242,806288.240481813
200732.10554457,0.0733814711665421,2735460.36013642
201842.958496194,0.231857183350229,870548.652319746
176360.978358494,0.0305158454167054,5779324.67379547
217717.575300103,0.13367398617235,1628720.60252168
204079.603226037,0.10343801565499,1972965.1804877
174941.4255493,0.313778125980104,557532.253093998
187399.593313509,0.197622247255667,948271.745291247
204883.563485897,0.282381981762167,725554.662543794
194285.28496756,0.385489476899069,503996.338707914
163778.272939279,0.186312695732425,879050.524686151
176975.072892205,0.213021211374793,830786.153876628
198069.830920585,0.175821261269647,1126540.83749756
194851.60395294,0.208285718643607,935501.508321585
186842.969291008,0.151305200525994,1234874.73425547
194469.282189944,0.181472738745885,1071617.0568311
186790.780767173,0.229559356319963,813692.736212508
197287.630229758,0.174494416853342,1130624.31330152
174615.099450669,0.290531197855967,601020.133945256
200645.498099632,0.351728568283515,570455.505160727
160677.416902815,0.260764099515104,616179.210257845
191651.601286686,0.220763685505335,868130.104133698
195120.544095659,0.125780589695755,1551277.06562378
211258.474729853,0.228543443019513,924369.003716358
186805.961983778,0.164710403027182,1134147.92599924
192050.062642804,0.294060471837682,653097.172301394
200792.022853009,0.196808567299387,1020240.25482367
200492.933681621,0.228820944592416,876200.096275041
217624.627673287,0.204763903584671,1062807.57430129
191305.93903248,0.29136359882675,656588.330878746
184977.823323057,0.267320420785142,691970.418046485
165001.376771254,0.411289628040375,401180.495500013
187046.784119853,0.263269053843787,710477.670614634
190357.476445915,0.273723458897952,695437.202249014
187360.081216404,0.160479534977341,1167501.39662892
188980.4904601,0.236369552305384,799512.833260103
165750.267117984,0.130738236721814,1267802.52873281
197770.252751503,0.215252859720222,918781.069894066
177146.433730768,0.110531396753044,1602679.77185305
197366.028038084,0.171680583360197,1149611.82083123
203189.003053525,0.175782229075256,1155913.22355194
192071.103844134,0.396711685959901,484157.917807211
198587.076296373,0.214768263042981,924657.458614501
171748.815893393,0.224717024930543,764289.292039524
181093.749428614,0.164303755947582,1102188.73807357
211178.168406357,0.221313190411364,954205.070261882
177829.61529354,0.208475780446149,852998.918689621
179309.653056174,0.103512275433259,1732254.96498514
157211.882875671,0.158844647133089,989720.999184508
203228.818213481,0.107560051454824,1889445.15612136
212165.970056791,0.285515390421838,743098.190760658
186942.867623509,0.201456690532122,927955.617307739
198247.91888758,0.220316709119711,899831.518361417
192296.389415346,0.0548520522223577,3505728.2567263
202713.702511113,0.123806188294454,1637347.09309513
219326.387467723,0.117177847934893,1871739.33753747
202165.027306888,0.235016215950275,860217.353468333
169343.352435262,0.219336667936782,772070.415896312
193659.378076724,0.414611549882111,467086.307971372
193851.430903638,0.0910843148279331,2128263.59038701
174451.762757772,0.232890846223634,749070.929950824
200127.038196273,0.27840534764834,718833.312243188
190144.296750825,0.319820970936807,594533.548547058
194930.325484011,0.180094134758982,1082380.1993601
185482.74811446,0.192666955266927,962711.783437309
162930.418196663,0.17552827627813,928228.896514058
174420.180879482,0.177831592796169,980816.614961115
193101.053233674,0.169454420984203,1139545.67908072
184022.476551071,0.363305193863436,506523.109659269
191662.547296558,0.237492939538462,807024.190567648
199709.11466036,0.0669000623910221,2985185.77595768
187970.484307342,0.225928683839395,831990.34807357
175740.912426541,0.211315639031607,831651.236188227
177879.012837087,0.190827487474323,932145.65255449
199730.671115189,0.308946195146287,646490.146999922
177889.859837643,0.19009348951697,935801.958760727
206728.533601873,0.480248841471714,430461.285379383
207492.227721032,0.398711077444349,520407.48165567
207483.252999174,0.167364756707767,1239706.95551787
198422.995787218,0.225831272746901,878633.828582276
183700.361659709,0.246513715039792,745193.271011539
159349.892196389,0.336619935295628,473382.219791718
188234.099961019,0.199920865973772,941543.040263309
204004.375234811,0.145875831873499,1398479.60155401
182062.955347669,0.168861033652468,1078182.16796169
181863.321058752,0.274728599265154,661974.477885453
195682.460470469,0.202245382719563,967549.705408135
215360.857416008,0.305787602255602,704282.501407603
182278.348048421,0.155582512935594,1171586.3473929
191943.667720133,0.163548542707291,1173618.9423813
183422.299755235,0.212978987941143,861222.515555965
202957.64792391,0.193148090901715,1050787.75035466
218937.07374715,0.122218720896929,1791354.64796581
197928.01725029,0.191385169313752,1034186.80747311
170018.493610519,0.147187698490578,1155113.47316435
170473.270470342,0.2796029569034,609697.666857073
168571.495049015,0.180636332895619,933209.240615089
187498.000216422,0.182320204971605,1028399.45932281
214682.832820205,0.208049946468556,1031881.22114058
206286.189956234,0.176551688781317,1168418.10678881
202256.497010852,0.280921597084179,719974.893743202
190766.050256558,0.198502191711459,961027.425499936
173541.472451594,0.0106036318232235,16366229.5470795
191954.24652439,0.347470222567908,552433.659223492
187709.798095693,0.356909145070671,525931.601048005
170311.843494532,0.135991907835618,1252367.4842506
192231.830321993,0.144569138543395,1329687.87293625
195846.702830946,0.179557162492298,1090720.63799932
185604.004650378,0.245402776113117,756323.981293614
180651.646615669,0.153855373419457,1174165.33852969
200255.686779362,0.309971752202923,646044.95524568
163271.386123491,0.136488091842989,1196231.72922157
201019.549379534,0.301887245645458,665876.257705882
211184.718718748,0.275800524968803,765715.434162555
176719.040748697,0.131237323118644,1346560.84526302
185651.101417907,0.130752624220691,1419865.20365783
176046.627188449,0.12437729254135,1415424.1790552
176257.858775051,0.169787453291934,1038108.85526383
163892.471248636,0.0845324248283941,1938811.90065643
187873.560433501,0.183818436897211,1022060.48318514
192597.151511917,0.290111286320138,663873.349964695
172772.488426643,0.427005821079386,404613.894934519
176931.454088559,0.259483367169853,681860.483075754
202066.201495231,0.365702729968594,552542.228800381
219997.948885685,0.180896251697206,1216155.37536914
178324.48483691,0.183416995440661,972235.33952502
194834.886290077,0.110719588167054,1759714.69471247
173365.434456169,0.134167009854084,1292161.42362207
191905.887955379,0.0747444555109725,2567493.2895485
178091.230088609,0.293716916184485,606336.306407183
204033.049307366,0.239334615973693,852501.208307421
182651.256538087,0.0746760864298098,2445913.61532807
187152.672445228,0.435178750803359,430059.308042351
178359.741676833,0.123747033686461,1441325.39070589
217533.366047898,0.08644983686315,2516295.85365503
193471.251949871,0.208587616266582,927529.905239477
205546.706140077,0.197118542577854,1042756.82770379
192567.899767979,0.302526515917225,636532.302578953
203091.695885859,0.205299832479448,989244.333193452
192169.01359976,0.121394690506501,1583010.03773694
175513.401242182,0.216154272888521,811982.103785203
194797.062964398,0.265693779441069,733163.8075012
183760.626055041,0.215411884019457,853066.333324689
198973.385992274,0.0792244200363766,2511515.84197036
178941.506494839,0.254530260820646,703026.453192259
191793.226306229,0.0680701426818432,2817582.2577993
198024.844265577,0.272582992286646,726475.421684916
193340.569461132,0.255733786984696,756022.783460765
190117.952991255,0.152930194164101,1243168.19206578
182682.683638137,0.287939156389853,634448.909028527
162222.284883474,0.136460163319144,1188788.5880957
197659.749139449,0.286366803734233,690232.759390959
203610.728122237,0.0119033199335684,17105373.0605053
150957.644938408,0.328166158733267,460003.693010609
150281.858563824,0.0794675186914664,1891110.494431
169465.57783211,0.0961611866414455,1762307.47301397
203391.653828723,0.315055293148365,645574.469789793
202100.043485865,0.208544215993525,969099.25083772
191908.86972147,0.248131287469383,773416.652445129
173195.329798665,0.0056714960751787,30537855.8854433
176186.75726205,0.0245719340518274,7170243.77854973
167673.508158079,0.226604539715224,739938.87487336
178497.968151921,0.280492312805193,636373.832732774
173100.808701119,0.0604319043762519,2864394.40371406
193213.644631705,0.035419442584817,5455016.52571258
159682.598114321,0.172262416089533,926972.938956846
197284.907324222,0.224882198059504,877281.123301811
170554.496283783,0.118820497293215,1435396.25038686
163835.700952921,0.205919326356851,795630.521192552
195052.537976971,0.131314225057053,1485387.72469033
174461.12142948,0.324092396114837,538306.740672996
189793.216541654,0.197737897703563,959822.162295774
179685.916078863,0.266233410967392,674918.731747275
203792.110473001,0.223852539254868,910385.520536681
192770.909502577,0.210686016484678,914967.745458305
179157.330763178,0.10448337972748,1714696.93295209
188860.491252445,0.189156855602549,998433.234951173
172789.206991139,0.151356237480594,1141606.11988847
193705.214492588,0.189187910704067,1023877.33852396
190297.845394968,0.240985262595941,789665.904649282
177040.662074328,0.152898916023647,1157893.50689018
179646.339042902,0.110188411153703,1630356.01622671
170101.862315624,0.290748888869861,585047.334064832
203080.558521319,0.125911060657599,1612888.95082518
184872.804864833,0.162670948990762,1136483.22587294
179321.501585999,0.160581620464788,1116700.03744495
168033.261748701,0.481319013321138,349109.960542092
169548.788728056,0.205137000858283,826514.904764487
200709.10871272,0.321784950992699,623736.778533417
164256.594819781,0.382475457213843,429456.561778667
184921.114582898,0.131376137053655,1407570.04072494
202469.93669394,0.282288326979676,717245.161570273
181333.348713692,0.113325445566571,1600111.50017646
153079.461007185,-0.0158269412481794,-9672081.20677099
184467.225840133,0.208954442269203,882810.740163534
199565.088238504,0.330857502436028,603175.34518381
178562.617178017,0.216117735826494,826228.428199766
194145.594985729,0.166858052885717,1163537.45970355
172617.695463688,0.105814898979135,1631317.49053341
171002.356700876,0.215035692792127,795227.78046983
181500.113074667,0.166794416364794,1088166.60071947
185744.209255116,0.24522221506707,757452.619879129
220250.835306208,0.366046947952012,601701.056486016
176116.397762991,0.29963908755207,587761.760996508
168125.657550402,0.198411743026986,847357.394201891
175068.481694318,0.277812209957852,630168.421038365
185446.161877222,0.227605460921692,814770.265732003
200756.21498976,0.217018770952725,925063.827928011
189225.123631118,0.159029633700743,1189873.35396367
189461.99864045,0.164464717630843,1151991.75464318
204824.019515002,0.355806979443563,575660.488266196
200697.56661216,0.31503730667951,637059.682637304
174126.622328578,0.243706372809477,714493.512505336
171732.456079336,0.262030756375547,655390.452841369
164074.908769979,0.333001653558789,492714.997107404
183548.393503072,0.250498669697871,732732.009014067
200643.827142142,0.221551042878873,905632.510391019
180465.460688793,0.19203339497368,939760.819796619
196885.669620658,0.18277664439944,1077192.71391362
177269.029536529,0.186589687368696,950047.30452359
176985.962073795,0.206550300740145,856866.155312239
162210.987204691,0.0719085667245591,2255795.02684332
181197.355758462,0.171946648323191,1053799.87063129
176666.825485859,0.309283210715561,571213.759315031
190431.986510093,0.0866186679848191,2198509.75477329
175534.622339631,0.240895091680123,728676.624813586
199594.747264264,0.272326033534543,732925.6945203
185687.354227453,0.245540358336312,756239.648282668
192554.888972485,0.190553900661005,1010500.90449232
178844.851825626,0.199600398783268,896014.501553284
210437.564313144,0.261129357232367,805874.78383706
188798.908693271,0.239071036921384,789718.86818459
198166.202100103,0.316970425028996,625188.302921244
173263.518314299,0.183299001373939,945250.748861598
184573.024481671,0.203271089922499,908014.142847582
186773.01784387,0.301065951847729,620372.435665972
195267.972127291,0.145922889502387,1338158.61783697
193286.021475172,0.337987052880176,571874.0402275
192961.135317004,0.123292305802345,1565070.37532698
163973.896918036,0.427507791746634,383557.680312916
179698.431492827,0.195126806243107,920931.546785747
163428.518041264,0.230617179478773,708657.171207431
161694.941256418,0.29900943397609,540768.694506635
186172.433118762,0.380165049734061,489714.752181969
182641.315006039,0.107458872214,1699639.23167104
191718.941703078,0.159308102104598,1203447.52821924
182478.121336101,0.310961474517227,586819.063742225
169974.478177707,0.1352588223359,1256660.93525193
206262.319706854,0.175066731408099,1178192.55576341
171894.496488191,0.189645998116935,906396.64530227
178947.711243402,0.385590846497789,464087.03128908
167073.883675287,0.195658863484602,853903.987275462
180170.906864843,0.167994608040583,1072480.29544686
200047.853520278,0.216218693611457,925210.721510333
196676.919173196,0.0661798859478346,2971853.40162453
203199.469138312,0.12376805019592,1641776.44243934
203091.178469444,0.286459413402951,708970.168083685
179254.581568056,0.140193665242764,1278621.12212883
180310.587387314,0.152867158009366,1179524.69147275
181119.738662062,0.233149892163362,776838.183288354
172035.412326569,0.261146715723249,658769.197422665
173960.433495196,0.154189451983143,1128225.25313998
159016.275661202,0.170116679805954,934748.290659013
